status,catalog,key,language_code,language_name_en,language_name_native,english_source,dutch_source,current_translation,key_history,english_changed,dutch_changed,source_change_history,source_warning,comment,recommended_action
missing_translation,InfoPlist,CFBundleDisplayName,af,Afrikaans,Afrikaans,Rabbit Hole,Konijnenspel,,existing_since_baseline,yes,yes,2026-08-22 d3267b5 en: King Crab -> Rabbit Hole | 2026-08-22 d3267b5 nl: Koningkrab -> Konijnenspel,,"The app's name under its icon on the home screen. Follows the device language, not the in-app language switch, so it can differ from the language the game is being played in.",Add and review the translation for this language.
missing_translation,InfoPlist,CFBundleDisplayName,am,Amharic,አማርኛ,Rabbit Hole,Konijnenspel,,existing_since_baseline,yes,yes,2026-08-22 d3267b5 en: King Crab -> Rabbit Hole | 2026-08-22 d3267b5 nl: Koningkrab -> Konijnenspel,,"The app's name under its icon on the home screen. Follows the device language, not the in-app language switch, so it can differ from the language the game is being played in.",Add and review the translation for this language.
missing_translation,InfoPlist,CFBundleDisplayName,ar,Arabic,العربية,Rabbit Hole,Konijnenspel,,existing_since_baseline,yes,yes,2026-08-22 d3267b5 en: King Crab -> Rabbit Hole | 2026-08-22 d3267b5 nl: Koningkrab -> Konijnenspel,,"The app's name under its icon on the home screen. Follows the device language, not the in-app language switch, so it can differ from the language the game is being played in.",Add and review the translation for this language.
missing_translation,InfoPlist,CFBundleDisplayName,as,Assamese,অসমীয়া,Rabbit Hole,Konijnenspel,,existing_since_baseline,yes,yes,2026-08-22 d3267b5 en: King Crab -> Rabbit Hole | 2026-08-22 d3267b5 nl: Koningkrab -> Konijnenspel,,"The app's name under its icon on the home screen. Follows the device language, not the in-app language switch, so it can differ from the language the game is being played in.",Add and review the translation for this language.
missing_translation,InfoPlist,CFBundleDisplayName,az,Azerbaijani,azərbaycan,Rabbit Hole,Konijnenspel,,existing_since_baseline,yes,yes,2026-08-22 d3267b5 en: King Crab -> Rabbit Hole | 2026-08-22 d3267b5 nl: Koningkrab -> Konijnenspel,,"The app's name under its icon on the home screen. Follows the device language, not the in-app language switch, so it can differ from the language the game is being played in.",Add and review the translation for this language.
missing_translation,InfoPlist,CFBundleDisplayName,be,Belarusian,беларуская,Rabbit Hole,Konijnenspel,,existing_since_baseline,yes,yes,2026-08-22 d3267b5 en: King Crab -> Rabbit Hole | 2026-08-22 d3267b5 nl: Koningkrab -> Konijnenspel,,"The app's name under its icon on the home screen. Follows the device language, not the in-app language switch, so it can differ from the language the game is being played in.",Add and review the translation for this language.
missing_translation,InfoPlist,CFBundleDisplayName,bg,Bulgarian,български,Rabbit Hole,Konijnenspel,,existing_since_baseline,yes,yes,2026-08-22 d3267b5 en: King Crab -> Rabbit Hole | 2026-08-22 d3267b5 nl: Koningkrab -> Konijnenspel,,"The app's name under its icon on the home screen. Follows the device language, not the in-app language switch, so it can differ from the language the game is being played in.",Add and review the translation for this language.
missing_translation,InfoPlist,CFBundleDisplayName,bn,Bangla,বাংলা,Rabbit Hole,Konijnenspel,,existing_since_baseline,yes,yes,2026-08-22 d3267b5 en: King Crab -> Rabbit Hole | 2026-08-22 d3267b5 nl: Koningkrab -> Konijnenspel,,"The app's name under its icon on the home screen. Follows the device language, not the in-app language switch, so it can differ from the language the game is being played in.",Add and review the translation for this language.
missing_translation,InfoPlist,CFBundleDisplayName,bo,Tibetan,བོད་སྐད་,Rabbit Hole,Konijnenspel,,existing_since_baseline,yes,yes,2026-08-22 d3267b5 en: King Crab -> Rabbit Hole | 2026-08-22 d3267b5 nl: Koningkrab -> Konijnenspel,,"The app's name under its icon on the home screen. Follows the device language, not the in-app language switch, so it can differ from the language the game is being played in.",Add and review the translation for this language.
missing_translation,InfoPlist,CFBundleDisplayName,bs,Bosnian,bosanski,Rabbit Hole,Konijnenspel,,existing_since_baseline,yes,yes,2026-08-22 d3267b5 en: King Crab -> Rabbit Hole | 2026-08-22 d3267b5 nl: Koningkrab -> Konijnenspel,,"The app's name under its icon on the home screen. Follows the device language, not the in-app language switch, so it can differ from the language the game is being played in.",Add and review the translation for this language.
missing_translation,InfoPlist,CFBundleDisplayName,ca,Catalan,català,Rabbit Hole,Konijnenspel,,existing_since_baseline,yes,yes,2026-08-22 d3267b5 en: King Crab -> Rabbit Hole | 2026-08-22 d3267b5 nl: Koningkrab -> Konijnenspel,,"The app's name under its icon on the home screen. Follows the device language, not the in-app language switch, so it can differ from the language the game is being played in.",Add and review the translation for this language.
missing_translation,InfoPlist,CFBundleDisplayName,cs,Czech,čeština,Rabbit Hole,Konijnenspel,,existing_since_baseline,yes,yes,2026-08-22 d3267b5 en: King Crab -> Rabbit Hole | 2026-08-22 d3267b5 nl: Koningkrab -> Konijnenspel,,"The app's name under its icon on the home screen. Follows the device language, not the in-app language switch, so it can differ from the language the game is being played in.",Add and review the translation for this language.
missing_translation,InfoPlist,CFBundleDisplayName,cy,Welsh,Cymraeg,Rabbit Hole,Konijnenspel,,existing_since_baseline,yes,yes,2026-08-22 d3267b5 en: King Crab -> Rabbit Hole | 2026-08-22 d3267b5 nl: Koningkrab -> Konijnenspel,,"The app's name under its icon on the home screen. Follows the device language, not the in-app language switch, so it can differ from the language the game is being played in.",Add and review the translation for this language.
missing_translation,InfoPlist,CFBundleDisplayName,da,Danish,dansk,Rabbit Hole,Konijnenspel,,existing_since_baseline,yes,yes,2026-08-22 d3267b5 en: King Crab -> Rabbit Hole | 2026-08-22 d3267b5 nl: Koningkrab -> Konijnenspel,,"The app's name under its icon on the home screen. Follows the device language, not the in-app language switch, so it can differ from the language the game is being played in.",Add and review the translation for this language.
missing_translation,InfoPlist,CFBundleDisplayName,de,German,Deutsch,Rabbit Hole,Konijnenspel,,existing_since_baseline,yes,yes,2026-08-22 d3267b5 en: King Crab -> Rabbit Hole | 2026-08-22 d3267b5 nl: Koningkrab -> Konijnenspel,,"The app's name under its icon on the home screen. Follows the device language, not the in-app language switch, so it can differ from the language the game is being played in.",Add and review the translation for this language.
missing_translation,InfoPlist,CFBundleDisplayName,el,Greek,Ελληνικά,Rabbit Hole,Konijnenspel,,existing_since_baseline,yes,yes,2026-08-22 d3267b5 en: King Crab -> Rabbit Hole | 2026-08-22 d3267b5 nl: Koningkrab -> Konijnenspel,,"The app's name under its icon on the home screen. Follows the device language, not the in-app language switch, so it can differ from the language the game is being played in.",Add and review the translation for this language.
missing_translation,InfoPlist,CFBundleDisplayName,es,Spanish,español,Rabbit Hole,Konijnenspel,,existing_since_baseline,yes,yes,2026-08-22 d3267b5 en: King Crab -> Rabbit Hole | 2026-08-22 d3267b5 nl: Koningkrab -> Konijnenspel,,"The app's name under its icon on the home screen. Follows the device language, not the in-app language switch, so it can differ from the language the game is being played in.",Add and review the translation for this language.
missing_translation,InfoPlist,CFBundleDisplayName,et,Estonian,eesti,Rabbit Hole,Konijnenspel,,existing_since_baseline,yes,yes,2026-08-22 d3267b5 en: King Crab -> Rabbit Hole | 2026-08-22 d3267b5 nl: Koningkrab -> Konijnenspel,,"The app's name under its icon on the home screen. Follows the device language, not the in-app language switch, so it can differ from the language the game is being played in.",Add and review the translation for this language.
missing_translation,InfoPlist,CFBundleDisplayName,eu,Basque,euskara,Rabbit Hole,Konijnenspel,,existing_since_baseline,yes,yes,2026-08-22 d3267b5 en: King Crab -> Rabbit Hole | 2026-08-22 d3267b5 nl: Koningkrab -> Konijnenspel,,"The app's name under its icon on the home screen. Follows the device language, not the in-app language switch, so it can differ from the language the game is being played in.",Add and review the translation for this language.
missing_translation,InfoPlist,CFBundleDisplayName,fa,Persian,فارسی,Rabbit Hole,Konijnenspel,,existing_since_baseline,yes,yes,2026-08-22 d3267b5 en: King Crab -> Rabbit Hole | 2026-08-22 d3267b5 nl: Koningkrab -> Konijnenspel,,"The app's name under its icon on the home screen. Follows the device language, not the in-app language switch, so it can differ from the language the game is being played in.",Add and review the translation for this language.
missing_translation,InfoPlist,CFBundleDisplayName,fi,Finnish,suomi,Rabbit Hole,Konijnenspel,,existing_since_baseline,yes,yes,2026-08-22 d3267b5 en: King Crab -> Rabbit Hole | 2026-08-22 d3267b5 nl: Koningkrab -> Konijnenspel,,"The app's name under its icon on the home screen. Follows the device language, not the in-app language switch, so it can differ from the language the game is being played in.",Add and review the translation for this language.
missing_translation,InfoPlist,CFBundleDisplayName,fo,Faroese,føroyskt,Rabbit Hole,Konijnenspel,,existing_since_baseline,yes,yes,2026-08-22 d3267b5 en: King Crab -> Rabbit Hole | 2026-08-22 d3267b5 nl: Koningkrab -> Konijnenspel,,"The app's name under its icon on the home screen. Follows the device language, not the in-app language switch, so it can differ from the language the game is being played in.",Add and review the translation for this language.
missing_translation,InfoPlist,CFBundleDisplayName,fr,French,français,Rabbit Hole,Konijnenspel,,existing_since_baseline,yes,yes,2026-08-22 d3267b5 en: King Crab -> Rabbit Hole | 2026-08-22 d3267b5 nl: Koningkrab -> Konijnenspel,,"The app's name under its icon on the home screen. Follows the device language, not the in-app language switch, so it can differ from the language the game is being played in.",Add and review the translation for this language.
missing_translation,InfoPlist,CFBundleDisplayName,ga,Irish,Gaeilge,Rabbit Hole,Konijnenspel,,existing_since_baseline,yes,yes,2026-08-22 d3267b5 en: King Crab -> Rabbit Hole | 2026-08-22 d3267b5 nl: Koningkrab -> Konijnenspel,,"The app's name under its icon on the home screen. Follows the device language, not the in-app language switch, so it can differ from the language the game is being played in.",Add and review the translation for this language.
missing_translation,InfoPlist,CFBundleDisplayName,gl,Galician,galego,Rabbit Hole,Konijnenspel,,existing_since_baseline,yes,yes,2026-08-22 d3267b5 en: King Crab -> Rabbit Hole | 2026-08-22 d3267b5 nl: Koningkrab -> Konijnenspel,,"The app's name under its icon on the home screen. Follows the device language, not the in-app language switch, so it can differ from the language the game is being played in.",Add and review the translation for this language.
missing_translation,InfoPlist,CFBundleDisplayName,gu,Gujarati,ગુજરાતી,Rabbit Hole,Konijnenspel,,existing_since_baseline,yes,yes,2026-08-22 d3267b5 en: King Crab -> Rabbit Hole | 2026-08-22 d3267b5 nl: Koningkrab -> Konijnenspel,,"The app's name under its icon on the home screen. Follows the device language, not the in-app language switch, so it can differ from the language the game is being played in.",Add and review the translation for this language.
missing_translation,InfoPlist,CFBundleDisplayName,he,Hebrew,עברית,Rabbit Hole,Konijnenspel,,existing_since_baseline,yes,yes,2026-08-22 d3267b5 en: King Crab -> Rabbit Hole | 2026-08-22 d3267b5 nl: Koningkrab -> Konijnenspel,,"The app's name under its icon on the home screen. Follows the device language, not the in-app language switch, so it can differ from the language the game is being played in.",Add and review the translation for this language.
missing_translation,InfoPlist,CFBundleDisplayName,hi,Hindi,हिन्दी,Rabbit Hole,Konijnenspel,,existing_since_baseline,yes,yes,2026-08-22 d3267b5 en: King Crab -> Rabbit Hole | 2026-08-22 d3267b5 nl: Koningkrab -> Konijnenspel,,"The app's name under its icon on the home screen. Follows the device language, not the in-app language switch, so it can differ from the language the game is being played in.",Add and review the translation for this language.
missing_translation,InfoPlist,CFBundleDisplayName,hr,Croatian,hrvatski,Rabbit Hole,Konijnenspel,,existing_since_baseline,yes,yes,2026-08-22 d3267b5 en: King Crab -> Rabbit Hole | 2026-08-22 d3267b5 nl: Koningkrab -> Konijnenspel,,"The app's name under its icon on the home screen. Follows the device language, not the in-app language switch, so it can differ from the language the game is being played in.",Add and review the translation for this language.
missing_translation,InfoPlist,CFBundleDisplayName,hu,Hungarian,magyar,Rabbit Hole,Konijnenspel,,existing_since_baseline,yes,yes,2026-08-22 d3267b5 en: King Crab -> Rabbit Hole | 2026-08-22 d3267b5 nl: Koningkrab -> Konijnenspel,,"The app's name under its icon on the home screen. Follows the device language, not the in-app language switch, so it can differ from the language the game is being played in.",Add and review the translation for this language.
missing_translation,InfoPlist,CFBundleDisplayName,hy,Armenian,հայերեն,Rabbit Hole,Konijnenspel,,existing_since_baseline,yes,yes,2026-08-22 d3267b5 en: King Crab -> Rabbit Hole | 2026-08-22 d3267b5 nl: Koningkrab -> Konijnenspel,,"The app's name under its icon on the home screen. Follows the device language, not the in-app language switch, so it can differ from the language the game is being played in.",Add and review the translation for this language.
missing_translation,InfoPlist,CFBundleDisplayName,id,Indonesian,Indonesia,Rabbit Hole,Konijnenspel,,existing_since_baseline,yes,yes,2026-08-22 d3267b5 en: King Crab -> Rabbit Hole | 2026-08-22 d3267b5 nl: Koningkrab -> Konijnenspel,,"The app's name under its icon on the home screen. Follows the device language, not the in-app language switch, so it can differ from the language the game is being played in.",Add and review the translation for this language.
missing_translation,InfoPlist,CFBundleDisplayName,is,Icelandic,íslenska,Rabbit Hole,Konijnenspel,,existing_since_baseline,yes,yes,2026-08-22 d3267b5 en: King Crab -> Rabbit Hole | 2026-08-22 d3267b5 nl: Koningkrab -> Konijnenspel,,"The app's name under its icon on the home screen. Follows the device language, not the in-app language switch, so it can differ from the language the game is being played in.",Add and review the translation for this language.
missing_translation,InfoPlist,CFBundleDisplayName,it,Italian,italiano,Rabbit Hole,Konijnenspel,,existing_since_baseline,yes,yes,2026-08-22 d3267b5 en: King Crab -> Rabbit Hole | 2026-08-22 d3267b5 nl: Koningkrab -> Konijnenspel,,"The app's name under its icon on the home screen. Follows the device language, not the in-app language switch, so it can differ from the language the game is being played in.",Add and review the translation for this language.
missing_translation,InfoPlist,CFBundleDisplayName,ja,Japanese,日本語,Rabbit Hole,Konijnenspel,,existing_since_baseline,yes,yes,2026-08-22 d3267b5 en: King Crab -> Rabbit Hole | 2026-08-22 d3267b5 nl: Koningkrab -> Konijnenspel,,"The app's name under its icon on the home screen. Follows the device language, not the in-app language switch, so it can differ from the language the game is being played in.",Add and review the translation for this language.
missing_translation,InfoPlist,CFBundleDisplayName,ka,Georgian,ქართული,Rabbit Hole,Konijnenspel,,existing_since_baseline,yes,yes,2026-08-22 d3267b5 en: King Crab -> Rabbit Hole | 2026-08-22 d3267b5 nl: Koningkrab -> Konijnenspel,,"The app's name under its icon on the home screen. Follows the device language, not the in-app language switch, so it can differ from the language the game is being played in.",Add and review the translation for this language.
missing_translation,InfoPlist,CFBundleDisplayName,kk,Kazakh,қазақ тілі,Rabbit Hole,Konijnenspel,,existing_since_baseline,yes,yes,2026-08-22 d3267b5 en: King Crab -> Rabbit Hole | 2026-08-22 d3267b5 nl: Koningkrab -> Konijnenspel,,"The app's name under its icon on the home screen. Follows the device language, not the in-app language switch, so it can differ from the language the game is being played in.",Add and review the translation for this language.
missing_translation,InfoPlist,CFBundleDisplayName,km,Khmer,ខ្មែរ,Rabbit Hole,Konijnenspel,,existing_since_baseline,yes,yes,2026-08-22 d3267b5 en: King Crab -> Rabbit Hole | 2026-08-22 d3267b5 nl: Koningkrab -> Konijnenspel,,"The app's name under its icon on the home screen. Follows the device language, not the in-app language switch, so it can differ from the language the game is being played in.",Add and review the translation for this language.
missing_translation,InfoPlist,CFBundleDisplayName,kn,Kannada,ಕನ್ನಡ,Rabbit Hole,Konijnenspel,,existing_since_baseline,yes,yes,2026-08-22 d3267b5 en: King Crab -> Rabbit Hole | 2026-08-22 d3267b5 nl: Koningkrab -> Konijnenspel,,"The app's name under its icon on the home screen. Follows the device language, not the in-app language switch, so it can differ from the language the game is being played in.",Add and review the translation for this language.
missing_translation,InfoPlist,CFBundleDisplayName,ko,Korean,한국어,Rabbit Hole,Konijnenspel,,existing_since_baseline,yes,yes,2026-08-22 d3267b5 en: King Crab -> Rabbit Hole | 2026-08-22 d3267b5 nl: Koningkrab -> Konijnenspel,,"The app's name under its icon on the home screen. Follows the device language, not the in-app language switch, so it can differ from the language the game is being played in.",Add and review the translation for this language.
missing_translation,InfoPlist,CFBundleDisplayName,lo,Lao,ລາວ,Rabbit Hole,Konijnenspel,,existing_since_baseline,yes,yes,2026-08-22 d3267b5 en: King Crab -> Rabbit Hole | 2026-08-22 d3267b5 nl: Koningkrab -> Konijnenspel,,"The app's name under its icon on the home screen. Follows the device language, not the in-app language switch, so it can differ from the language the game is being played in.",Add and review the translation for this language.
missing_translation,InfoPlist,CFBundleDisplayName,lt,Lithuanian,lietuvių,Rabbit Hole,Konijnenspel,,existing_since_baseline,yes,yes,2026-08-22 d3267b5 en: King Crab -> Rabbit Hole | 2026-08-22 d3267b5 nl: Koningkrab -> Konijnenspel,,"The app's name under its icon on the home screen. Follows the device language, not the in-app language switch, so it can differ from the language the game is being played in.",Add and review the translation for this language.
missing_translation,InfoPlist,CFBundleDisplayName,lv,Latvian,latviešu,Rabbit Hole,Konijnenspel,,existing_since_baseline,yes,yes,2026-08-22 d3267b5 en: King Crab -> Rabbit Hole | 2026-08-22 d3267b5 nl: Koningkrab -> Konijnenspel,,"The app's name under its icon on the home screen. Follows the device language, not the in-app language switch, so it can differ from the language the game is being played in.",Add and review the translation for this language.
missing_translation,InfoPlist,CFBundleDisplayName,mk,Macedonian,македонски,Rabbit Hole,Konijnenspel,,existing_since_baseline,yes,yes,2026-08-22 d3267b5 en: King Crab -> Rabbit Hole | 2026-08-22 d3267b5 nl: Koningkrab -> Konijnenspel,,"The app's name under its icon on the home screen. Follows the device language, not the in-app language switch, so it can differ from the language the game is being played in.",Add and review the translation for this language.
missing_translation,InfoPlist,CFBundleDisplayName,ml,Malayalam,മലയാളം,Rabbit Hole,Konijnenspel,,existing_since_baseline,yes,yes,2026-08-22 d3267b5 en: King Crab -> Rabbit Hole | 2026-08-22 d3267b5 nl: Koningkrab -> Konijnenspel,,"The app's name under its icon on the home screen. Follows the device language, not the in-app language switch, so it can differ from the language the game is being played in.",Add and review the translation for this language.
missing_translation,InfoPlist,CFBundleDisplayName,mn,Mongolian,монгол,Rabbit Hole,Konijnenspel,,existing_since_baseline,yes,yes,2026-08-22 d3267b5 en: King Crab -> Rabbit Hole | 2026-08-22 d3267b5 nl: Koningkrab -> Konijnenspel,,"The app's name under its icon on the home screen. Follows the device language, not the in-app language switch, so it can differ from the language the game is being played in.",Add and review the translation for this language.
missing_translation,InfoPlist,CFBundleDisplayName,mr,Marathi,मराठी,Rabbit Hole,Konijnenspel,,existing_since_baseline,yes,yes,2026-08-22 d3267b5 en: King Crab -> Rabbit Hole | 2026-08-22 d3267b5 nl: Koningkrab -> Konijnenspel,,"The app's name under its icon on the home screen. Follows the device language, not the in-app language switch, so it can differ from the language the game is being played in.",Add and review the translation for this language.
missing_translation,InfoPlist,CFBundleDisplayName,ms,Malay,Melayu,Rabbit Hole,Konijnenspel,,existing_since_baseline,yes,yes,2026-08-22 d3267b5 en: King Crab -> Rabbit Hole | 2026-08-22 d3267b5 nl: Koningkrab -> Konijnenspel,,"The app's name under its icon on the home screen. Follows the device language, not the in-app language switch, so it can differ from the language the game is being played in.",Add and review the translation for this language.
missing_translation,InfoPlist,CFBundleDisplayName,my,Burmese,မြန်မာ,Rabbit Hole,Konijnenspel,,existing_since_baseline,yes,yes,2026-08-22 d3267b5 en: King Crab -> Rabbit Hole | 2026-08-22 d3267b5 nl: Koningkrab -> Konijnenspel,,"The app's name under its icon on the home screen. Follows the device language, not the in-app language switch, so it can differ from the language the game is being played in.",Add and review the translation for this language.
missing_translation,InfoPlist,CFBundleDisplayName,nb,Norwegian Bokmål,norsk bokmål,Rabbit Hole,Konijnenspel,,existing_since_baseline,yes,yes,2026-08-22 d3267b5 en: King Crab -> Rabbit Hole | 2026-08-22 d3267b5 nl: Koningkrab -> Konijnenspel,,"The app's name under its icon on the home screen. Follows the device language, not the in-app language switch, so it can differ from the language the game is being played in.",Add and review the translation for this language.
missing_translation,InfoPlist,CFBundleDisplayName,ne,Nepali,नेपाली,Rabbit Hole,Konijnenspel,,existing_since_baseline,yes,yes,2026-08-22 d3267b5 en: King Crab -> Rabbit Hole | 2026-08-22 d3267b5 nl: Koningkrab -> Konijnenspel,,"The app's name under its icon on the home screen. Follows the device language, not the in-app language switch, so it can differ from the language the game is being played in.",Add and review the translation for this language.
missing_translation,InfoPlist,CFBundleDisplayName,or,Odia,ଓଡ଼ିଆ,Rabbit Hole,Konijnenspel,,existing_since_baseline,yes,yes,2026-08-22 d3267b5 en: King Crab -> Rabbit Hole | 2026-08-22 d3267b5 nl: Koningkrab -> Konijnenspel,,"The app's name under its icon on the home screen. Follows the device language, not the in-app language switch, so it can differ from the language the game is being played in.",Add and review the translation for this language.
missing_translation,InfoPlist,CFBundleDisplayName,pa,Punjabi,ਪੰਜਾਬੀ,Rabbit Hole,Konijnenspel,,existing_since_baseline,yes,yes,2026-08-22 d3267b5 en: King Crab -> Rabbit Hole | 2026-08-22 d3267b5 nl: Koningkrab -> Konijnenspel,,"The app's name under its icon on the home screen. Follows the device language, not the in-app language switch, so it can differ from the language the game is being played in.",Add and review the translation for this language.
missing_translation,InfoPlist,CFBundleDisplayName,pl,Polish,polski,Rabbit Hole,Konijnenspel,,existing_since_baseline,yes,yes,2026-08-22 d3267b5 en: King Crab -> Rabbit Hole | 2026-08-22 d3267b5 nl: Koningkrab -> Konijnenspel,,"The app's name under its icon on the home screen. Follows the device language, not the in-app language switch, so it can differ from the language the game is being played in.",Add and review the translation for this language.
missing_translation,InfoPlist,CFBundleDisplayName,pt,Portuguese,português,Rabbit Hole,Konijnenspel,,existing_since_baseline,yes,yes,2026-08-22 d3267b5 en: King Crab -> Rabbit Hole | 2026-08-22 d3267b5 nl: Koningkrab -> Konijnenspel,,"The app's name under its icon on the home screen. Follows the device language, not the in-app language switch, so it can differ from the language the game is being played in.",Add and review the translation for this language.
missing_translation,InfoPlist,CFBundleDisplayName,ro,Romanian,română,Rabbit Hole,Konijnenspel,,existing_since_baseline,yes,yes,2026-08-22 d3267b5 en: King Crab -> Rabbit Hole | 2026-08-22 d3267b5 nl: Koningkrab -> Konijnenspel,,"The app's name under its icon on the home screen. Follows the device language, not the in-app language switch, so it can differ from the language the game is being played in.",Add and review the translation for this language.
missing_translation,InfoPlist,CFBundleDisplayName,ru,Russian,русский,Rabbit Hole,Konijnenspel,,existing_since_baseline,yes,yes,2026-08-22 d3267b5 en: King Crab -> Rabbit Hole | 2026-08-22 d3267b5 nl: Koningkrab -> Konijnenspel,,"The app's name under its icon on the home screen. Follows the device language, not the in-app language switch, so it can differ from the language the game is being played in.",Add and review the translation for this language.
missing_translation,InfoPlist,CFBundleDisplayName,si,Sinhala,සිංහල,Rabbit Hole,Konijnenspel,,existing_since_baseline,yes,yes,2026-08-22 d3267b5 en: King Crab -> Rabbit Hole | 2026-08-22 d3267b5 nl: Koningkrab -> Konijnenspel,,"The app's name under its icon on the home screen. Follows the device language, not the in-app language switch, so it can differ from the language the game is being played in.",Add and review the translation for this language.
missing_translation,InfoPlist,CFBundleDisplayName,sk,Slovak,slovenčina,Rabbit Hole,Konijnenspel,,existing_since_baseline,yes,yes,2026-08-22 d3267b5 en: King Crab -> Rabbit Hole | 2026-08-22 d3267b5 nl: Koningkrab -> Konijnenspel,,"The app's name under its icon on the home screen. Follows the device language, not the in-app language switch, so it can differ from the language the game is being played in.",Add and review the translation for this language.
missing_translation,InfoPlist,CFBundleDisplayName,sl,Slovenian,slovenščina,Rabbit Hole,Konijnenspel,,existing_since_baseline,yes,yes,2026-08-22 d3267b5 en: King Crab -> Rabbit Hole | 2026-08-22 d3267b5 nl: Koningkrab -> Konijnenspel,,"The app's name under its icon on the home screen. Follows the device language, not the in-app language switch, so it can differ from the language the game is being played in.",Add and review the translation for this language.
missing_translation,InfoPlist,CFBundleDisplayName,sq,Albanian,shqip,Rabbit Hole,Konijnenspel,,existing_since_baseline,yes,yes,2026-08-22 d3267b5 en: King Crab -> Rabbit Hole | 2026-08-22 d3267b5 nl: Koningkrab -> Konijnenspel,,"The app's name under its icon on the home screen. Follows the device language, not the in-app language switch, so it can differ from the language the game is being played in.",Add and review the translation for this language.
missing_translation,InfoPlist,CFBundleDisplayName,sr,Serbian,српски,Rabbit Hole,Konijnenspel,,existing_since_baseline,yes,yes,2026-08-22 d3267b5 en: King Crab -> Rabbit Hole | 2026-08-22 d3267b5 nl: Koningkrab -> Konijnenspel,,"The app's name under its icon on the home screen. Follows the device language, not the in-app language switch, so it can differ from the language the game is being played in.",Add and review the translation for this language.
missing_translation,InfoPlist,CFBundleDisplayName,sv,Swedish,svenska,Rabbit Hole,Konijnenspel,,existing_since_baseline,yes,yes,2026-08-22 d3267b5 en: King Crab -> Rabbit Hole | 2026-08-22 d3267b5 nl: Koningkrab -> Konijnenspel,,"The app's name under its icon on the home screen. Follows the device language, not the in-app language switch, so it can differ from the language the game is being played in.",Add and review the translation for this language.
missing_translation,InfoPlist,CFBundleDisplayName,sw,Swahili,Kiswahili,Rabbit Hole,Konijnenspel,,existing_since_baseline,yes,yes,2026-08-22 d3267b5 en: King Crab -> Rabbit Hole | 2026-08-22 d3267b5 nl: Koningkrab -> Konijnenspel,,"The app's name under its icon on the home screen. Follows the device language, not the in-app language switch, so it can differ from the language the game is being played in.",Add and review the translation for this language.
missing_translation,InfoPlist,CFBundleDisplayName,ta,Tamil,தமிழ்,Rabbit Hole,Konijnenspel,,existing_since_baseline,yes,yes,2026-08-22 d3267b5 en: King Crab -> Rabbit Hole | 2026-08-22 d3267b5 nl: Koningkrab -> Konijnenspel,,"The app's name under its icon on the home screen. Follows the device language, not the in-app language switch, so it can differ from the language the game is being played in.",Add and review the translation for this language.
missing_translation,InfoPlist,CFBundleDisplayName,te,Telugu,తెలుగు,Rabbit Hole,Konijnenspel,,existing_since_baseline,yes,yes,2026-08-22 d3267b5 en: King Crab -> Rabbit Hole | 2026-08-22 d3267b5 nl: Koningkrab -> Konijnenspel,,"The app's name under its icon on the home screen. Follows the device language, not the in-app language switch, so it can differ from the language the game is being played in.",Add and review the translation for this language.
missing_translation,InfoPlist,CFBundleDisplayName,th,Thai,ไทย,Rabbit Hole,Konijnenspel,,existing_since_baseline,yes,yes,2026-08-22 d3267b5 en: King Crab -> Rabbit Hole | 2026-08-22 d3267b5 nl: Koningkrab -> Konijnenspel,,"The app's name under its icon on the home screen. Follows the device language, not the in-app language switch, so it can differ from the language the game is being played in.",Add and review the translation for this language.
missing_translation,InfoPlist,CFBundleDisplayName,tr,Turkish,Türkçe,Rabbit Hole,Konijnenspel,,existing_since_baseline,yes,yes,2026-08-22 d3267b5 en: King Crab -> Rabbit Hole | 2026-08-22 d3267b5 nl: Koningkrab -> Konijnenspel,,"The app's name under its icon on the home screen. Follows the device language, not the in-app language switch, so it can differ from the language the game is being played in.",Add and review the translation for this language.
missing_translation,InfoPlist,CFBundleDisplayName,ug,Uyghur,ئۇيغۇرچە,Rabbit Hole,Konijnenspel,,existing_since_baseline,yes,yes,2026-08-22 d3267b5 en: King Crab -> Rabbit Hole | 2026-08-22 d3267b5 nl: Koningkrab -> Konijnenspel,,"The app's name under its icon on the home screen. Follows the device language, not the in-app language switch, so it can differ from the language the game is being played in.",Add and review the translation for this language.
missing_translation,InfoPlist,CFBundleDisplayName,uk,Ukrainian,українська,Rabbit Hole,Konijnenspel,,existing_since_baseline,yes,yes,2026-08-22 d3267b5 en: King Crab -> Rabbit Hole | 2026-08-22 d3267b5 nl: Koningkrab -> Konijnenspel,,"The app's name under its icon on the home screen. Follows the device language, not the in-app language switch, so it can differ from the language the game is being played in.",Add and review the translation for this language.
missing_translation,InfoPlist,CFBundleDisplayName,ur,Urdu,اردو,Rabbit Hole,Konijnenspel,,existing_since_baseline,yes,yes,2026-08-22 d3267b5 en: King Crab -> Rabbit Hole | 2026-08-22 d3267b5 nl: Koningkrab -> Konijnenspel,,"The app's name under its icon on the home screen. Follows the device language, not the in-app language switch, so it can differ from the language the game is being played in.",Add and review the translation for this language.
missing_translation,InfoPlist,CFBundleDisplayName,uz,Uzbek,o‘zbek,Rabbit Hole,Konijnenspel,,existing_since_baseline,yes,yes,2026-08-22 d3267b5 en: King Crab -> Rabbit Hole | 2026-08-22 d3267b5 nl: Koningkrab -> Konijnenspel,,"The app's name under its icon on the home screen. Follows the device language, not the in-app language switch, so it can differ from the language the game is being played in.",Add and review the translation for this language.
missing_translation,InfoPlist,CFBundleDisplayName,vi,Vietnamese,Tiếng Việt,Rabbit Hole,Konijnenspel,,existing_since_baseline,yes,yes,2026-08-22 d3267b5 en: King Crab -> Rabbit Hole | 2026-08-22 d3267b5 nl: Koningkrab -> Konijnenspel,,"The app's name under its icon on the home screen. Follows the device language, not the in-app language switch, so it can differ from the language the game is being played in.",Add and review the translation for this language.
missing_translation,InfoPlist,CFBundleDisplayName,zh,Chinese,中文,Rabbit Hole,Konijnenspel,,existing_since_baseline,yes,yes,2026-08-22 d3267b5 en: King Crab -> Rabbit Hole | 2026-08-22 d3267b5 nl: Koningkrab -> Konijnenspel,,"The app's name under its icon on the home screen. Follows the device language, not the in-app language switch, so it can differ from the language the game is being played in.",Add and review the translation for this language.
missing_translation,InfoPlist,CFBundleDisplayName,zu,Zulu,isiZulu,Rabbit Hole,Konijnenspel,,existing_since_baseline,yes,yes,2026-08-22 d3267b5 en: King Crab -> Rabbit Hole | 2026-08-22 d3267b5 nl: Koningkrab -> Konijnenspel,,"The app's name under its icon on the home screen. Follows the device language, not the in-app language switch, so it can differ from the language the game is being played in.",Add and review the translation for this language.
missing_translation,InfoPlist,CFBundleName,af,Afrikaans,Afrikaans,Rabbit Hole,Konijnenspel,,existing_since_baseline,yes,yes,2026-08-22 d3267b5 en: King Crab -> Rabbit Hole | 2026-08-22 d3267b5 nl: Koningkrab -> Konijnenspel,,"The short bundle name, used where the display name does not fit. Keep it under about 15 characters.",Add and review the translation for this language.
missing_translation,InfoPlist,CFBundleName,am,Amharic,አማርኛ,Rabbit Hole,Konijnenspel,,existing_since_baseline,yes,yes,2026-08-22 d3267b5 en: King Crab -> Rabbit Hole | 2026-08-22 d3267b5 nl: Koningkrab -> Konijnenspel,,"The short bundle name, used where the display name does not fit. Keep it under about 15 characters.",Add and review the translation for this language.
missing_translation,InfoPlist,CFBundleName,ar,Arabic,العربية,Rabbit Hole,Konijnenspel,,existing_since_baseline,yes,yes,2026-08-22 d3267b5 en: King Crab -> Rabbit Hole | 2026-08-22 d3267b5 nl: Koningkrab -> Konijnenspel,,"The short bundle name, used where the display name does not fit. Keep it under about 15 characters.",Add and review the translation for this language.
missing_translation,InfoPlist,CFBundleName,as,Assamese,অসমীয়া,Rabbit Hole,Konijnenspel,,existing_since_baseline,yes,yes,2026-08-22 d3267b5 en: King Crab -> Rabbit Hole | 2026-08-22 d3267b5 nl: Koningkrab -> Konijnenspel,,"The short bundle name, used where the display name does not fit. Keep it under about 15 characters.",Add and review the translation for this language.
missing_translation,InfoPlist,CFBundleName,az,Azerbaijani,azərbaycan,Rabbit Hole,Konijnenspel,,existing_since_baseline,yes,yes,2026-08-22 d3267b5 en: King Crab -> Rabbit Hole | 2026-08-22 d3267b5 nl: Koningkrab -> Konijnenspel,,"The short bundle name, used where the display name does not fit. Keep it under about 15 characters.",Add and review the translation for this language.
missing_translation,InfoPlist,CFBundleName,be,Belarusian,беларуская,Rabbit Hole,Konijnenspel,,existing_since_baseline,yes,yes,2026-08-22 d3267b5 en: King Crab -> Rabbit Hole | 2026-08-22 d3267b5 nl: Koningkrab -> Konijnenspel,,"The short bundle name, used where the display name does not fit. Keep it under about 15 characters.",Add and review the translation for this language.
missing_translation,InfoPlist,CFBundleName,bg,Bulgarian,български,Rabbit Hole,Konijnenspel,,existing_since_baseline,yes,yes,2026-08-22 d3267b5 en: King Crab -> Rabbit Hole | 2026-08-22 d3267b5 nl: Koningkrab -> Konijnenspel,,"The short bundle name, used where the display name does not fit. Keep it under about 15 characters.",Add and review the translation for this language.
missing_translation,InfoPlist,CFBundleName,bn,Bangla,বাংলা,Rabbit Hole,Konijnenspel,,existing_since_baseline,yes,yes,2026-08-22 d3267b5 en: King Crab -> Rabbit Hole | 2026-08-22 d3267b5 nl: Koningkrab -> Konijnenspel,,"The short bundle name, used where the display name does not fit. Keep it under about 15 characters.",Add and review the translation for this language.
missing_translation,InfoPlist,CFBundleName,bo,Tibetan,བོད་སྐད་,Rabbit Hole,Konijnenspel,,existing_since_baseline,yes,yes,2026-08-22 d3267b5 en: King Crab -> Rabbit Hole | 2026-08-22 d3267b5 nl: Koningkrab -> Konijnenspel,,"The short bundle name, used where the display name does not fit. Keep it under about 15 characters.",Add and review the translation for this language.
missing_translation,InfoPlist,CFBundleName,bs,Bosnian,bosanski,Rabbit Hole,Konijnenspel,,existing_since_baseline,yes,yes,2026-08-22 d3267b5 en: King Crab -> Rabbit Hole | 2026-08-22 d3267b5 nl: Koningkrab -> Konijnenspel,,"The short bundle name, used where the display name does not fit. Keep it under about 15 characters.",Add and review the translation for this language.
missing_translation,InfoPlist,CFBundleName,ca,Catalan,català,Rabbit Hole,Konijnenspel,,existing_since_baseline,yes,yes,2026-08-22 d3267b5 en: King Crab -> Rabbit Hole | 2026-08-22 d3267b5 nl: Koningkrab -> Konijnenspel,,"The short bundle name, used where the display name does not fit. Keep it under about 15 characters.",Add and review the translation for this language.
missing_translation,InfoPlist,CFBundleName,cs,Czech,čeština,Rabbit Hole,Konijnenspel,,existing_since_baseline,yes,yes,2026-08-22 d3267b5 en: King Crab -> Rabbit Hole | 2026-08-22 d3267b5 nl: Koningkrab -> Konijnenspel,,"The short bundle name, used where the display name does not fit. Keep it under about 15 characters.",Add and review the translation for this language.
missing_translation,InfoPlist,CFBundleName,cy,Welsh,Cymraeg,Rabbit Hole,Konijnenspel,,existing_since_baseline,yes,yes,2026-08-22 d3267b5 en: King Crab -> Rabbit Hole | 2026-08-22 d3267b5 nl: Koningkrab -> Konijnenspel,,"The short bundle name, used where the display name does not fit. Keep it under about 15 characters.",Add and review the translation for this language.
missing_translation,InfoPlist,CFBundleName,da,Danish,dansk,Rabbit Hole,Konijnenspel,,existing_since_baseline,yes,yes,2026-08-22 d3267b5 en: King Crab -> Rabbit Hole | 2026-08-22 d3267b5 nl: Koningkrab -> Konijnenspel,,"The short bundle name, used where the display name does not fit. Keep it under about 15 characters.",Add and review the translation for this language.
missing_translation,InfoPlist,CFBundleName,de,German,Deutsch,Rabbit Hole,Konijnenspel,,existing_since_baseline,yes,yes,2026-08-22 d3267b5 en: King Crab -> Rabbit Hole | 2026-08-22 d3267b5 nl: Koningkrab -> Konijnenspel,,"The short bundle name, used where the display name does not fit. Keep it under about 15 characters.",Add and review the translation for this language.
missing_translation,InfoPlist,CFBundleName,el,Greek,Ελληνικά,Rabbit Hole,Konijnenspel,,existing_since_baseline,yes,yes,2026-08-22 d3267b5 en: King Crab -> Rabbit Hole | 2026-08-22 d3267b5 nl: Koningkrab -> Konijnenspel,,"The short bundle name, used where the display name does not fit. Keep it under about 15 characters.",Add and review the translation for this language.
missing_translation,InfoPlist,CFBundleName,es,Spanish,español,Rabbit Hole,Konijnenspel,,existing_since_baseline,yes,yes,2026-08-22 d3267b5 en: King Crab -> Rabbit Hole | 2026-08-22 d3267b5 nl: Koningkrab -> Konijnenspel,,"The short bundle name, used where the display name does not fit. Keep it under about 15 characters.",Add and review the translation for this language.
missing_translation,InfoPlist,CFBundleName,et,Estonian,eesti,Rabbit Hole,Konijnenspel,,existing_since_baseline,yes,yes,2026-08-22 d3267b5 en: King Crab -> Rabbit Hole | 2026-08-22 d3267b5 nl: Koningkrab -> Konijnenspel,,"The short bundle name, used where the display name does not fit. Keep it under about 15 characters.",Add and review the translation for this language.
missing_translation,InfoPlist,CFBundleName,eu,Basque,euskara,Rabbit Hole,Konijnenspel,,existing_since_baseline,yes,yes,2026-08-22 d3267b5 en: King Crab -> Rabbit Hole | 2026-08-22 d3267b5 nl: Koningkrab -> Konijnenspel,,"The short bundle name, used where the display name does not fit. Keep it under about 15 characters.",Add and review the translation for this language.
missing_translation,InfoPlist,CFBundleName,fa,Persian,فارسی,Rabbit Hole,Konijnenspel,,existing_since_baseline,yes,yes,2026-08-22 d3267b5 en: King Crab -> Rabbit Hole | 2026-08-22 d3267b5 nl: Koningkrab -> Konijnenspel,,"The short bundle name, used where the display name does not fit. Keep it under about 15 characters.",Add and review the translation for this language.
missing_translation,InfoPlist,CFBundleName,fi,Finnish,suomi,Rabbit Hole,Konijnenspel,,existing_since_baseline,yes,yes,2026-08-22 d3267b5 en: King Crab -> Rabbit Hole | 2026-08-22 d3267b5 nl: Koningkrab -> Konijnenspel,,"The short bundle name, used where the display name does not fit. Keep it under about 15 characters.",Add and review the translation for this language.
missing_translation,InfoPlist,CFBundleName,fo,Faroese,føroyskt,Rabbit Hole,Konijnenspel,,existing_since_baseline,yes,yes,2026-08-22 d3267b5 en: King Crab -> Rabbit Hole | 2026-08-22 d3267b5 nl: Koningkrab -> Konijnenspel,,"The short bundle name, used where the display name does not fit. Keep it under about 15 characters.",Add and review the translation for this language.
missing_translation,InfoPlist,CFBundleName,fr,French,français,Rabbit Hole,Konijnenspel,,existing_since_baseline,yes,yes,2026-08-22 d3267b5 en: King Crab -> Rabbit Hole | 2026-08-22 d3267b5 nl: Koningkrab -> Konijnenspel,,"The short bundle name, used where the display name does not fit. Keep it under about 15 characters.",Add and review the translation for this language.
missing_translation,InfoPlist,CFBundleName,ga,Irish,Gaeilge,Rabbit Hole,Konijnenspel,,existing_since_baseline,yes,yes,2026-08-22 d3267b5 en: King Crab -> Rabbit Hole | 2026-08-22 d3267b5 nl: Koningkrab -> Konijnenspel,,"The short bundle name, used where the display name does not fit. Keep it under about 15 characters.",Add and review the translation for this language.
missing_translation,InfoPlist,CFBundleName,gl,Galician,galego,Rabbit Hole,Konijnenspel,,existing_since_baseline,yes,yes,2026-08-22 d3267b5 en: King Crab -> Rabbit Hole | 2026-08-22 d3267b5 nl: Koningkrab -> Konijnenspel,,"The short bundle name, used where the display name does not fit. Keep it under about 15 characters.",Add and review the translation for this language.
missing_translation,InfoPlist,CFBundleName,gu,Gujarati,ગુજરાતી,Rabbit Hole,Konijnenspel,,existing_since_baseline,yes,yes,2026-08-22 d3267b5 en: King Crab -> Rabbit Hole | 2026-08-22 d3267b5 nl: Koningkrab -> Konijnenspel,,"The short bundle name, used where the display name does not fit. Keep it under about 15 characters.",Add and review the translation for this language.
missing_translation,InfoPlist,CFBundleName,he,Hebrew,עברית,Rabbit Hole,Konijnenspel,,existing_since_baseline,yes,yes,2026-08-22 d3267b5 en: King Crab -> Rabbit Hole | 2026-08-22 d3267b5 nl: Koningkrab -> Konijnenspel,,"The short bundle name, used where the display name does not fit. Keep it under about 15 characters.",Add and review the translation for this language.
missing_translation,InfoPlist,CFBundleName,hi,Hindi,हिन्दी,Rabbit Hole,Konijnenspel,,existing_since_baseline,yes,yes,2026-08-22 d3267b5 en: King Crab -> Rabbit Hole | 2026-08-22 d3267b5 nl: Koningkrab -> Konijnenspel,,"The short bundle name, used where the display name does not fit. Keep it under about 15 characters.",Add and review the translation for this language.
missing_translation,InfoPlist,CFBundleName,hr,Croatian,hrvatski,Rabbit Hole,Konijnenspel,,existing_since_baseline,yes,yes,2026-08-22 d3267b5 en: King Crab -> Rabbit Hole | 2026-08-22 d3267b5 nl: Koningkrab -> Konijnenspel,,"The short bundle name, used where the display name does not fit. Keep it under about 15 characters.",Add and review the translation for this language.
missing_translation,InfoPlist,CFBundleName,hu,Hungarian,magyar,Rabbit Hole,Konijnenspel,,existing_since_baseline,yes,yes,2026-08-22 d3267b5 en: King Crab -> Rabbit Hole | 2026-08-22 d3267b5 nl: Koningkrab -> Konijnenspel,,"The short bundle name, used where the display name does not fit. Keep it under about 15 characters.",Add and review the translation for this language.
missing_translation,InfoPlist,CFBundleName,hy,Armenian,հայերեն,Rabbit Hole,Konijnenspel,,existing_since_baseline,yes,yes,2026-08-22 d3267b5 en: King Crab -> Rabbit Hole | 2026-08-22 d3267b5 nl: Koningkrab -> Konijnenspel,,"The short bundle name, used where the display name does not fit. Keep it under about 15 characters.",Add and review the translation for this language.
missing_translation,InfoPlist,CFBundleName,id,Indonesian,Indonesia,Rabbit Hole,Konijnenspel,,existing_since_baseline,yes,yes,2026-08-22 d3267b5 en: King Crab -> Rabbit Hole | 2026-08-22 d3267b5 nl: Koningkrab -> Konijnenspel,,"The short bundle name, used where the display name does not fit. Keep it under about 15 characters.",Add and review the translation for this language.
missing_translation,InfoPlist,CFBundleName,is,Icelandic,íslenska,Rabbit Hole,Konijnenspel,,existing_since_baseline,yes,yes,2026-08-22 d3267b5 en: King Crab -> Rabbit Hole | 2026-08-22 d3267b5 nl: Koningkrab -> Konijnenspel,,"The short bundle name, used where the display name does not fit. Keep it under about 15 characters.",Add and review the translation for this language.
missing_translation,InfoPlist,CFBundleName,it,Italian,italiano,Rabbit Hole,Konijnenspel,,existing_since_baseline,yes,yes,2026-08-22 d3267b5 en: King Crab -> Rabbit Hole | 2026-08-22 d3267b5 nl: Koningkrab -> Konijnenspel,,"The short bundle name, used where the display name does not fit. Keep it under about 15 characters.",Add and review the translation for this language.
missing_translation,InfoPlist,CFBundleName,ja,Japanese,日本語,Rabbit Hole,Konijnenspel,,existing_since_baseline,yes,yes,2026-08-22 d3267b5 en: King Crab -> Rabbit Hole | 2026-08-22 d3267b5 nl: Koningkrab -> Konijnenspel,,"The short bundle name, used where the display name does not fit. Keep it under about 15 characters.",Add and review the translation for this language.
missing_translation,InfoPlist,CFBundleName,ka,Georgian,ქართული,Rabbit Hole,Konijnenspel,,existing_since_baseline,yes,yes,2026-08-22 d3267b5 en: King Crab -> Rabbit Hole | 2026-08-22 d3267b5 nl: Koningkrab -> Konijnenspel,,"The short bundle name, used where the display name does not fit. Keep it under about 15 characters.",Add and review the translation for this language.
missing_translation,InfoPlist,CFBundleName,kk,Kazakh,қазақ тілі,Rabbit Hole,Konijnenspel,,existing_since_baseline,yes,yes,2026-08-22 d3267b5 en: King Crab -> Rabbit Hole | 2026-08-22 d3267b5 nl: Koningkrab -> Konijnenspel,,"The short bundle name, used where the display name does not fit. Keep it under about 15 characters.",Add and review the translation for this language.
missing_translation,InfoPlist,CFBundleName,km,Khmer,ខ្មែរ,Rabbit Hole,Konijnenspel,,existing_since_baseline,yes,yes,2026-08-22 d3267b5 en: King Crab -> Rabbit Hole | 2026-08-22 d3267b5 nl: Koningkrab -> Konijnenspel,,"The short bundle name, used where the display name does not fit. Keep it under about 15 characters.",Add and review the translation for this language.
missing_translation,InfoPlist,CFBundleName,kn,Kannada,ಕನ್ನಡ,Rabbit Hole,Konijnenspel,,existing_since_baseline,yes,yes,2026-08-22 d3267b5 en: King Crab -> Rabbit Hole | 2026-08-22 d3267b5 nl: Koningkrab -> Konijnenspel,,"The short bundle name, used where the display name does not fit. Keep it under about 15 characters.",Add and review the translation for this language.
missing_translation,InfoPlist,CFBundleName,ko,Korean,한국어,Rabbit Hole,Konijnenspel,,existing_since_baseline,yes,yes,2026-08-22 d3267b5 en: King Crab -> Rabbit Hole | 2026-08-22 d3267b5 nl: Koningkrab -> Konijnenspel,,"The short bundle name, used where the display name does not fit. Keep it under about 15 characters.",Add and review the translation for this language.
missing_translation,InfoPlist,CFBundleName,lo,Lao,ລາວ,Rabbit Hole,Konijnenspel,,existing_since_baseline,yes,yes,2026-08-22 d3267b5 en: King Crab -> Rabbit Hole | 2026-08-22 d3267b5 nl: Koningkrab -> Konijnenspel,,"The short bundle name, used where the display name does not fit. Keep it under about 15 characters.",Add and review the translation for this language.
missing_translation,InfoPlist,CFBundleName,lt,Lithuanian,lietuvių,Rabbit Hole,Konijnenspel,,existing_since_baseline,yes,yes,2026-08-22 d3267b5 en: King Crab -> Rabbit Hole | 2026-08-22 d3267b5 nl: Koningkrab -> Konijnenspel,,"The short bundle name, used where the display name does not fit. Keep it under about 15 characters.",Add and review the translation for this language.
missing_translation,InfoPlist,CFBundleName,lv,Latvian,latviešu,Rabbit Hole,Konijnenspel,,existing_since_baseline,yes,yes,2026-08-22 d3267b5 en: King Crab -> Rabbit Hole | 2026-08-22 d3267b5 nl: Koningkrab -> Konijnenspel,,"The short bundle name, used where the display name does not fit. Keep it under about 15 characters.",Add and review the translation for this language.
missing_translation,InfoPlist,CFBundleName,mk,Macedonian,македонски,Rabbit Hole,Konijnenspel,,existing_since_baseline,yes,yes,2026-08-22 d3267b5 en: King Crab -> Rabbit Hole | 2026-08-22 d3267b5 nl: Koningkrab -> Konijnenspel,,"The short bundle name, used where the display name does not fit. Keep it under about 15 characters.",Add and review the translation for this language.
missing_translation,InfoPlist,CFBundleName,ml,Malayalam,മലയാളം,Rabbit Hole,Konijnenspel,,existing_since_baseline,yes,yes,2026-08-22 d3267b5 en: King Crab -> Rabbit Hole | 2026-08-22 d3267b5 nl: Koningkrab -> Konijnenspel,,"The short bundle name, used where the display name does not fit. Keep it under about 15 characters.",Add and review the translation for this language.
missing_translation,InfoPlist,CFBundleName,mn,Mongolian,монгол,Rabbit Hole,Konijnenspel,,existing_since_baseline,yes,yes,2026-08-22 d3267b5 en: King Crab -> Rabbit Hole | 2026-08-22 d3267b5 nl: Koningkrab -> Konijnenspel,,"The short bundle name, used where the display name does not fit. Keep it under about 15 characters.",Add and review the translation for this language.
missing_translation,InfoPlist,CFBundleName,mr,Marathi,मराठी,Rabbit Hole,Konijnenspel,,existing_since_baseline,yes,yes,2026-08-22 d3267b5 en: King Crab -> Rabbit Hole | 2026-08-22 d3267b5 nl: Koningkrab -> Konijnenspel,,"The short bundle name, used where the display name does not fit. Keep it under about 15 characters.",Add and review the translation for this language.
missing_translation,InfoPlist,CFBundleName,ms,Malay,Melayu,Rabbit Hole,Konijnenspel,,existing_since_baseline,yes,yes,2026-08-22 d3267b5 en: King Crab -> Rabbit Hole | 2026-08-22 d3267b5 nl: Koningkrab -> Konijnenspel,,"The short bundle name, used where the display name does not fit. Keep it under about 15 characters.",Add and review the translation for this language.
missing_translation,InfoPlist,CFBundleName,my,Burmese,မြန်မာ,Rabbit Hole,Konijnenspel,,existing_since_baseline,yes,yes,2026-08-22 d3267b5 en: King Crab -> Rabbit Hole | 2026-08-22 d3267b5 nl: Koningkrab -> Konijnenspel,,"The short bundle name, used where the display name does not fit. Keep it under about 15 characters.",Add and review the translation for this language.
missing_translation,InfoPlist,CFBundleName,nb,Norwegian Bokmål,norsk bokmål,Rabbit Hole,Konijnenspel,,existing_since_baseline,yes,yes,2026-08-22 d3267b5 en: King Crab -> Rabbit Hole | 2026-08-22 d3267b5 nl: Koningkrab -> Konijnenspel,,"The short bundle name, used where the display name does not fit. Keep it under about 15 characters.",Add and review the translation for this language.
missing_translation,InfoPlist,CFBundleName,ne,Nepali,नेपाली,Rabbit Hole,Konijnenspel,,existing_since_baseline,yes,yes,2026-08-22 d3267b5 en: King Crab -> Rabbit Hole | 2026-08-22 d3267b5 nl: Koningkrab -> Konijnenspel,,"The short bundle name, used where the display name does not fit. Keep it under about 15 characters.",Add and review the translation for this language.
missing_translation,InfoPlist,CFBundleName,or,Odia,ଓଡ଼ିଆ,Rabbit Hole,Konijnenspel,,existing_since_baseline,yes,yes,2026-08-22 d3267b5 en: King Crab -> Rabbit Hole | 2026-08-22 d3267b5 nl: Koningkrab -> Konijnenspel,,"The short bundle name, used where the display name does not fit. Keep it under about 15 characters.",Add and review the translation for this language.
missing_translation,InfoPlist,CFBundleName,pa,Punjabi,ਪੰਜਾਬੀ,Rabbit Hole,Konijnenspel,,existing_since_baseline,yes,yes,2026-08-22 d3267b5 en: King Crab -> Rabbit Hole | 2026-08-22 d3267b5 nl: Koningkrab -> Konijnenspel,,"The short bundle name, used where the display name does not fit. Keep it under about 15 characters.",Add and review the translation for this language.
missing_translation,InfoPlist,CFBundleName,pl,Polish,polski,Rabbit Hole,Konijnenspel,,existing_since_baseline,yes,yes,2026-08-22 d3267b5 en: King Crab -> Rabbit Hole | 2026-08-22 d3267b5 nl: Koningkrab -> Konijnenspel,,"The short bundle name, used where the display name does not fit. Keep it under about 15 characters.",Add and review the translation for this language.
missing_translation,InfoPlist,CFBundleName,pt,Portuguese,português,Rabbit Hole,Konijnenspel,,existing_since_baseline,yes,yes,2026-08-22 d3267b5 en: King Crab -> Rabbit Hole | 2026-08-22 d3267b5 nl: Koningkrab -> Konijnenspel,,"The short bundle name, used where the display name does not fit. Keep it under about 15 characters.",Add and review the translation for this language.
missing_translation,InfoPlist,CFBundleName,ro,Romanian,română,Rabbit Hole,Konijnenspel,,existing_since_baseline,yes,yes,2026-08-22 d3267b5 en: King Crab -> Rabbit Hole | 2026-08-22 d3267b5 nl: Koningkrab -> Konijnenspel,,"The short bundle name, used where the display name does not fit. Keep it under about 15 characters.",Add and review the translation for this language.
missing_translation,InfoPlist,CFBundleName,ru,Russian,русский,Rabbit Hole,Konijnenspel,,existing_since_baseline,yes,yes,2026-08-22 d3267b5 en: King Crab -> Rabbit Hole | 2026-08-22 d3267b5 nl: Koningkrab -> Konijnenspel,,"The short bundle name, used where the display name does not fit. Keep it under about 15 characters.",Add and review the translation for this language.
missing_translation,InfoPlist,CFBundleName,si,Sinhala,සිංහල,Rabbit Hole,Konijnenspel,,existing_since_baseline,yes,yes,2026-08-22 d3267b5 en: King Crab -> Rabbit Hole | 2026-08-22 d3267b5 nl: Koningkrab -> Konijnenspel,,"The short bundle name, used where the display name does not fit. Keep it under about 15 characters.",Add and review the translation for this language.
missing_translation,InfoPlist,CFBundleName,sk,Slovak,slovenčina,Rabbit Hole,Konijnenspel,,existing_since_baseline,yes,yes,2026-08-22 d3267b5 en: King Crab -> Rabbit Hole | 2026-08-22 d3267b5 nl: Koningkrab -> Konijnenspel,,"The short bundle name, used where the display name does not fit. Keep it under about 15 characters.",Add and review the translation for this language.
missing_translation,InfoPlist,CFBundleName,sl,Slovenian,slovenščina,Rabbit Hole,Konijnenspel,,existing_since_baseline,yes,yes,2026-08-22 d3267b5 en: King Crab -> Rabbit Hole | 2026-08-22 d3267b5 nl: Koningkrab -> Konijnenspel,,"The short bundle name, used where the display name does not fit. Keep it under about 15 characters.",Add and review the translation for this language.
missing_translation,InfoPlist,CFBundleName,sq,Albanian,shqip,Rabbit Hole,Konijnenspel,,existing_since_baseline,yes,yes,2026-08-22 d3267b5 en: King Crab -> Rabbit Hole | 2026-08-22 d3267b5 nl: Koningkrab -> Konijnenspel,,"The short bundle name, used where the display name does not fit. Keep it under about 15 characters.",Add and review the translation for this language.
missing_translation,InfoPlist,CFBundleName,sr,Serbian,српски,Rabbit Hole,Konijnenspel,,existing_since_baseline,yes,yes,2026-08-22 d3267b5 en: King Crab -> Rabbit Hole | 2026-08-22 d3267b5 nl: Koningkrab -> Konijnenspel,,"The short bundle name, used where the display name does not fit. Keep it under about 15 characters.",Add and review the translation for this language.
missing_translation,InfoPlist,CFBundleName,sv,Swedish,svenska,Rabbit Hole,Konijnenspel,,existing_since_baseline,yes,yes,2026-08-22 d3267b5 en: King Crab -> Rabbit Hole | 2026-08-22 d3267b5 nl: Koningkrab -> Konijnenspel,,"The short bundle name, used where the display name does not fit. Keep it under about 15 characters.",Add and review the translation for this language.
missing_translation,InfoPlist,CFBundleName,sw,Swahili,Kiswahili,Rabbit Hole,Konijnenspel,,existing_since_baseline,yes,yes,2026-08-22 d3267b5 en: King Crab -> Rabbit Hole | 2026-08-22 d3267b5 nl: Koningkrab -> Konijnenspel,,"The short bundle name, used where the display name does not fit. Keep it under about 15 characters.",Add and review the translation for this language.
missing_translation,InfoPlist,CFBundleName,ta,Tamil,தமிழ்,Rabbit Hole,Konijnenspel,,existing_since_baseline,yes,yes,2026-08-22 d3267b5 en: King Crab -> Rabbit Hole | 2026-08-22 d3267b5 nl: Koningkrab -> Konijnenspel,,"The short bundle name, used where the display name does not fit. Keep it under about 15 characters.",Add and review the translation for this language.
missing_translation,InfoPlist,CFBundleName,te,Telugu,తెలుగు,Rabbit Hole,Konijnenspel,,existing_since_baseline,yes,yes,2026-08-22 d3267b5 en: King Crab -> Rabbit Hole | 2026-08-22 d3267b5 nl: Koningkrab -> Konijnenspel,,"The short bundle name, used where the display name does not fit. Keep it under about 15 characters.",Add and review the translation for this language.
missing_translation,InfoPlist,CFBundleName,th,Thai,ไทย,Rabbit Hole,Konijnenspel,,existing_since_baseline,yes,yes,2026-08-22 d3267b5 en: King Crab -> Rabbit Hole | 2026-08-22 d3267b5 nl: Koningkrab -> Konijnenspel,,"The short bundle name, used where the display name does not fit. Keep it under about 15 characters.",Add and review the translation for this language.
missing_translation,InfoPlist,CFBundleName,tr,Turkish,Türkçe,Rabbit Hole,Konijnenspel,,existing_since_baseline,yes,yes,2026-08-22 d3267b5 en: King Crab -> Rabbit Hole | 2026-08-22 d3267b5 nl: Koningkrab -> Konijnenspel,,"The short bundle name, used where the display name does not fit. Keep it under about 15 characters.",Add and review the translation for this language.
missing_translation,InfoPlist,CFBundleName,ug,Uyghur,ئۇيغۇرچە,Rabbit Hole,Konijnenspel,,existing_since_baseline,yes,yes,2026-08-22 d3267b5 en: King Crab -> Rabbit Hole | 2026-08-22 d3267b5 nl: Koningkrab -> Konijnenspel,,"The short bundle name, used where the display name does not fit. Keep it under about 15 characters.",Add and review the translation for this language.
missing_translation,InfoPlist,CFBundleName,uk,Ukrainian,українська,Rabbit Hole,Konijnenspel,,existing_since_baseline,yes,yes,2026-08-22 d3267b5 en: King Crab -> Rabbit Hole | 2026-08-22 d3267b5 nl: Koningkrab -> Konijnenspel,,"The short bundle name, used where the display name does not fit. Keep it under about 15 characters.",Add and review the translation for this language.
missing_translation,InfoPlist,CFBundleName,ur,Urdu,اردو,Rabbit Hole,Konijnenspel,,existing_since_baseline,yes,yes,2026-08-22 d3267b5 en: King Crab -> Rabbit Hole | 2026-08-22 d3267b5 nl: Koningkrab -> Konijnenspel,,"The short bundle name, used where the display name does not fit. Keep it under about 15 characters.",Add and review the translation for this language.
missing_translation,InfoPlist,CFBundleName,uz,Uzbek,o‘zbek,Rabbit Hole,Konijnenspel,,existing_since_baseline,yes,yes,2026-08-22 d3267b5 en: King Crab -> Rabbit Hole | 2026-08-22 d3267b5 nl: Koningkrab -> Konijnenspel,,"The short bundle name, used where the display name does not fit. Keep it under about 15 characters.",Add and review the translation for this language.
missing_translation,InfoPlist,CFBundleName,vi,Vietnamese,Tiếng Việt,Rabbit Hole,Konijnenspel,,existing_since_baseline,yes,yes,2026-08-22 d3267b5 en: King Crab -> Rabbit Hole | 2026-08-22 d3267b5 nl: Koningkrab -> Konijnenspel,,"The short bundle name, used where the display name does not fit. Keep it under about 15 characters.",Add and review the translation for this language.
missing_translation,InfoPlist,CFBundleName,zh,Chinese,中文,Rabbit Hole,Konijnenspel,,existing_since_baseline,yes,yes,2026-08-22 d3267b5 en: King Crab -> Rabbit Hole | 2026-08-22 d3267b5 nl: Koningkrab -> Konijnenspel,,"The short bundle name, used where the display name does not fit. Keep it under about 15 characters.",Add and review the translation for this language.
missing_translation,InfoPlist,CFBundleName,zu,Zulu,isiZulu,Rabbit Hole,Konijnenspel,,existing_since_baseline,yes,yes,2026-08-22 d3267b5 en: King Crab -> Rabbit Hole | 2026-08-22 d3267b5 nl: Koningkrab -> Konijnenspel,,"The short bundle name, used where the display name does not fit. Keep it under about 15 characters.",Add and review the translation for this language.
missing_translation,Localizable,game.end.completionSubtitle.carrot,af,Afrikaans,Afrikaans,You collected all the carrots,Je hebt alle wortels verzameld,,new_since_2026-08-22,no,no,,,"Under the character on the result card when the board was filled. One sentence per food, so the noun can take whatever case, article and word order the language needs. Languages without a translation use the English food-specific sentence.",Add and review the translation for this language.
missing_translation,Localizable,game.end.completionSubtitle.carrot,am,Amharic,አማርኛ,You collected all the carrots,Je hebt alle wortels verzameld,,new_since_2026-08-22,no,no,,,"Under the character on the result card when the board was filled. One sentence per food, so the noun can take whatever case, article and word order the language needs. Languages without a translation use the English food-specific sentence.",Add and review the translation for this language.
missing_translation,Localizable,game.end.completionSubtitle.carrot,ar,Arabic,العربية,You collected all the carrots,Je hebt alle wortels verzameld,,new_since_2026-08-22,no,no,,,"Under the character on the result card when the board was filled. One sentence per food, so the noun can take whatever case, article and word order the language needs. Languages without a translation use the English food-specific sentence.",Add and review the translation for this language.
missing_translation,Localizable,game.end.completionSubtitle.carrot,as,Assamese,অসমীয়া,You collected all the carrots,Je hebt alle wortels verzameld,,new_since_2026-08-22,no,no,,,"Under the character on the result card when the board was filled. One sentence per food, so the noun can take whatever case, article and word order the language needs. Languages without a translation use the English food-specific sentence.",Add and review the translation for this language.
missing_translation,Localizable,game.end.completionSubtitle.carrot,az,Azerbaijani,azərbaycan,You collected all the carrots,Je hebt alle wortels verzameld,,new_since_2026-08-22,no,no,,,"Under the character on the result card when the board was filled. One sentence per food, so the noun can take whatever case, article and word order the language needs. Languages without a translation use the English food-specific sentence.",Add and review the translation for this language.
missing_translation,Localizable,game.end.completionSubtitle.carrot,be,Belarusian,беларуская,You collected all the carrots,Je hebt alle wortels verzameld,,new_since_2026-08-22,no,no,,,"Under the character on the result card when the board was filled. One sentence per food, so the noun can take whatever case, article and word order the language needs. Languages without a translation use the English food-specific sentence.",Add and review the translation for this language.
missing_translation,Localizable,game.end.completionSubtitle.carrot,bg,Bulgarian,български,You collected all the carrots,Je hebt alle wortels verzameld,,new_since_2026-08-22,no,no,,,"Under the character on the result card when the board was filled. One sentence per food, so the noun can take whatever case, article and word order the language needs. Languages without a translation use the English food-specific sentence.",Add and review the translation for this language.
missing_translation,Localizable,game.end.completionSubtitle.carrot,bn,Bangla,বাংলা,You collected all the carrots,Je hebt alle wortels verzameld,,new_since_2026-08-22,no,no,,,"Under the character on the result card when the board was filled. One sentence per food, so the noun can take whatever case, article and word order the language needs. Languages without a translation use the English food-specific sentence.",Add and review the translation for this language.
missing_translation,Localizable,game.end.completionSubtitle.carrot,bo,Tibetan,བོད་སྐད་,You collected all the carrots,Je hebt alle wortels verzameld,,new_since_2026-08-22,no,no,,,"Under the character on the result card when the board was filled. One sentence per food, so the noun can take whatever case, article and word order the language needs. Languages without a translation use the English food-specific sentence.",Add and review the translation for this language.
missing_translation,Localizable,game.end.completionSubtitle.carrot,bs,Bosnian,bosanski,You collected all the carrots,Je hebt alle wortels verzameld,,new_since_2026-08-22,no,no,,,"Under the character on the result card when the board was filled. One sentence per food, so the noun can take whatever case, article and word order the language needs. Languages without a translation use the English food-specific sentence.",Add and review the translation for this language.
missing_translation,Localizable,game.end.completionSubtitle.carrot,ca,Catalan,català,You collected all the carrots,Je hebt alle wortels verzameld,,new_since_2026-08-22,no,no,,,"Under the character on the result card when the board was filled. One sentence per food, so the noun can take whatever case, article and word order the language needs. Languages without a translation use the English food-specific sentence.",Add and review the translation for this language.
missing_translation,Localizable,game.end.completionSubtitle.carrot,cs,Czech,čeština,You collected all the carrots,Je hebt alle wortels verzameld,,new_since_2026-08-22,no,no,,,"Under the character on the result card when the board was filled. One sentence per food, so the noun can take whatever case, article and word order the language needs. Languages without a translation use the English food-specific sentence.",Add and review the translation for this language.
missing_translation,Localizable,game.end.completionSubtitle.carrot,cy,Welsh,Cymraeg,You collected all the carrots,Je hebt alle wortels verzameld,,new_since_2026-08-22,no,no,,,"Under the character on the result card when the board was filled. One sentence per food, so the noun can take whatever case, article and word order the language needs. Languages without a translation use the English food-specific sentence.",Add and review the translation for this language.
missing_translation,Localizable,game.end.completionSubtitle.carrot,da,Danish,dansk,You collected all the carrots,Je hebt alle wortels verzameld,,new_since_2026-08-22,no,no,,,"Under the character on the result card when the board was filled. One sentence per food, so the noun can take whatever case, article and word order the language needs. Languages without a translation use the English food-specific sentence.",Add and review the translation for this language.
missing_translation,Localizable,game.end.completionSubtitle.carrot,de,German,Deutsch,You collected all the carrots,Je hebt alle wortels verzameld,,new_since_2026-08-22,no,no,,,"Under the character on the result card when the board was filled. One sentence per food, so the noun can take whatever case, article and word order the language needs. Languages without a translation use the English food-specific sentence.",Add and review the translation for this language.
missing_translation,Localizable,game.end.completionSubtitle.carrot,el,Greek,Ελληνικά,You collected all the carrots,Je hebt alle wortels verzameld,,new_since_2026-08-22,no,no,,,"Under the character on the result card when the board was filled. One sentence per food, so the noun can take whatever case, article and word order the language needs. Languages without a translation use the English food-specific sentence.",Add and review the translation for this language.
missing_translation,Localizable,game.end.completionSubtitle.carrot,es,Spanish,español,You collected all the carrots,Je hebt alle wortels verzameld,,new_since_2026-08-22,no,no,,,"Under the character on the result card when the board was filled. One sentence per food, so the noun can take whatever case, article and word order the language needs. Languages without a translation use the English food-specific sentence.",Add and review the translation for this language.
missing_translation,Localizable,game.end.completionSubtitle.carrot,et,Estonian,eesti,You collected all the carrots,Je hebt alle wortels verzameld,,new_since_2026-08-22,no,no,,,"Under the character on the result card when the board was filled. One sentence per food, so the noun can take whatever case, article and word order the language needs. Languages without a translation use the English food-specific sentence.",Add and review the translation for this language.
missing_translation,Localizable,game.end.completionSubtitle.carrot,eu,Basque,euskara,You collected all the carrots,Je hebt alle wortels verzameld,,new_since_2026-08-22,no,no,,,"Under the character on the result card when the board was filled. One sentence per food, so the noun can take whatever case, article and word order the language needs. Languages without a translation use the English food-specific sentence.",Add and review the translation for this language.
missing_translation,Localizable,game.end.completionSubtitle.carrot,fa,Persian,فارسی,You collected all the carrots,Je hebt alle wortels verzameld,,new_since_2026-08-22,no,no,,,"Under the character on the result card when the board was filled. One sentence per food, so the noun can take whatever case, article and word order the language needs. Languages without a translation use the English food-specific sentence.",Add and review the translation for this language.
missing_translation,Localizable,game.end.completionSubtitle.carrot,fi,Finnish,suomi,You collected all the carrots,Je hebt alle wortels verzameld,,new_since_2026-08-22,no,no,,,"Under the character on the result card when the board was filled. One sentence per food, so the noun can take whatever case, article and word order the language needs. Languages without a translation use the English food-specific sentence.",Add and review the translation for this language.
missing_translation,Localizable,game.end.completionSubtitle.carrot,fo,Faroese,føroyskt,You collected all the carrots,Je hebt alle wortels verzameld,,new_since_2026-08-22,no,no,,,"Under the character on the result card when the board was filled. One sentence per food, so the noun can take whatever case, article and word order the language needs. Languages without a translation use the English food-specific sentence.",Add and review the translation for this language.
missing_translation,Localizable,game.end.completionSubtitle.carrot,fr,French,français,You collected all the carrots,Je hebt alle wortels verzameld,,new_since_2026-08-22,no,no,,,"Under the character on the result card when the board was filled. One sentence per food, so the noun can take whatever case, article and word order the language needs. Languages without a translation use the English food-specific sentence.",Add and review the translation for this language.
missing_translation,Localizable,game.end.completionSubtitle.carrot,ga,Irish,Gaeilge,You collected all the carrots,Je hebt alle wortels verzameld,,new_since_2026-08-22,no,no,,,"Under the character on the result card when the board was filled. One sentence per food, so the noun can take whatever case, article and word order the language needs. Languages without a translation use the English food-specific sentence.",Add and review the translation for this language.
missing_translation,Localizable,game.end.completionSubtitle.carrot,gl,Galician,galego,You collected all the carrots,Je hebt alle wortels verzameld,,new_since_2026-08-22,no,no,,,"Under the character on the result card when the board was filled. One sentence per food, so the noun can take whatever case, article and word order the language needs. Languages without a translation use the English food-specific sentence.",Add and review the translation for this language.
missing_translation,Localizable,game.end.completionSubtitle.carrot,gu,Gujarati,ગુજરાતી,You collected all the carrots,Je hebt alle wortels verzameld,,new_since_2026-08-22,no,no,,,"Under the character on the result card when the board was filled. One sentence per food, so the noun can take whatever case, article and word order the language needs. Languages without a translation use the English food-specific sentence.",Add and review the translation for this language.
missing_translation,Localizable,game.end.completionSubtitle.carrot,he,Hebrew,עברית,You collected all the carrots,Je hebt alle wortels verzameld,,new_since_2026-08-22,no,no,,,"Under the character on the result card when the board was filled. One sentence per food, so the noun can take whatever case, article and word order the language needs. Languages without a translation use the English food-specific sentence.",Add and review the translation for this language.
missing_translation,Localizable,game.end.completionSubtitle.carrot,hi,Hindi,हिन्दी,You collected all the carrots,Je hebt alle wortels verzameld,,new_since_2026-08-22,no,no,,,"Under the character on the result card when the board was filled. One sentence per food, so the noun can take whatever case, article and word order the language needs. Languages without a translation use the English food-specific sentence.",Add and review the translation for this language.
missing_translation,Localizable,game.end.completionSubtitle.carrot,hr,Croatian,hrvatski,You collected all the carrots,Je hebt alle wortels verzameld,,new_since_2026-08-22,no,no,,,"Under the character on the result card when the board was filled. One sentence per food, so the noun can take whatever case, article and word order the language needs. Languages without a translation use the English food-specific sentence.",Add and review the translation for this language.
missing_translation,Localizable,game.end.completionSubtitle.carrot,hu,Hungarian,magyar,You collected all the carrots,Je hebt alle wortels verzameld,,new_since_2026-08-22,no,no,,,"Under the character on the result card when the board was filled. One sentence per food, so the noun can take whatever case, article and word order the language needs. Languages without a translation use the English food-specific sentence.",Add and review the translation for this language.
missing_translation,Localizable,game.end.completionSubtitle.carrot,hy,Armenian,հայերեն,You collected all the carrots,Je hebt alle wortels verzameld,,new_since_2026-08-22,no,no,,,"Under the character on the result card when the board was filled. One sentence per food, so the noun can take whatever case, article and word order the language needs. Languages without a translation use the English food-specific sentence.",Add and review the translation for this language.
missing_translation,Localizable,game.end.completionSubtitle.carrot,id,Indonesian,Indonesia,You collected all the carrots,Je hebt alle wortels verzameld,,new_since_2026-08-22,no,no,,,"Under the character on the result card when the board was filled. One sentence per food, so the noun can take whatever case, article and word order the language needs. Languages without a translation use the English food-specific sentence.",Add and review the translation for this language.
missing_translation,Localizable,game.end.completionSubtitle.carrot,is,Icelandic,íslenska,You collected all the carrots,Je hebt alle wortels verzameld,,new_since_2026-08-22,no,no,,,"Under the character on the result card when the board was filled. One sentence per food, so the noun can take whatever case, article and word order the language needs. Languages without a translation use the English food-specific sentence.",Add and review the translation for this language.
missing_translation,Localizable,game.end.completionSubtitle.carrot,it,Italian,italiano,You collected all the carrots,Je hebt alle wortels verzameld,,new_since_2026-08-22,no,no,,,"Under the character on the result card when the board was filled. One sentence per food, so the noun can take whatever case, article and word order the language needs. Languages without a translation use the English food-specific sentence.",Add and review the translation for this language.
missing_translation,Localizable,game.end.completionSubtitle.carrot,ja,Japanese,日本語,You collected all the carrots,Je hebt alle wortels verzameld,,new_since_2026-08-22,no,no,,,"Under the character on the result card when the board was filled. One sentence per food, so the noun can take whatever case, article and word order the language needs. Languages without a translation use the English food-specific sentence.",Add and review the translation for this language.
missing_translation,Localizable,game.end.completionSubtitle.carrot,ka,Georgian,ქართული,You collected all the carrots,Je hebt alle wortels verzameld,,new_since_2026-08-22,no,no,,,"Under the character on the result card when the board was filled. One sentence per food, so the noun can take whatever case, article and word order the language needs. Languages without a translation use the English food-specific sentence.",Add and review the translation for this language.
missing_translation,Localizable,game.end.completionSubtitle.carrot,kk,Kazakh,қазақ тілі,You collected all the carrots,Je hebt alle wortels verzameld,,new_since_2026-08-22,no,no,,,"Under the character on the result card when the board was filled. One sentence per food, so the noun can take whatever case, article and word order the language needs. Languages without a translation use the English food-specific sentence.",Add and review the translation for this language.
missing_translation,Localizable,game.end.completionSubtitle.carrot,km,Khmer,ខ្មែរ,You collected all the carrots,Je hebt alle wortels verzameld,,new_since_2026-08-22,no,no,,,"Under the character on the result card when the board was filled. One sentence per food, so the noun can take whatever case, article and word order the language needs. Languages without a translation use the English food-specific sentence.",Add and review the translation for this language.
missing_translation,Localizable,game.end.completionSubtitle.carrot,kn,Kannada,ಕನ್ನಡ,You collected all the carrots,Je hebt alle wortels verzameld,,new_since_2026-08-22,no,no,,,"Under the character on the result card when the board was filled. One sentence per food, so the noun can take whatever case, article and word order the language needs. Languages without a translation use the English food-specific sentence.",Add and review the translation for this language.
missing_translation,Localizable,game.end.completionSubtitle.carrot,ko,Korean,한국어,You collected all the carrots,Je hebt alle wortels verzameld,,new_since_2026-08-22,no,no,,,"Under the character on the result card when the board was filled. One sentence per food, so the noun can take whatever case, article and word order the language needs. Languages without a translation use the English food-specific sentence.",Add and review the translation for this language.
missing_translation,Localizable,game.end.completionSubtitle.carrot,lo,Lao,ລາວ,You collected all the carrots,Je hebt alle wortels verzameld,,new_since_2026-08-22,no,no,,,"Under the character on the result card when the board was filled. One sentence per food, so the noun can take whatever case, article and word order the language needs. Languages without a translation use the English food-specific sentence.",Add and review the translation for this language.
missing_translation,Localizable,game.end.completionSubtitle.carrot,lt,Lithuanian,lietuvių,You collected all the carrots,Je hebt alle wortels verzameld,,new_since_2026-08-22,no,no,,,"Under the character on the result card when the board was filled. One sentence per food, so the noun can take whatever case, article and word order the language needs. Languages without a translation use the English food-specific sentence.",Add and review the translation for this language.
missing_translation,Localizable,game.end.completionSubtitle.carrot,lv,Latvian,latviešu,You collected all the carrots,Je hebt alle wortels verzameld,,new_since_2026-08-22,no,no,,,"Under the character on the result card when the board was filled. One sentence per food, so the noun can take whatever case, article and word order the language needs. Languages without a translation use the English food-specific sentence.",Add and review the translation for this language.
missing_translation,Localizable,game.end.completionSubtitle.carrot,mk,Macedonian,македонски,You collected all the carrots,Je hebt alle wortels verzameld,,new_since_2026-08-22,no,no,,,"Under the character on the result card when the board was filled. One sentence per food, so the noun can take whatever case, article and word order the language needs. Languages without a translation use the English food-specific sentence.",Add and review the translation for this language.
missing_translation,Localizable,game.end.completionSubtitle.carrot,ml,Malayalam,മലയാളം,You collected all the carrots,Je hebt alle wortels verzameld,,new_since_2026-08-22,no,no,,,"Under the character on the result card when the board was filled. One sentence per food, so the noun can take whatever case, article and word order the language needs. Languages without a translation use the English food-specific sentence.",Add and review the translation for this language.
missing_translation,Localizable,game.end.completionSubtitle.carrot,mn,Mongolian,монгол,You collected all the carrots,Je hebt alle wortels verzameld,,new_since_2026-08-22,no,no,,,"Under the character on the result card when the board was filled. One sentence per food, so the noun can take whatever case, article and word order the language needs. Languages without a translation use the English food-specific sentence.",Add and review the translation for this language.
missing_translation,Localizable,game.end.completionSubtitle.carrot,mr,Marathi,मराठी,You collected all the carrots,Je hebt alle wortels verzameld,,new_since_2026-08-22,no,no,,,"Under the character on the result card when the board was filled. One sentence per food, so the noun can take whatever case, article and word order the language needs. Languages without a translation use the English food-specific sentence.",Add and review the translation for this language.
missing_translation,Localizable,game.end.completionSubtitle.carrot,ms,Malay,Melayu,You collected all the carrots,Je hebt alle wortels verzameld,,new_since_2026-08-22,no,no,,,"Under the character on the result card when the board was filled. One sentence per food, so the noun can take whatever case, article and word order the language needs. Languages without a translation use the English food-specific sentence.",Add and review the translation for this language.
missing_translation,Localizable,game.end.completionSubtitle.carrot,my,Burmese,မြန်မာ,You collected all the carrots,Je hebt alle wortels verzameld,,new_since_2026-08-22,no,no,,,"Under the character on the result card when the board was filled. One sentence per food, so the noun can take whatever case, article and word order the language needs. Languages without a translation use the English food-specific sentence.",Add and review the translation for this language.
missing_translation,Localizable,game.end.completionSubtitle.carrot,nb,Norwegian Bokmål,norsk bokmål,You collected all the carrots,Je hebt alle wortels verzameld,,new_since_2026-08-22,no,no,,,"Under the character on the result card when the board was filled. One sentence per food, so the noun can take whatever case, article and word order the language needs. Languages without a translation use the English food-specific sentence.",Add and review the translation for this language.
missing_translation,Localizable,game.end.completionSubtitle.carrot,ne,Nepali,नेपाली,You collected all the carrots,Je hebt alle wortels verzameld,,new_since_2026-08-22,no,no,,,"Under the character on the result card when the board was filled. One sentence per food, so the noun can take whatever case, article and word order the language needs. Languages without a translation use the English food-specific sentence.",Add and review the translation for this language.
missing_translation,Localizable,game.end.completionSubtitle.carrot,or,Odia,ଓଡ଼ିଆ,You collected all the carrots,Je hebt alle wortels verzameld,,new_since_2026-08-22,no,no,,,"Under the character on the result card when the board was filled. One sentence per food, so the noun can take whatever case, article and word order the language needs. Languages without a translation use the English food-specific sentence.",Add and review the translation for this language.
missing_translation,Localizable,game.end.completionSubtitle.carrot,pa,Punjabi,ਪੰਜਾਬੀ,You collected all the carrots,Je hebt alle wortels verzameld,,new_since_2026-08-22,no,no,,,"Under the character on the result card when the board was filled. One sentence per food, so the noun can take whatever case, article and word order the language needs. Languages without a translation use the English food-specific sentence.",Add and review the translation for this language.
missing_translation,Localizable,game.end.completionSubtitle.carrot,pl,Polish,polski,You collected all the carrots,Je hebt alle wortels verzameld,,new_since_2026-08-22,no,no,,,"Under the character on the result card when the board was filled. One sentence per food, so the noun can take whatever case, article and word order the language needs. Languages without a translation use the English food-specific sentence.",Add and review the translation for this language.
missing_translation,Localizable,game.end.completionSubtitle.carrot,pt,Portuguese,português,You collected all the carrots,Je hebt alle wortels verzameld,,new_since_2026-08-22,no,no,,,"Under the character on the result card when the board was filled. One sentence per food, so the noun can take whatever case, article and word order the language needs. Languages without a translation use the English food-specific sentence.",Add and review the translation for this language.
missing_translation,Localizable,game.end.completionSubtitle.carrot,ro,Romanian,română,You collected all the carrots,Je hebt alle wortels verzameld,,new_since_2026-08-22,no,no,,,"Under the character on the result card when the board was filled. One sentence per food, so the noun can take whatever case, article and word order the language needs. Languages without a translation use the English food-specific sentence.",Add and review the translation for this language.
missing_translation,Localizable,game.end.completionSubtitle.carrot,ru,Russian,русский,You collected all the carrots,Je hebt alle wortels verzameld,,new_since_2026-08-22,no,no,,,"Under the character on the result card when the board was filled. One sentence per food, so the noun can take whatever case, article and word order the language needs. Languages without a translation use the English food-specific sentence.",Add and review the translation for this language.
missing_translation,Localizable,game.end.completionSubtitle.carrot,si,Sinhala,සිංහල,You collected all the carrots,Je hebt alle wortels verzameld,,new_since_2026-08-22,no,no,,,"Under the character on the result card when the board was filled. One sentence per food, so the noun can take whatever case, article and word order the language needs. Languages without a translation use the English food-specific sentence.",Add and review the translation for this language.
missing_translation,Localizable,game.end.completionSubtitle.carrot,sk,Slovak,slovenčina,You collected all the carrots,Je hebt alle wortels verzameld,,new_since_2026-08-22,no,no,,,"Under the character on the result card when the board was filled. One sentence per food, so the noun can take whatever case, article and word order the language needs. Languages without a translation use the English food-specific sentence.",Add and review the translation for this language.
missing_translation,Localizable,game.end.completionSubtitle.carrot,sl,Slovenian,slovenščina,You collected all the carrots,Je hebt alle wortels verzameld,,new_since_2026-08-22,no,no,,,"Under the character on the result card when the board was filled. One sentence per food, so the noun can take whatever case, article and word order the language needs. Languages without a translation use the English food-specific sentence.",Add and review the translation for this language.
missing_translation,Localizable,game.end.completionSubtitle.carrot,sq,Albanian,shqip,You collected all the carrots,Je hebt alle wortels verzameld,,new_since_2026-08-22,no,no,,,"Under the character on the result card when the board was filled. One sentence per food, so the noun can take whatever case, article and word order the language needs. Languages without a translation use the English food-specific sentence.",Add and review the translation for this language.
missing_translation,Localizable,game.end.completionSubtitle.carrot,sr,Serbian,српски,You collected all the carrots,Je hebt alle wortels verzameld,,new_since_2026-08-22,no,no,,,"Under the character on the result card when the board was filled. One sentence per food, so the noun can take whatever case, article and word order the language needs. Languages without a translation use the English food-specific sentence.",Add and review the translation for this language.
missing_translation,Localizable,game.end.completionSubtitle.carrot,sv,Swedish,svenska,You collected all the carrots,Je hebt alle wortels verzameld,,new_since_2026-08-22,no,no,,,"Under the character on the result card when the board was filled. One sentence per food, so the noun can take whatever case, article and word order the language needs. Languages without a translation use the English food-specific sentence.",Add and review the translation for this language.
missing_translation,Localizable,game.end.completionSubtitle.carrot,sw,Swahili,Kiswahili,You collected all the carrots,Je hebt alle wortels verzameld,,new_since_2026-08-22,no,no,,,"Under the character on the result card when the board was filled. One sentence per food, so the noun can take whatever case, article and word order the language needs. Languages without a translation use the English food-specific sentence.",Add and review the translation for this language.
missing_translation,Localizable,game.end.completionSubtitle.carrot,ta,Tamil,தமிழ்,You collected all the carrots,Je hebt alle wortels verzameld,,new_since_2026-08-22,no,no,,,"Under the character on the result card when the board was filled. One sentence per food, so the noun can take whatever case, article and word order the language needs. Languages without a translation use the English food-specific sentence.",Add and review the translation for this language.
missing_translation,Localizable,game.end.completionSubtitle.carrot,te,Telugu,తెలుగు,You collected all the carrots,Je hebt alle wortels verzameld,,new_since_2026-08-22,no,no,,,"Under the character on the result card when the board was filled. One sentence per food, so the noun can take whatever case, article and word order the language needs. Languages without a translation use the English food-specific sentence.",Add and review the translation for this language.
missing_translation,Localizable,game.end.completionSubtitle.carrot,th,Thai,ไทย,You collected all the carrots,Je hebt alle wortels verzameld,,new_since_2026-08-22,no,no,,,"Under the character on the result card when the board was filled. One sentence per food, so the noun can take whatever case, article and word order the language needs. Languages without a translation use the English food-specific sentence.",Add and review the translation for this language.
missing_translation,Localizable,game.end.completionSubtitle.carrot,tr,Turkish,Türkçe,You collected all the carrots,Je hebt alle wortels verzameld,,new_since_2026-08-22,no,no,,,"Under the character on the result card when the board was filled. One sentence per food, so the noun can take whatever case, article and word order the language needs. Languages without a translation use the English food-specific sentence.",Add and review the translation for this language.
missing_translation,Localizable,game.end.completionSubtitle.carrot,ug,Uyghur,ئۇيغۇرچە,You collected all the carrots,Je hebt alle wortels verzameld,,new_since_2026-08-22,no,no,,,"Under the character on the result card when the board was filled. One sentence per food, so the noun can take whatever case, article and word order the language needs. Languages without a translation use the English food-specific sentence.",Add and review the translation for this language.
missing_translation,Localizable,game.end.completionSubtitle.carrot,uk,Ukrainian,українська,You collected all the carrots,Je hebt alle wortels verzameld,,new_since_2026-08-22,no,no,,,"Under the character on the result card when the board was filled. One sentence per food, so the noun can take whatever case, article and word order the language needs. Languages without a translation use the English food-specific sentence.",Add and review the translation for this language.
missing_translation,Localizable,game.end.completionSubtitle.carrot,ur,Urdu,اردو,You collected all the carrots,Je hebt alle wortels verzameld,,new_since_2026-08-22,no,no,,,"Under the character on the result card when the board was filled. One sentence per food, so the noun can take whatever case, article and word order the language needs. Languages without a translation use the English food-specific sentence.",Add and review the translation for this language.
missing_translation,Localizable,game.end.completionSubtitle.carrot,uz,Uzbek,o‘zbek,You collected all the carrots,Je hebt alle wortels verzameld,,new_since_2026-08-22,no,no,,,"Under the character on the result card when the board was filled. One sentence per food, so the noun can take whatever case, article and word order the language needs. Languages without a translation use the English food-specific sentence.",Add and review the translation for this language.
missing_translation,Localizable,game.end.completionSubtitle.carrot,vi,Vietnamese,Tiếng Việt,You collected all the carrots,Je hebt alle wortels verzameld,,new_since_2026-08-22,no,no,,,"Under the character on the result card when the board was filled. One sentence per food, so the noun can take whatever case, article and word order the language needs. Languages without a translation use the English food-specific sentence.",Add and review the translation for this language.
missing_translation,Localizable,game.end.completionSubtitle.carrot,zh,Chinese,中文,You collected all the carrots,Je hebt alle wortels verzameld,,new_since_2026-08-22,no,no,,,"Under the character on the result card when the board was filled. One sentence per food, so the noun can take whatever case, article and word order the language needs. Languages without a translation use the English food-specific sentence.",Add and review the translation for this language.
missing_translation,Localizable,game.end.completionSubtitle.carrot,zu,Zulu,isiZulu,You collected all the carrots,Je hebt alle wortels verzameld,,new_since_2026-08-22,no,no,,,"Under the character on the result card when the board was filled. One sentence per food, so the noun can take whatever case, article and word order the language needs. Languages without a translation use the English food-specific sentence.",Add and review the translation for this language.
missing_translation,Localizable,game.end.completionSubtitle.egg,af,Afrikaans,Afrikaans,You collected all the eggs,Je hebt alle eieren verzameld,,new_since_2026-08-22,no,no,,,"Under the character on the result card when the board was filled. One sentence per food, so the noun can take whatever case, article and word order the language needs. Languages without a translation use the English food-specific sentence.",Add and review the translation for this language.
missing_translation,Localizable,game.end.completionSubtitle.egg,am,Amharic,አማርኛ,You collected all the eggs,Je hebt alle eieren verzameld,,new_since_2026-08-22,no,no,,,"Under the character on the result card when the board was filled. One sentence per food, so the noun can take whatever case, article and word order the language needs. Languages without a translation use the English food-specific sentence.",Add and review the translation for this language.
missing_translation,Localizable,game.end.completionSubtitle.egg,ar,Arabic,العربية,You collected all the eggs,Je hebt alle eieren verzameld,,new_since_2026-08-22,no,no,,,"Under the character on the result card when the board was filled. One sentence per food, so the noun can take whatever case, article and word order the language needs. Languages without a translation use the English food-specific sentence.",Add and review the translation for this language.
missing_translation,Localizable,game.end.completionSubtitle.egg,as,Assamese,অসমীয়া,You collected all the eggs,Je hebt alle eieren verzameld,,new_since_2026-08-22,no,no,,,"Under the character on the result card when the board was filled. One sentence per food, so the noun can take whatever case, article and word order the language needs. Languages without a translation use the English food-specific sentence.",Add and review the translation for this language.
missing_translation,Localizable,game.end.completionSubtitle.egg,az,Azerbaijani,azərbaycan,You collected all the eggs,Je hebt alle eieren verzameld,,new_since_2026-08-22,no,no,,,"Under the character on the result card when the board was filled. One sentence per food, so the noun can take whatever case, article and word order the language needs. Languages without a translation use the English food-specific sentence.",Add and review the translation for this language.
missing_translation,Localizable,game.end.completionSubtitle.egg,be,Belarusian,беларуская,You collected all the eggs,Je hebt alle eieren verzameld,,new_since_2026-08-22,no,no,,,"Under the character on the result card when the board was filled. One sentence per food, so the noun can take whatever case, article and word order the language needs. Languages without a translation use the English food-specific sentence.",Add and review the translation for this language.
missing_translation,Localizable,game.end.completionSubtitle.egg,bg,Bulgarian,български,You collected all the eggs,Je hebt alle eieren verzameld,,new_since_2026-08-22,no,no,,,"Under the character on the result card when the board was filled. One sentence per food, so the noun can take whatever case, article and word order the language needs. Languages without a translation use the English food-specific sentence.",Add and review the translation for this language.
missing_translation,Localizable,game.end.completionSubtitle.egg,bn,Bangla,বাংলা,You collected all the eggs,Je hebt alle eieren verzameld,,new_since_2026-08-22,no,no,,,"Under the character on the result card when the board was filled. One sentence per food, so the noun can take whatever case, article and word order the language needs. Languages without a translation use the English food-specific sentence.",Add and review the translation for this language.
missing_translation,Localizable,game.end.completionSubtitle.egg,bo,Tibetan,བོད་སྐད་,You collected all the eggs,Je hebt alle eieren verzameld,,new_since_2026-08-22,no,no,,,"Under the character on the result card when the board was filled. One sentence per food, so the noun can take whatever case, article and word order the language needs. Languages without a translation use the English food-specific sentence.",Add and review the translation for this language.
missing_translation,Localizable,game.end.completionSubtitle.egg,bs,Bosnian,bosanski,You collected all the eggs,Je hebt alle eieren verzameld,,new_since_2026-08-22,no,no,,,"Under the character on the result card when the board was filled. One sentence per food, so the noun can take whatever case, article and word order the language needs. Languages without a translation use the English food-specific sentence.",Add and review the translation for this language.
missing_translation,Localizable,game.end.completionSubtitle.egg,ca,Catalan,català,You collected all the eggs,Je hebt alle eieren verzameld,,new_since_2026-08-22,no,no,,,"Under the character on the result card when the board was filled. One sentence per food, so the noun can take whatever case, article and word order the language needs. Languages without a translation use the English food-specific sentence.",Add and review the translation for this language.
missing_translation,Localizable,game.end.completionSubtitle.egg,cs,Czech,čeština,You collected all the eggs,Je hebt alle eieren verzameld,,new_since_2026-08-22,no,no,,,"Under the character on the result card when the board was filled. One sentence per food, so the noun can take whatever case, article and word order the language needs. Languages without a translation use the English food-specific sentence.",Add and review the translation for this language.
missing_translation,Localizable,game.end.completionSubtitle.egg,cy,Welsh,Cymraeg,You collected all the eggs,Je hebt alle eieren verzameld,,new_since_2026-08-22,no,no,,,"Under the character on the result card when the board was filled. One sentence per food, so the noun can take whatever case, article and word order the language needs. Languages without a translation use the English food-specific sentence.",Add and review the translation for this language.
missing_translation,Localizable,game.end.completionSubtitle.egg,da,Danish,dansk,You collected all the eggs,Je hebt alle eieren verzameld,,new_since_2026-08-22,no,no,,,"Under the character on the result card when the board was filled. One sentence per food, so the noun can take whatever case, article and word order the language needs. Languages without a translation use the English food-specific sentence.",Add and review the translation for this language.
missing_translation,Localizable,game.end.completionSubtitle.egg,de,German,Deutsch,You collected all the eggs,Je hebt alle eieren verzameld,,new_since_2026-08-22,no,no,,,"Under the character on the result card when the board was filled. One sentence per food, so the noun can take whatever case, article and word order the language needs. Languages without a translation use the English food-specific sentence.",Add and review the translation for this language.
missing_translation,Localizable,game.end.completionSubtitle.egg,el,Greek,Ελληνικά,You collected all the eggs,Je hebt alle eieren verzameld,,new_since_2026-08-22,no,no,,,"Under the character on the result card when the board was filled. One sentence per food, so the noun can take whatever case, article and word order the language needs. Languages without a translation use the English food-specific sentence.",Add and review the translation for this language.
missing_translation,Localizable,game.end.completionSubtitle.egg,es,Spanish,español,You collected all the eggs,Je hebt alle eieren verzameld,,new_since_2026-08-22,no,no,,,"Under the character on the result card when the board was filled. One sentence per food, so the noun can take whatever case, article and word order the language needs. Languages without a translation use the English food-specific sentence.",Add and review the translation for this language.
missing_translation,Localizable,game.end.completionSubtitle.egg,et,Estonian,eesti,You collected all the eggs,Je hebt alle eieren verzameld,,new_since_2026-08-22,no,no,,,"Under the character on the result card when the board was filled. One sentence per food, so the noun can take whatever case, article and word order the language needs. Languages without a translation use the English food-specific sentence.",Add and review the translation for this language.
missing_translation,Localizable,game.end.completionSubtitle.egg,eu,Basque,euskara,You collected all the eggs,Je hebt alle eieren verzameld,,new_since_2026-08-22,no,no,,,"Under the character on the result card when the board was filled. One sentence per food, so the noun can take whatever case, article and word order the language needs. Languages without a translation use the English food-specific sentence.",Add and review the translation for this language.
missing_translation,Localizable,game.end.completionSubtitle.egg,fa,Persian,فارسی,You collected all the eggs,Je hebt alle eieren verzameld,,new_since_2026-08-22,no,no,,,"Under the character on the result card when the board was filled. One sentence per food, so the noun can take whatever case, article and word order the language needs. Languages without a translation use the English food-specific sentence.",Add and review the translation for this language.
missing_translation,Localizable,game.end.completionSubtitle.egg,fi,Finnish,suomi,You collected all the eggs,Je hebt alle eieren verzameld,,new_since_2026-08-22,no,no,,,"Under the character on the result card when the board was filled. One sentence per food, so the noun can take whatever case, article and word order the language needs. Languages without a translation use the English food-specific sentence.",Add and review the translation for this language.
missing_translation,Localizable,game.end.completionSubtitle.egg,fo,Faroese,føroyskt,You collected all the eggs,Je hebt alle eieren verzameld,,new_since_2026-08-22,no,no,,,"Under the character on the result card when the board was filled. One sentence per food, so the noun can take whatever case, article and word order the language needs. Languages without a translation use the English food-specific sentence.",Add and review the translation for this language.
missing_translation,Localizable,game.end.completionSubtitle.egg,fr,French,français,You collected all the eggs,Je hebt alle eieren verzameld,,new_since_2026-08-22,no,no,,,"Under the character on the result card when the board was filled. One sentence per food, so the noun can take whatever case, article and word order the language needs. Languages without a translation use the English food-specific sentence.",Add and review the translation for this language.
missing_translation,Localizable,game.end.completionSubtitle.egg,ga,Irish,Gaeilge,You collected all the eggs,Je hebt alle eieren verzameld,,new_since_2026-08-22,no,no,,,"Under the character on the result card when the board was filled. One sentence per food, so the noun can take whatever case, article and word order the language needs. Languages without a translation use the English food-specific sentence.",Add and review the translation for this language.
missing_translation,Localizable,game.end.completionSubtitle.egg,gl,Galician,galego,You collected all the eggs,Je hebt alle eieren verzameld,,new_since_2026-08-22,no,no,,,"Under the character on the result card when the board was filled. One sentence per food, so the noun can take whatever case, article and word order the language needs. Languages without a translation use the English food-specific sentence.",Add and review the translation for this language.
missing_translation,Localizable,game.end.completionSubtitle.egg,gu,Gujarati,ગુજરાતી,You collected all the eggs,Je hebt alle eieren verzameld,,new_since_2026-08-22,no,no,,,"Under the character on the result card when the board was filled. One sentence per food, so the noun can take whatever case, article and word order the language needs. Languages without a translation use the English food-specific sentence.",Add and review the translation for this language.
missing_translation,Localizable,game.end.completionSubtitle.egg,he,Hebrew,עברית,You collected all the eggs,Je hebt alle eieren verzameld,,new_since_2026-08-22,no,no,,,"Under the character on the result card when the board was filled. One sentence per food, so the noun can take whatever case, article and word order the language needs. Languages without a translation use the English food-specific sentence.",Add and review the translation for this language.
missing_translation,Localizable,game.end.completionSubtitle.egg,hi,Hindi,हिन्दी,You collected all the eggs,Je hebt alle eieren verzameld,,new_since_2026-08-22,no,no,,,"Under the character on the result card when the board was filled. One sentence per food, so the noun can take whatever case, article and word order the language needs. Languages without a translation use the English food-specific sentence.",Add and review the translation for this language.
missing_translation,Localizable,game.end.completionSubtitle.egg,hr,Croatian,hrvatski,You collected all the eggs,Je hebt alle eieren verzameld,,new_since_2026-08-22,no,no,,,"Under the character on the result card when the board was filled. One sentence per food, so the noun can take whatever case, article and word order the language needs. Languages without a translation use the English food-specific sentence.",Add and review the translation for this language.
missing_translation,Localizable,game.end.completionSubtitle.egg,hu,Hungarian,magyar,You collected all the eggs,Je hebt alle eieren verzameld,,new_since_2026-08-22,no,no,,,"Under the character on the result card when the board was filled. One sentence per food, so the noun can take whatever case, article and word order the language needs. Languages without a translation use the English food-specific sentence.",Add and review the translation for this language.
missing_translation,Localizable,game.end.completionSubtitle.egg,hy,Armenian,հայերեն,You collected all the eggs,Je hebt alle eieren verzameld,,new_since_2026-08-22,no,no,,,"Under the character on the result card when the board was filled. One sentence per food, so the noun can take whatever case, article and word order the language needs. Languages without a translation use the English food-specific sentence.",Add and review the translation for this language.
missing_translation,Localizable,game.end.completionSubtitle.egg,id,Indonesian,Indonesia,You collected all the eggs,Je hebt alle eieren verzameld,,new_since_2026-08-22,no,no,,,"Under the character on the result card when the board was filled. One sentence per food, so the noun can take whatever case, article and word order the language needs. Languages without a translation use the English food-specific sentence.",Add and review the translation for this language.
missing_translation,Localizable,game.end.completionSubtitle.egg,is,Icelandic,íslenska,You collected all the eggs,Je hebt alle eieren verzameld,,new_since_2026-08-22,no,no,,,"Under the character on the result card when the board was filled. One sentence per food, so the noun can take whatever case, article and word order the language needs. Languages without a translation use the English food-specific sentence.",Add and review the translation for this language.
missing_translation,Localizable,game.end.completionSubtitle.egg,it,Italian,italiano,You collected all the eggs,Je hebt alle eieren verzameld,,new_since_2026-08-22,no,no,,,"Under the character on the result card when the board was filled. One sentence per food, so the noun can take whatever case, article and word order the language needs. Languages without a translation use the English food-specific sentence.",Add and review the translation for this language.
missing_translation,Localizable,game.end.completionSubtitle.egg,ja,Japanese,日本語,You collected all the eggs,Je hebt alle eieren verzameld,,new_since_2026-08-22,no,no,,,"Under the character on the result card when the board was filled. One sentence per food, so the noun can take whatever case, article and word order the language needs. Languages without a translation use the English food-specific sentence.",Add and review the translation for this language.
missing_translation,Localizable,game.end.completionSubtitle.egg,ka,Georgian,ქართული,You collected all the eggs,Je hebt alle eieren verzameld,,new_since_2026-08-22,no,no,,,"Under the character on the result card when the board was filled. One sentence per food, so the noun can take whatever case, article and word order the language needs. Languages without a translation use the English food-specific sentence.",Add and review the translation for this language.
missing_translation,Localizable,game.end.completionSubtitle.egg,kk,Kazakh,қазақ тілі,You collected all the eggs,Je hebt alle eieren verzameld,,new_since_2026-08-22,no,no,,,"Under the character on the result card when the board was filled. One sentence per food, so the noun can take whatever case, article and word order the language needs. Languages without a translation use the English food-specific sentence.",Add and review the translation for this language.
missing_translation,Localizable,game.end.completionSubtitle.egg,km,Khmer,ខ្មែរ,You collected all the eggs,Je hebt alle eieren verzameld,,new_since_2026-08-22,no,no,,,"Under the character on the result card when the board was filled. One sentence per food, so the noun can take whatever case, article and word order the language needs. Languages without a translation use the English food-specific sentence.",Add and review the translation for this language.
missing_translation,Localizable,game.end.completionSubtitle.egg,kn,Kannada,ಕನ್ನಡ,You collected all the eggs,Je hebt alle eieren verzameld,,new_since_2026-08-22,no,no,,,"Under the character on the result card when the board was filled. One sentence per food, so the noun can take whatever case, article and word order the language needs. Languages without a translation use the English food-specific sentence.",Add and review the translation for this language.
missing_translation,Localizable,game.end.completionSubtitle.egg,ko,Korean,한국어,You collected all the eggs,Je hebt alle eieren verzameld,,new_since_2026-08-22,no,no,,,"Under the character on the result card when the board was filled. One sentence per food, so the noun can take whatever case, article and word order the language needs. Languages without a translation use the English food-specific sentence.",Add and review the translation for this language.
missing_translation,Localizable,game.end.completionSubtitle.egg,lo,Lao,ລາວ,You collected all the eggs,Je hebt alle eieren verzameld,,new_since_2026-08-22,no,no,,,"Under the character on the result card when the board was filled. One sentence per food, so the noun can take whatever case, article and word order the language needs. Languages without a translation use the English food-specific sentence.",Add and review the translation for this language.
missing_translation,Localizable,game.end.completionSubtitle.egg,lt,Lithuanian,lietuvių,You collected all the eggs,Je hebt alle eieren verzameld,,new_since_2026-08-22,no,no,,,"Under the character on the result card when the board was filled. One sentence per food, so the noun can take whatever case, article and word order the language needs. Languages without a translation use the English food-specific sentence.",Add and review the translation for this language.
missing_translation,Localizable,game.end.completionSubtitle.egg,lv,Latvian,latviešu,You collected all the eggs,Je hebt alle eieren verzameld,,new_since_2026-08-22,no,no,,,"Under the character on the result card when the board was filled. One sentence per food, so the noun can take whatever case, article and word order the language needs. Languages without a translation use the English food-specific sentence.",Add and review the translation for this language.
missing_translation,Localizable,game.end.completionSubtitle.egg,mk,Macedonian,македонски,You collected all the eggs,Je hebt alle eieren verzameld,,new_since_2026-08-22,no,no,,,"Under the character on the result card when the board was filled. One sentence per food, so the noun can take whatever case, article and word order the language needs. Languages without a translation use the English food-specific sentence.",Add and review the translation for this language.
missing_translation,Localizable,game.end.completionSubtitle.egg,ml,Malayalam,മലയാളം,You collected all the eggs,Je hebt alle eieren verzameld,,new_since_2026-08-22,no,no,,,"Under the character on the result card when the board was filled. One sentence per food, so the noun can take whatever case, article and word order the language needs. Languages without a translation use the English food-specific sentence.",Add and review the translation for this language.
missing_translation,Localizable,game.end.completionSubtitle.egg,mn,Mongolian,монгол,You collected all the eggs,Je hebt alle eieren verzameld,,new_since_2026-08-22,no,no,,,"Under the character on the result card when the board was filled. One sentence per food, so the noun can take whatever case, article and word order the language needs. Languages without a translation use the English food-specific sentence.",Add and review the translation for this language.
missing_translation,Localizable,game.end.completionSubtitle.egg,mr,Marathi,मराठी,You collected all the eggs,Je hebt alle eieren verzameld,,new_since_2026-08-22,no,no,,,"Under the character on the result card when the board was filled. One sentence per food, so the noun can take whatever case, article and word order the language needs. Languages without a translation use the English food-specific sentence.",Add and review the translation for this language.
missing_translation,Localizable,game.end.completionSubtitle.egg,ms,Malay,Melayu,You collected all the eggs,Je hebt alle eieren verzameld,,new_since_2026-08-22,no,no,,,"Under the character on the result card when the board was filled. One sentence per food, so the noun can take whatever case, article and word order the language needs. Languages without a translation use the English food-specific sentence.",Add and review the translation for this language.
missing_translation,Localizable,game.end.completionSubtitle.egg,my,Burmese,မြန်မာ,You collected all the eggs,Je hebt alle eieren verzameld,,new_since_2026-08-22,no,no,,,"Under the character on the result card when the board was filled. One sentence per food, so the noun can take whatever case, article and word order the language needs. Languages without a translation use the English food-specific sentence.",Add and review the translation for this language.
missing_translation,Localizable,game.end.completionSubtitle.egg,nb,Norwegian Bokmål,norsk bokmål,You collected all the eggs,Je hebt alle eieren verzameld,,new_since_2026-08-22,no,no,,,"Under the character on the result card when the board was filled. One sentence per food, so the noun can take whatever case, article and word order the language needs. Languages without a translation use the English food-specific sentence.",Add and review the translation for this language.
missing_translation,Localizable,game.end.completionSubtitle.egg,ne,Nepali,नेपाली,You collected all the eggs,Je hebt alle eieren verzameld,,new_since_2026-08-22,no,no,,,"Under the character on the result card when the board was filled. One sentence per food, so the noun can take whatever case, article and word order the language needs. Languages without a translation use the English food-specific sentence.",Add and review the translation for this language.
missing_translation,Localizable,game.end.completionSubtitle.egg,or,Odia,ଓଡ଼ିଆ,You collected all the eggs,Je hebt alle eieren verzameld,,new_since_2026-08-22,no,no,,,"Under the character on the result card when the board was filled. One sentence per food, so the noun can take whatever case, article and word order the language needs. Languages without a translation use the English food-specific sentence.",Add and review the translation for this language.
missing_translation,Localizable,game.end.completionSubtitle.egg,pa,Punjabi,ਪੰਜਾਬੀ,You collected all the eggs,Je hebt alle eieren verzameld,,new_since_2026-08-22,no,no,,,"Under the character on the result card when the board was filled. One sentence per food, so the noun can take whatever case, article and word order the language needs. Languages without a translation use the English food-specific sentence.",Add and review the translation for this language.
missing_translation,Localizable,game.end.completionSubtitle.egg,pl,Polish,polski,You collected all the eggs,Je hebt alle eieren verzameld,,new_since_2026-08-22,no,no,,,"Under the character on the result card when the board was filled. One sentence per food, so the noun can take whatever case, article and word order the language needs. Languages without a translation use the English food-specific sentence.",Add and review the translation for this language.
missing_translation,Localizable,game.end.completionSubtitle.egg,pt,Portuguese,português,You collected all the eggs,Je hebt alle eieren verzameld,,new_since_2026-08-22,no,no,,,"Under the character on the result card when the board was filled. One sentence per food, so the noun can take whatever case, article and word order the language needs. Languages without a translation use the English food-specific sentence.",Add and review the translation for this language.
missing_translation,Localizable,game.end.completionSubtitle.egg,ro,Romanian,română,You collected all the eggs,Je hebt alle eieren verzameld,,new_since_2026-08-22,no,no,,,"Under the character on the result card when the board was filled. One sentence per food, so the noun can take whatever case, article and word order the language needs. Languages without a translation use the English food-specific sentence.",Add and review the translation for this language.
missing_translation,Localizable,game.end.completionSubtitle.egg,ru,Russian,русский,You collected all the eggs,Je hebt alle eieren verzameld,,new_since_2026-08-22,no,no,,,"Under the character on the result card when the board was filled. One sentence per food, so the noun can take whatever case, article and word order the language needs. Languages without a translation use the English food-specific sentence.",Add and review the translation for this language.
missing_translation,Localizable,game.end.completionSubtitle.egg,si,Sinhala,සිංහල,You collected all the eggs,Je hebt alle eieren verzameld,,new_since_2026-08-22,no,no,,,"Under the character on the result card when the board was filled. One sentence per food, so the noun can take whatever case, article and word order the language needs. Languages without a translation use the English food-specific sentence.",Add and review the translation for this language.
missing_translation,Localizable,game.end.completionSubtitle.egg,sk,Slovak,slovenčina,You collected all the eggs,Je hebt alle eieren verzameld,,new_since_2026-08-22,no,no,,,"Under the character on the result card when the board was filled. One sentence per food, so the noun can take whatever case, article and word order the language needs. Languages without a translation use the English food-specific sentence.",Add and review the translation for this language.
missing_translation,Localizable,game.end.completionSubtitle.egg,sl,Slovenian,slovenščina,You collected all the eggs,Je hebt alle eieren verzameld,,new_since_2026-08-22,no,no,,,"Under the character on the result card when the board was filled. One sentence per food, so the noun can take whatever case, article and word order the language needs. Languages without a translation use the English food-specific sentence.",Add and review the translation for this language.
missing_translation,Localizable,game.end.completionSubtitle.egg,sq,Albanian,shqip,You collected all the eggs,Je hebt alle eieren verzameld,,new_since_2026-08-22,no,no,,,"Under the character on the result card when the board was filled. One sentence per food, so the noun can take whatever case, article and word order the language needs. Languages without a translation use the English food-specific sentence.",Add and review the translation for this language.
missing_translation,Localizable,game.end.completionSubtitle.egg,sr,Serbian,српски,You collected all the eggs,Je hebt alle eieren verzameld,,new_since_2026-08-22,no,no,,,"Under the character on the result card when the board was filled. One sentence per food, so the noun can take whatever case, article and word order the language needs. Languages without a translation use the English food-specific sentence.",Add and review the translation for this language.
missing_translation,Localizable,game.end.completionSubtitle.egg,sv,Swedish,svenska,You collected all the eggs,Je hebt alle eieren verzameld,,new_since_2026-08-22,no,no,,,"Under the character on the result card when the board was filled. One sentence per food, so the noun can take whatever case, article and word order the language needs. Languages without a translation use the English food-specific sentence.",Add and review the translation for this language.
missing_translation,Localizable,game.end.completionSubtitle.egg,sw,Swahili,Kiswahili,You collected all the eggs,Je hebt alle eieren verzameld,,new_since_2026-08-22,no,no,,,"Under the character on the result card when the board was filled. One sentence per food, so the noun can take whatever case, article and word order the language needs. Languages without a translation use the English food-specific sentence.",Add and review the translation for this language.
missing_translation,Localizable,game.end.completionSubtitle.egg,ta,Tamil,தமிழ்,You collected all the eggs,Je hebt alle eieren verzameld,,new_since_2026-08-22,no,no,,,"Under the character on the result card when the board was filled. One sentence per food, so the noun can take whatever case, article and word order the language needs. Languages without a translation use the English food-specific sentence.",Add and review the translation for this language.
missing_translation,Localizable,game.end.completionSubtitle.egg,te,Telugu,తెలుగు,You collected all the eggs,Je hebt alle eieren verzameld,,new_since_2026-08-22,no,no,,,"Under the character on the result card when the board was filled. One sentence per food, so the noun can take whatever case, article and word order the language needs. Languages without a translation use the English food-specific sentence.",Add and review the translation for this language.
missing_translation,Localizable,game.end.completionSubtitle.egg,th,Thai,ไทย,You collected all the eggs,Je hebt alle eieren verzameld,,new_since_2026-08-22,no,no,,,"Under the character on the result card when the board was filled. One sentence per food, so the noun can take whatever case, article and word order the language needs. Languages without a translation use the English food-specific sentence.",Add and review the translation for this language.
missing_translation,Localizable,game.end.completionSubtitle.egg,tr,Turkish,Türkçe,You collected all the eggs,Je hebt alle eieren verzameld,,new_since_2026-08-22,no,no,,,"Under the character on the result card when the board was filled. One sentence per food, so the noun can take whatever case, article and word order the language needs. Languages without a translation use the English food-specific sentence.",Add and review the translation for this language.
missing_translation,Localizable,game.end.completionSubtitle.egg,ug,Uyghur,ئۇيغۇرچە,You collected all the eggs,Je hebt alle eieren verzameld,,new_since_2026-08-22,no,no,,,"Under the character on the result card when the board was filled. One sentence per food, so the noun can take whatever case, article and word order the language needs. Languages without a translation use the English food-specific sentence.",Add and review the translation for this language.
missing_translation,Localizable,game.end.completionSubtitle.egg,uk,Ukrainian,українська,You collected all the eggs,Je hebt alle eieren verzameld,,new_since_2026-08-22,no,no,,,"Under the character on the result card when the board was filled. One sentence per food, so the noun can take whatever case, article and word order the language needs. Languages without a translation use the English food-specific sentence.",Add and review the translation for this language.
missing_translation,Localizable,game.end.completionSubtitle.egg,ur,Urdu,اردو,You collected all the eggs,Je hebt alle eieren verzameld,,new_since_2026-08-22,no,no,,,"Under the character on the result card when the board was filled. One sentence per food, so the noun can take whatever case, article and word order the language needs. Languages without a translation use the English food-specific sentence.",Add and review the translation for this language.
missing_translation,Localizable,game.end.completionSubtitle.egg,uz,Uzbek,o‘zbek,You collected all the eggs,Je hebt alle eieren verzameld,,new_since_2026-08-22,no,no,,,"Under the character on the result card when the board was filled. One sentence per food, so the noun can take whatever case, article and word order the language needs. Languages without a translation use the English food-specific sentence.",Add and review the translation for this language.
missing_translation,Localizable,game.end.completionSubtitle.egg,vi,Vietnamese,Tiếng Việt,You collected all the eggs,Je hebt alle eieren verzameld,,new_since_2026-08-22,no,no,,,"Under the character on the result card when the board was filled. One sentence per food, so the noun can take whatever case, article and word order the language needs. Languages without a translation use the English food-specific sentence.",Add and review the translation for this language.
missing_translation,Localizable,game.end.completionSubtitle.egg,zh,Chinese,中文,You collected all the eggs,Je hebt alle eieren verzameld,,new_since_2026-08-22,no,no,,,"Under the character on the result card when the board was filled. One sentence per food, so the noun can take whatever case, article and word order the language needs. Languages without a translation use the English food-specific sentence.",Add and review the translation for this language.
missing_translation,Localizable,game.end.completionSubtitle.egg,zu,Zulu,isiZulu,You collected all the eggs,Je hebt alle eieren verzameld,,new_since_2026-08-22,no,no,,,"Under the character on the result card when the board was filled. One sentence per food, so the noun can take whatever case, article and word order the language needs. Languages without a translation use the English food-specific sentence.",Add and review the translation for this language.
missing_translation,Localizable,game.end.completionSubtitle.fish,af,Afrikaans,Afrikaans,You collected all the fish,Je hebt alle vissen verzameld,,new_since_2026-08-22,no,no,,,"Under the character on the result card when the board was filled. One sentence per food, so the noun can take whatever case, article and word order the language needs. Languages without a translation use the English food-specific sentence.",Add and review the translation for this language.
missing_translation,Localizable,game.end.completionSubtitle.fish,am,Amharic,አማርኛ,You collected all the fish,Je hebt alle vissen verzameld,,new_since_2026-08-22,no,no,,,"Under the character on the result card when the board was filled. One sentence per food, so the noun can take whatever case, article and word order the language needs. Languages without a translation use the English food-specific sentence.",Add and review the translation for this language.
missing_translation,Localizable,game.end.completionSubtitle.fish,ar,Arabic,العربية,You collected all the fish,Je hebt alle vissen verzameld,,new_since_2026-08-22,no,no,,,"Under the character on the result card when the board was filled. One sentence per food, so the noun can take whatever case, article and word order the language needs. Languages without a translation use the English food-specific sentence.",Add and review the translation for this language.
missing_translation,Localizable,game.end.completionSubtitle.fish,as,Assamese,অসমীয়া,You collected all the fish,Je hebt alle vissen verzameld,,new_since_2026-08-22,no,no,,,"Under the character on the result card when the board was filled. One sentence per food, so the noun can take whatever case, article and word order the language needs. Languages without a translation use the English food-specific sentence.",Add and review the translation for this language.
missing_translation,Localizable,game.end.completionSubtitle.fish,az,Azerbaijani,azərbaycan,You collected all the fish,Je hebt alle vissen verzameld,,new_since_2026-08-22,no,no,,,"Under the character on the result card when the board was filled. One sentence per food, so the noun can take whatever case, article and word order the language needs. Languages without a translation use the English food-specific sentence.",Add and review the translation for this language.
missing_translation,Localizable,game.end.completionSubtitle.fish,be,Belarusian,беларуская,You collected all the fish,Je hebt alle vissen verzameld,,new_since_2026-08-22,no,no,,,"Under the character on the result card when the board was filled. One sentence per food, so the noun can take whatever case, article and word order the language needs. Languages without a translation use the English food-specific sentence.",Add and review the translation for this language.
missing_translation,Localizable,game.end.completionSubtitle.fish,bg,Bulgarian,български,You collected all the fish,Je hebt alle vissen verzameld,,new_since_2026-08-22,no,no,,,"Under the character on the result card when the board was filled. One sentence per food, so the noun can take whatever case, article and word order the language needs. Languages without a translation use the English food-specific sentence.",Add and review the translation for this language.
missing_translation,Localizable,game.end.completionSubtitle.fish,bn,Bangla,বাংলা,You collected all the fish,Je hebt alle vissen verzameld,,new_since_2026-08-22,no,no,,,"Under the character on the result card when the board was filled. One sentence per food, so the noun can take whatever case, article and word order the language needs. Languages without a translation use the English food-specific sentence.",Add and review the translation for this language.
missing_translation,Localizable,game.end.completionSubtitle.fish,bo,Tibetan,བོད་སྐད་,You collected all the fish,Je hebt alle vissen verzameld,,new_since_2026-08-22,no,no,,,"Under the character on the result card when the board was filled. One sentence per food, so the noun can take whatever case, article and word order the language needs. Languages without a translation use the English food-specific sentence.",Add and review the translation for this language.
missing_translation,Localizable,game.end.completionSubtitle.fish,bs,Bosnian,bosanski,You collected all the fish,Je hebt alle vissen verzameld,,new_since_2026-08-22,no,no,,,"Under the character on the result card when the board was filled. One sentence per food, so the noun can take whatever case, article and word order the language needs. Languages without a translation use the English food-specific sentence.",Add and review the translation for this language.
missing_translation,Localizable,game.end.completionSubtitle.fish,ca,Catalan,català,You collected all the fish,Je hebt alle vissen verzameld,,new_since_2026-08-22,no,no,,,"Under the character on the result card when the board was filled. One sentence per food, so the noun can take whatever case, article and word order the language needs. Languages without a translation use the English food-specific sentence.",Add and review the translation for this language.
missing_translation,Localizable,game.end.completionSubtitle.fish,cs,Czech,čeština,You collected all the fish,Je hebt alle vissen verzameld,,new_since_2026-08-22,no,no,,,"Under the character on the result card when the board was filled. One sentence per food, so the noun can take whatever case, article and word order the language needs. Languages without a translation use the English food-specific sentence.",Add and review the translation for this language.
missing_translation,Localizable,game.end.completionSubtitle.fish,cy,Welsh,Cymraeg,You collected all the fish,Je hebt alle vissen verzameld,,new_since_2026-08-22,no,no,,,"Under the character on the result card when the board was filled. One sentence per food, so the noun can take whatever case, article and word order the language needs. Languages without a translation use the English food-specific sentence.",Add and review the translation for this language.
missing_translation,Localizable,game.end.completionSubtitle.fish,da,Danish,dansk,You collected all the fish,Je hebt alle vissen verzameld,,new_since_2026-08-22,no,no,,,"Under the character on the result card when the board was filled. One sentence per food, so the noun can take whatever case, article and word order the language needs. Languages without a translation use the English food-specific sentence.",Add and review the translation for this language.
missing_translation,Localizable,game.end.completionSubtitle.fish,de,German,Deutsch,You collected all the fish,Je hebt alle vissen verzameld,,new_since_2026-08-22,no,no,,,"Under the character on the result card when the board was filled. One sentence per food, so the noun can take whatever case, article and word order the language needs. Languages without a translation use the English food-specific sentence.",Add and review the translation for this language.
missing_translation,Localizable,game.end.completionSubtitle.fish,el,Greek,Ελληνικά,You collected all the fish,Je hebt alle vissen verzameld,,new_since_2026-08-22,no,no,,,"Under the character on the result card when the board was filled. One sentence per food, so the noun can take whatever case, article and word order the language needs. Languages without a translation use the English food-specific sentence.",Add and review the translation for this language.
missing_translation,Localizable,game.end.completionSubtitle.fish,es,Spanish,español,You collected all the fish,Je hebt alle vissen verzameld,,new_since_2026-08-22,no,no,,,"Under the character on the result card when the board was filled. One sentence per food, so the noun can take whatever case, article and word order the language needs. Languages without a translation use the English food-specific sentence.",Add and review the translation for this language.
missing_translation,Localizable,game.end.completionSubtitle.fish,et,Estonian,eesti,You collected all the fish,Je hebt alle vissen verzameld,,new_since_2026-08-22,no,no,,,"Under the character on the result card when the board was filled. One sentence per food, so the noun can take whatever case, article and word order the language needs. Languages without a translation use the English food-specific sentence.",Add and review the translation for this language.
missing_translation,Localizable,game.end.completionSubtitle.fish,eu,Basque,euskara,You collected all the fish,Je hebt alle vissen verzameld,,new_since_2026-08-22,no,no,,,"Under the character on the result card when the board was filled. One sentence per food, so the noun can take whatever case, article and word order the language needs. Languages without a translation use the English food-specific sentence.",Add and review the translation for this language.
missing_translation,Localizable,game.end.completionSubtitle.fish,fa,Persian,فارسی,You collected all the fish,Je hebt alle vissen verzameld,,new_since_2026-08-22,no,no,,,"Under the character on the result card when the board was filled. One sentence per food, so the noun can take whatever case, article and word order the language needs. Languages without a translation use the English food-specific sentence.",Add and review the translation for this language.
missing_translation,Localizable,game.end.completionSubtitle.fish,fi,Finnish,suomi,You collected all the fish,Je hebt alle vissen verzameld,,new_since_2026-08-22,no,no,,,"Under the character on the result card when the board was filled. One sentence per food, so the noun can take whatever case, article and word order the language needs. Languages without a translation use the English food-specific sentence.",Add and review the translation for this language.
missing_translation,Localizable,game.end.completionSubtitle.fish,fo,Faroese,føroyskt,You collected all the fish,Je hebt alle vissen verzameld,,new_since_2026-08-22,no,no,,,"Under the character on the result card when the board was filled. One sentence per food, so the noun can take whatever case, article and word order the language needs. Languages without a translation use the English food-specific sentence.",Add and review the translation for this language.
missing_translation,Localizable,game.end.completionSubtitle.fish,fr,French,français,You collected all the fish,Je hebt alle vissen verzameld,,new_since_2026-08-22,no,no,,,"Under the character on the result card when the board was filled. One sentence per food, so the noun can take whatever case, article and word order the language needs. Languages without a translation use the English food-specific sentence.",Add and review the translation for this language.
missing_translation,Localizable,game.end.completionSubtitle.fish,ga,Irish,Gaeilge,You collected all the fish,Je hebt alle vissen verzameld,,new_since_2026-08-22,no,no,,,"Under the character on the result card when the board was filled. One sentence per food, so the noun can take whatever case, article and word order the language needs. Languages without a translation use the English food-specific sentence.",Add and review the translation for this language.
missing_translation,Localizable,game.end.completionSubtitle.fish,gl,Galician,galego,You collected all the fish,Je hebt alle vissen verzameld,,new_since_2026-08-22,no,no,,,"Under the character on the result card when the board was filled. One sentence per food, so the noun can take whatever case, article and word order the language needs. Languages without a translation use the English food-specific sentence.",Add and review the translation for this language.
missing_translation,Localizable,game.end.completionSubtitle.fish,gu,Gujarati,ગુજરાતી,You collected all the fish,Je hebt alle vissen verzameld,,new_since_2026-08-22,no,no,,,"Under the character on the result card when the board was filled. One sentence per food, so the noun can take whatever case, article and word order the language needs. Languages without a translation use the English food-specific sentence.",Add and review the translation for this language.
missing_translation,Localizable,game.end.completionSubtitle.fish,he,Hebrew,עברית,You collected all the fish,Je hebt alle vissen verzameld,,new_since_2026-08-22,no,no,,,"Under the character on the result card when the board was filled. One sentence per food, so the noun can take whatever case, article and word order the language needs. Languages without a translation use the English food-specific sentence.",Add and review the translation for this language.
missing_translation,Localizable,game.end.completionSubtitle.fish,hi,Hindi,हिन्दी,You collected all the fish,Je hebt alle vissen verzameld,,new_since_2026-08-22,no,no,,,"Under the character on the result card when the board was filled. One sentence per food, so the noun can take whatever case, article and word order the language needs. Languages without a translation use the English food-specific sentence.",Add and review the translation for this language.
missing_translation,Localizable,game.end.completionSubtitle.fish,hr,Croatian,hrvatski,You collected all the fish,Je hebt alle vissen verzameld,,new_since_2026-08-22,no,no,,,"Under the character on the result card when the board was filled. One sentence per food, so the noun can take whatever case, article and word order the language needs. Languages without a translation use the English food-specific sentence.",Add and review the translation for this language.
missing_translation,Localizable,game.end.completionSubtitle.fish,hu,Hungarian,magyar,You collected all the fish,Je hebt alle vissen verzameld,,new_since_2026-08-22,no,no,,,"Under the character on the result card when the board was filled. One sentence per food, so the noun can take whatever case, article and word order the language needs. Languages without a translation use the English food-specific sentence.",Add and review the translation for this language.
missing_translation,Localizable,game.end.completionSubtitle.fish,hy,Armenian,հայերեն,You collected all the fish,Je hebt alle vissen verzameld,,new_since_2026-08-22,no,no,,,"Under the character on the result card when the board was filled. One sentence per food, so the noun can take whatever case, article and word order the language needs. Languages without a translation use the English food-specific sentence.",Add and review the translation for this language.
missing_translation,Localizable,game.end.completionSubtitle.fish,id,Indonesian,Indonesia,You collected all the fish,Je hebt alle vissen verzameld,,new_since_2026-08-22,no,no,,,"Under the character on the result card when the board was filled. One sentence per food, so the noun can take whatever case, article and word order the language needs. Languages without a translation use the English food-specific sentence.",Add and review the translation for this language.
missing_translation,Localizable,game.end.completionSubtitle.fish,is,Icelandic,íslenska,You collected all the fish,Je hebt alle vissen verzameld,,new_since_2026-08-22,no,no,,,"Under the character on the result card when the board was filled. One sentence per food, so the noun can take whatever case, article and word order the language needs. Languages without a translation use the English food-specific sentence.",Add and review the translation for this language.
missing_translation,Localizable,game.end.completionSubtitle.fish,it,Italian,italiano,You collected all the fish,Je hebt alle vissen verzameld,,new_since_2026-08-22,no,no,,,"Under the character on the result card when the board was filled. One sentence per food, so the noun can take whatever case, article and word order the language needs. Languages without a translation use the English food-specific sentence.",Add and review the translation for this language.
missing_translation,Localizable,game.end.completionSubtitle.fish,ja,Japanese,日本語,You collected all the fish,Je hebt alle vissen verzameld,,new_since_2026-08-22,no,no,,,"Under the character on the result card when the board was filled. One sentence per food, so the noun can take whatever case, article and word order the language needs. Languages without a translation use the English food-specific sentence.",Add and review the translation for this language.
missing_translation,Localizable,game.end.completionSubtitle.fish,ka,Georgian,ქართული,You collected all the fish,Je hebt alle vissen verzameld,,new_since_2026-08-22,no,no,,,"Under the character on the result card when the board was filled. One sentence per food, so the noun can take whatever case, article and word order the language needs. Languages without a translation use the English food-specific sentence.",Add and review the translation for this language.
missing_translation,Localizable,game.end.completionSubtitle.fish,kk,Kazakh,қазақ тілі,You collected all the fish,Je hebt alle vissen verzameld,,new_since_2026-08-22,no,no,,,"Under the character on the result card when the board was filled. One sentence per food, so the noun can take whatever case, article and word order the language needs. Languages without a translation use the English food-specific sentence.",Add and review the translation for this language.
missing_translation,Localizable,game.end.completionSubtitle.fish,km,Khmer,ខ្មែរ,You collected all the fish,Je hebt alle vissen verzameld,,new_since_2026-08-22,no,no,,,"Under the character on the result card when the board was filled. One sentence per food, so the noun can take whatever case, article and word order the language needs. Languages without a translation use the English food-specific sentence.",Add and review the translation for this language.
missing_translation,Localizable,game.end.completionSubtitle.fish,kn,Kannada,ಕನ್ನಡ,You collected all the fish,Je hebt alle vissen verzameld,,new_since_2026-08-22,no,no,,,"Under the character on the result card when the board was filled. One sentence per food, so the noun can take whatever case, article and word order the language needs. Languages without a translation use the English food-specific sentence.",Add and review the translation for this language.
missing_translation,Localizable,game.end.completionSubtitle.fish,ko,Korean,한국어,You collected all the fish,Je hebt alle vissen verzameld,,new_since_2026-08-22,no,no,,,"Under the character on the result card when the board was filled. One sentence per food, so the noun can take whatever case, article and word order the language needs. Languages without a translation use the English food-specific sentence.",Add and review the translation for this language.
missing_translation,Localizable,game.end.completionSubtitle.fish,lo,Lao,ລາວ,You collected all the fish,Je hebt alle vissen verzameld,,new_since_2026-08-22,no,no,,,"Under the character on the result card when the board was filled. One sentence per food, so the noun can take whatever case, article and word order the language needs. Languages without a translation use the English food-specific sentence.",Add and review the translation for this language.
missing_translation,Localizable,game.end.completionSubtitle.fish,lt,Lithuanian,lietuvių,You collected all the fish,Je hebt alle vissen verzameld,,new_since_2026-08-22,no,no,,,"Under the character on the result card when the board was filled. One sentence per food, so the noun can take whatever case, article and word order the language needs. Languages without a translation use the English food-specific sentence.",Add and review the translation for this language.
missing_translation,Localizable,game.end.completionSubtitle.fish,lv,Latvian,latviešu,You collected all the fish,Je hebt alle vissen verzameld,,new_since_2026-08-22,no,no,,,"Under the character on the result card when the board was filled. One sentence per food, so the noun can take whatever case, article and word order the language needs. Languages without a translation use the English food-specific sentence.",Add and review the translation for this language.
missing_translation,Localizable,game.end.completionSubtitle.fish,mk,Macedonian,македонски,You collected all the fish,Je hebt alle vissen verzameld,,new_since_2026-08-22,no,no,,,"Under the character on the result card when the board was filled. One sentence per food, so the noun can take whatever case, article and word order the language needs. Languages without a translation use the English food-specific sentence.",Add and review the translation for this language.
missing_translation,Localizable,game.end.completionSubtitle.fish,ml,Malayalam,മലയാളം,You collected all the fish,Je hebt alle vissen verzameld,,new_since_2026-08-22,no,no,,,"Under the character on the result card when the board was filled. One sentence per food, so the noun can take whatever case, article and word order the language needs. Languages without a translation use the English food-specific sentence.",Add and review the translation for this language.
missing_translation,Localizable,game.end.completionSubtitle.fish,mn,Mongolian,монгол,You collected all the fish,Je hebt alle vissen verzameld,,new_since_2026-08-22,no,no,,,"Under the character on the result card when the board was filled. One sentence per food, so the noun can take whatever case, article and word order the language needs. Languages without a translation use the English food-specific sentence.",Add and review the translation for this language.
missing_translation,Localizable,game.end.completionSubtitle.fish,mr,Marathi,मराठी,You collected all the fish,Je hebt alle vissen verzameld,,new_since_2026-08-22,no,no,,,"Under the character on the result card when the board was filled. One sentence per food, so the noun can take whatever case, article and word order the language needs. Languages without a translation use the English food-specific sentence.",Add and review the translation for this language.
missing_translation,Localizable,game.end.completionSubtitle.fish,ms,Malay,Melayu,You collected all the fish,Je hebt alle vissen verzameld,,new_since_2026-08-22,no,no,,,"Under the character on the result card when the board was filled. One sentence per food, so the noun can take whatever case, article and word order the language needs. Languages without a translation use the English food-specific sentence.",Add and review the translation for this language.
missing_translation,Localizable,game.end.completionSubtitle.fish,my,Burmese,မြန်မာ,You collected all the fish,Je hebt alle vissen verzameld,,new_since_2026-08-22,no,no,,,"Under the character on the result card when the board was filled. One sentence per food, so the noun can take whatever case, article and word order the language needs. Languages without a translation use the English food-specific sentence.",Add and review the translation for this language.
missing_translation,Localizable,game.end.completionSubtitle.fish,nb,Norwegian Bokmål,norsk bokmål,You collected all the fish,Je hebt alle vissen verzameld,,new_since_2026-08-22,no,no,,,"Under the character on the result card when the board was filled. One sentence per food, so the noun can take whatever case, article and word order the language needs. Languages without a translation use the English food-specific sentence.",Add and review the translation for this language.
missing_translation,Localizable,game.end.completionSubtitle.fish,ne,Nepali,नेपाली,You collected all the fish,Je hebt alle vissen verzameld,,new_since_2026-08-22,no,no,,,"Under the character on the result card when the board was filled. One sentence per food, so the noun can take whatever case, article and word order the language needs. Languages without a translation use the English food-specific sentence.",Add and review the translation for this language.
missing_translation,Localizable,game.end.completionSubtitle.fish,or,Odia,ଓଡ଼ିଆ,You collected all the fish,Je hebt alle vissen verzameld,,new_since_2026-08-22,no,no,,,"Under the character on the result card when the board was filled. One sentence per food, so the noun can take whatever case, article and word order the language needs. Languages without a translation use the English food-specific sentence.",Add and review the translation for this language.
missing_translation,Localizable,game.end.completionSubtitle.fish,pa,Punjabi,ਪੰਜਾਬੀ,You collected all the fish,Je hebt alle vissen verzameld,,new_since_2026-08-22,no,no,,,"Under the character on the result card when the board was filled. One sentence per food, so the noun can take whatever case, article and word order the language needs. Languages without a translation use the English food-specific sentence.",Add and review the translation for this language.
missing_translation,Localizable,game.end.completionSubtitle.fish,pl,Polish,polski,You collected all the fish,Je hebt alle vissen verzameld,,new_since_2026-08-22,no,no,,,"Under the character on the result card when the board was filled. One sentence per food, so the noun can take whatever case, article and word order the language needs. Languages without a translation use the English food-specific sentence.",Add and review the translation for this language.
missing_translation,Localizable,game.end.completionSubtitle.fish,pt,Portuguese,português,You collected all the fish,Je hebt alle vissen verzameld,,new_since_2026-08-22,no,no,,,"Under the character on the result card when the board was filled. One sentence per food, so the noun can take whatever case, article and word order the language needs. Languages without a translation use the English food-specific sentence.",Add and review the translation for this language.
missing_translation,Localizable,game.end.completionSubtitle.fish,ro,Romanian,română,You collected all the fish,Je hebt alle vissen verzameld,,new_since_2026-08-22,no,no,,,"Under the character on the result card when the board was filled. One sentence per food, so the noun can take whatever case, article and word order the language needs. Languages without a translation use the English food-specific sentence.",Add and review the translation for this language.
missing_translation,Localizable,game.end.completionSubtitle.fish,ru,Russian,русский,You collected all the fish,Je hebt alle vissen verzameld,,new_since_2026-08-22,no,no,,,"Under the character on the result card when the board was filled. One sentence per food, so the noun can take whatever case, article and word order the language needs. Languages without a translation use the English food-specific sentence.",Add and review the translation for this language.
missing_translation,Localizable,game.end.completionSubtitle.fish,si,Sinhala,සිංහල,You collected all the fish,Je hebt alle vissen verzameld,,new_since_2026-08-22,no,no,,,"Under the character on the result card when the board was filled. One sentence per food, so the noun can take whatever case, article and word order the language needs. Languages without a translation use the English food-specific sentence.",Add and review the translation for this language.
missing_translation,Localizable,game.end.completionSubtitle.fish,sk,Slovak,slovenčina,You collected all the fish,Je hebt alle vissen verzameld,,new_since_2026-08-22,no,no,,,"Under the character on the result card when the board was filled. One sentence per food, so the noun can take whatever case, article and word order the language needs. Languages without a translation use the English food-specific sentence.",Add and review the translation for this language.
missing_translation,Localizable,game.end.completionSubtitle.fish,sl,Slovenian,slovenščina,You collected all the fish,Je hebt alle vissen verzameld,,new_since_2026-08-22,no,no,,,"Under the character on the result card when the board was filled. One sentence per food, so the noun can take whatever case, article and word order the language needs. Languages without a translation use the English food-specific sentence.",Add and review the translation for this language.
missing_translation,Localizable,game.end.completionSubtitle.fish,sq,Albanian,shqip,You collected all the fish,Je hebt alle vissen verzameld,,new_since_2026-08-22,no,no,,,"Under the character on the result card when the board was filled. One sentence per food, so the noun can take whatever case, article and word order the language needs. Languages without a translation use the English food-specific sentence.",Add and review the translation for this language.
missing_translation,Localizable,game.end.completionSubtitle.fish,sr,Serbian,српски,You collected all the fish,Je hebt alle vissen verzameld,,new_since_2026-08-22,no,no,,,"Under the character on the result card when the board was filled. One sentence per food, so the noun can take whatever case, article and word order the language needs. Languages without a translation use the English food-specific sentence.",Add and review the translation for this language.
missing_translation,Localizable,game.end.completionSubtitle.fish,sv,Swedish,svenska,You collected all the fish,Je hebt alle vissen verzameld,,new_since_2026-08-22,no,no,,,"Under the character on the result card when the board was filled. One sentence per food, so the noun can take whatever case, article and word order the language needs. Languages without a translation use the English food-specific sentence.",Add and review the translation for this language.
missing_translation,Localizable,game.end.completionSubtitle.fish,sw,Swahili,Kiswahili,You collected all the fish,Je hebt alle vissen verzameld,,new_since_2026-08-22,no,no,,,"Under the character on the result card when the board was filled. One sentence per food, so the noun can take whatever case, article and word order the language needs. Languages without a translation use the English food-specific sentence.",Add and review the translation for this language.
missing_translation,Localizable,game.end.completionSubtitle.fish,ta,Tamil,தமிழ்,You collected all the fish,Je hebt alle vissen verzameld,,new_since_2026-08-22,no,no,,,"Under the character on the result card when the board was filled. One sentence per food, so the noun can take whatever case, article and word order the language needs. Languages without a translation use the English food-specific sentence.",Add and review the translation for this language.
missing_translation,Localizable,game.end.completionSubtitle.fish,te,Telugu,తెలుగు,You collected all the fish,Je hebt alle vissen verzameld,,new_since_2026-08-22,no,no,,,"Under the character on the result card when the board was filled. One sentence per food, so the noun can take whatever case, article and word order the language needs. Languages without a translation use the English food-specific sentence.",Add and review the translation for this language.
missing_translation,Localizable,game.end.completionSubtitle.fish,th,Thai,ไทย,You collected all the fish,Je hebt alle vissen verzameld,,new_since_2026-08-22,no,no,,,"Under the character on the result card when the board was filled. One sentence per food, so the noun can take whatever case, article and word order the language needs. Languages without a translation use the English food-specific sentence.",Add and review the translation for this language.
missing_translation,Localizable,game.end.completionSubtitle.fish,tr,Turkish,Türkçe,You collected all the fish,Je hebt alle vissen verzameld,,new_since_2026-08-22,no,no,,,"Under the character on the result card when the board was filled. One sentence per food, so the noun can take whatever case, article and word order the language needs. Languages without a translation use the English food-specific sentence.",Add and review the translation for this language.
missing_translation,Localizable,game.end.completionSubtitle.fish,ug,Uyghur,ئۇيغۇرچە,You collected all the fish,Je hebt alle vissen verzameld,,new_since_2026-08-22,no,no,,,"Under the character on the result card when the board was filled. One sentence per food, so the noun can take whatever case, article and word order the language needs. Languages without a translation use the English food-specific sentence.",Add and review the translation for this language.
missing_translation,Localizable,game.end.completionSubtitle.fish,uk,Ukrainian,українська,You collected all the fish,Je hebt alle vissen verzameld,,new_since_2026-08-22,no,no,,,"Under the character on the result card when the board was filled. One sentence per food, so the noun can take whatever case, article and word order the language needs. Languages without a translation use the English food-specific sentence.",Add and review the translation for this language.
missing_translation,Localizable,game.end.completionSubtitle.fish,ur,Urdu,اردو,You collected all the fish,Je hebt alle vissen verzameld,,new_since_2026-08-22,no,no,,,"Under the character on the result card when the board was filled. One sentence per food, so the noun can take whatever case, article and word order the language needs. Languages without a translation use the English food-specific sentence.",Add and review the translation for this language.
missing_translation,Localizable,game.end.completionSubtitle.fish,uz,Uzbek,o‘zbek,You collected all the fish,Je hebt alle vissen verzameld,,new_since_2026-08-22,no,no,,,"Under the character on the result card when the board was filled. One sentence per food, so the noun can take whatever case, article and word order the language needs. Languages without a translation use the English food-specific sentence.",Add and review the translation for this language.
missing_translation,Localizable,game.end.completionSubtitle.fish,vi,Vietnamese,Tiếng Việt,You collected all the fish,Je hebt alle vissen verzameld,,new_since_2026-08-22,no,no,,,"Under the character on the result card when the board was filled. One sentence per food, so the noun can take whatever case, article and word order the language needs. Languages without a translation use the English food-specific sentence.",Add and review the translation for this language.
missing_translation,Localizable,game.end.completionSubtitle.fish,zh,Chinese,中文,You collected all the fish,Je hebt alle vissen verzameld,,new_since_2026-08-22,no,no,,,"Under the character on the result card when the board was filled. One sentence per food, so the noun can take whatever case, article and word order the language needs. Languages without a translation use the English food-specific sentence.",Add and review the translation for this language.
missing_translation,Localizable,game.end.completionSubtitle.fish,zu,Zulu,isiZulu,You collected all the fish,Je hebt alle vissen verzameld,,new_since_2026-08-22,no,no,,,"Under the character on the result card when the board was filled. One sentence per food, so the noun can take whatever case, article and word order the language needs. Languages without a translation use the English food-specific sentence.",Add and review the translation for this language.
missing_translation,Localizable,game.end.completionSubtitle.honey,af,Afrikaans,Afrikaans,You collected all the pots of honey,Je hebt alle potjes honing verzameld,,new_since_2026-08-22,no,no,,,"Under the character on the result card when the board was filled. One sentence per food, so the noun can take whatever case, article and word order the language needs. Languages without a translation use the English food-specific sentence.",Add and review the translation for this language.
missing_translation,Localizable,game.end.completionSubtitle.honey,am,Amharic,አማርኛ,You collected all the pots of honey,Je hebt alle potjes honing verzameld,,new_since_2026-08-22,no,no,,,"Under the character on the result card when the board was filled. One sentence per food, so the noun can take whatever case, article and word order the language needs. Languages without a translation use the English food-specific sentence.",Add and review the translation for this language.
missing_translation,Localizable,game.end.completionSubtitle.honey,ar,Arabic,العربية,You collected all the pots of honey,Je hebt alle potjes honing verzameld,,new_since_2026-08-22,no,no,,,"Under the character on the result card when the board was filled. One sentence per food, so the noun can take whatever case, article and word order the language needs. Languages without a translation use the English food-specific sentence.",Add and review the translation for this language.
missing_translation,Localizable,game.end.completionSubtitle.honey,as,Assamese,অসমীয়া,You collected all the pots of honey,Je hebt alle potjes honing verzameld,,new_since_2026-08-22,no,no,,,"Under the character on the result card when the board was filled. One sentence per food, so the noun can take whatever case, article and word order the language needs. Languages without a translation use the English food-specific sentence.",Add and review the translation for this language.
missing_translation,Localizable,game.end.completionSubtitle.honey,az,Azerbaijani,azərbaycan,You collected all the pots of honey,Je hebt alle potjes honing verzameld,,new_since_2026-08-22,no,no,,,"Under the character on the result card when the board was filled. One sentence per food, so the noun can take whatever case, article and word order the language needs. Languages without a translation use the English food-specific sentence.",Add and review the translation for this language.
missing_translation,Localizable,game.end.completionSubtitle.honey,be,Belarusian,беларуская,You collected all the pots of honey,Je hebt alle potjes honing verzameld,,new_since_2026-08-22,no,no,,,"Under the character on the result card when the board was filled. One sentence per food, so the noun can take whatever case, article and word order the language needs. Languages without a translation use the English food-specific sentence.",Add and review the translation for this language.
missing_translation,Localizable,game.end.completionSubtitle.honey,bg,Bulgarian,български,You collected all the pots of honey,Je hebt alle potjes honing verzameld,,new_since_2026-08-22,no,no,,,"Under the character on the result card when the board was filled. One sentence per food, so the noun can take whatever case, article and word order the language needs. Languages without a translation use the English food-specific sentence.",Add and review the translation for this language.
missing_translation,Localizable,game.end.completionSubtitle.honey,bn,Bangla,বাংলা,You collected all the pots of honey,Je hebt alle potjes honing verzameld,,new_since_2026-08-22,no,no,,,"Under the character on the result card when the board was filled. One sentence per food, so the noun can take whatever case, article and word order the language needs. Languages without a translation use the English food-specific sentence.",Add and review the translation for this language.
missing_translation,Localizable,game.end.completionSubtitle.honey,bo,Tibetan,བོད་སྐད་,You collected all the pots of honey,Je hebt alle potjes honing verzameld,,new_since_2026-08-22,no,no,,,"Under the character on the result card when the board was filled. One sentence per food, so the noun can take whatever case, article and word order the language needs. Languages without a translation use the English food-specific sentence.",Add and review the translation for this language.
missing_translation,Localizable,game.end.completionSubtitle.honey,bs,Bosnian,bosanski,You collected all the pots of honey,Je hebt alle potjes honing verzameld,,new_since_2026-08-22,no,no,,,"Under the character on the result card when the board was filled. One sentence per food, so the noun can take whatever case, article and word order the language needs. Languages without a translation use the English food-specific sentence.",Add and review the translation for this language.
missing_translation,Localizable,game.end.completionSubtitle.honey,ca,Catalan,català,You collected all the pots of honey,Je hebt alle potjes honing verzameld,,new_since_2026-08-22,no,no,,,"Under the character on the result card when the board was filled. One sentence per food, so the noun can take whatever case, article and word order the language needs. Languages without a translation use the English food-specific sentence.",Add and review the translation for this language.
missing_translation,Localizable,game.end.completionSubtitle.honey,cs,Czech,čeština,You collected all the pots of honey,Je hebt alle potjes honing verzameld,,new_since_2026-08-22,no,no,,,"Under the character on the result card when the board was filled. One sentence per food, so the noun can take whatever case, article and word order the language needs. Languages without a translation use the English food-specific sentence.",Add and review the translation for this language.
missing_translation,Localizable,game.end.completionSubtitle.honey,cy,Welsh,Cymraeg,You collected all the pots of honey,Je hebt alle potjes honing verzameld,,new_since_2026-08-22,no,no,,,"Under the character on the result card when the board was filled. One sentence per food, so the noun can take whatever case, article and word order the language needs. Languages without a translation use the English food-specific sentence.",Add and review the translation for this language.
missing_translation,Localizable,game.end.completionSubtitle.honey,da,Danish,dansk,You collected all the pots of honey,Je hebt alle potjes honing verzameld,,new_since_2026-08-22,no,no,,,"Under the character on the result card when the board was filled. One sentence per food, so the noun can take whatever case, article and word order the language needs. Languages without a translation use the English food-specific sentence.",Add and review the translation for this language.
missing_translation,Localizable,game.end.completionSubtitle.honey,de,German,Deutsch,You collected all the pots of honey,Je hebt alle potjes honing verzameld,,new_since_2026-08-22,no,no,,,"Under the character on the result card when the board was filled. One sentence per food, so the noun can take whatever case, article and word order the language needs. Languages without a translation use the English food-specific sentence.",Add and review the translation for this language.
missing_translation,Localizable,game.end.completionSubtitle.honey,el,Greek,Ελληνικά,You collected all the pots of honey,Je hebt alle potjes honing verzameld,,new_since_2026-08-22,no,no,,,"Under the character on the result card when the board was filled. One sentence per food, so the noun can take whatever case, article and word order the language needs. Languages without a translation use the English food-specific sentence.",Add and review the translation for this language.
missing_translation,Localizable,game.end.completionSubtitle.honey,es,Spanish,español,You collected all the pots of honey,Je hebt alle potjes honing verzameld,,new_since_2026-08-22,no,no,,,"Under the character on the result card when the board was filled. One sentence per food, so the noun can take whatever case, article and word order the language needs. Languages without a translation use the English food-specific sentence.",Add and review the translation for this language.
missing_translation,Localizable,game.end.completionSubtitle.honey,et,Estonian,eesti,You collected all the pots of honey,Je hebt alle potjes honing verzameld,,new_since_2026-08-22,no,no,,,"Under the character on the result card when the board was filled. One sentence per food, so the noun can take whatever case, article and word order the language needs. Languages without a translation use the English food-specific sentence.",Add and review the translation for this language.
missing_translation,Localizable,game.end.completionSubtitle.honey,eu,Basque,euskara,You collected all the pots of honey,Je hebt alle potjes honing verzameld,,new_since_2026-08-22,no,no,,,"Under the character on the result card when the board was filled. One sentence per food, so the noun can take whatever case, article and word order the language needs. Languages without a translation use the English food-specific sentence.",Add and review the translation for this language.
missing_translation,Localizable,game.end.completionSubtitle.honey,fa,Persian,فارسی,You collected all the pots of honey,Je hebt alle potjes honing verzameld,,new_since_2026-08-22,no,no,,,"Under the character on the result card when the board was filled. One sentence per food, so the noun can take whatever case, article and word order the language needs. Languages without a translation use the English food-specific sentence.",Add and review the translation for this language.
missing_translation,Localizable,game.end.completionSubtitle.honey,fi,Finnish,suomi,You collected all the pots of honey,Je hebt alle potjes honing verzameld,,new_since_2026-08-22,no,no,,,"Under the character on the result card when the board was filled. One sentence per food, so the noun can take whatever case, article and word order the language needs. Languages without a translation use the English food-specific sentence.",Add and review the translation for this language.
missing_translation,Localizable,game.end.completionSubtitle.honey,fo,Faroese,føroyskt,You collected all the pots of honey,Je hebt alle potjes honing verzameld,,new_since_2026-08-22,no,no,,,"Under the character on the result card when the board was filled. One sentence per food, so the noun can take whatever case, article and word order the language needs. Languages without a translation use the English food-specific sentence.",Add and review the translation for this language.
missing_translation,Localizable,game.end.completionSubtitle.honey,fr,French,français,You collected all the pots of honey,Je hebt alle potjes honing verzameld,,new_since_2026-08-22,no,no,,,"Under the character on the result card when the board was filled. One sentence per food, so the noun can take whatever case, article and word order the language needs. Languages without a translation use the English food-specific sentence.",Add and review the translation for this language.
missing_translation,Localizable,game.end.completionSubtitle.honey,ga,Irish,Gaeilge,You collected all the pots of honey,Je hebt alle potjes honing verzameld,,new_since_2026-08-22,no,no,,,"Under the character on the result card when the board was filled. One sentence per food, so the noun can take whatever case, article and word order the language needs. Languages without a translation use the English food-specific sentence.",Add and review the translation for this language.
missing_translation,Localizable,game.end.completionSubtitle.honey,gl,Galician,galego,You collected all the pots of honey,Je hebt alle potjes honing verzameld,,new_since_2026-08-22,no,no,,,"Under the character on the result card when the board was filled. One sentence per food, so the noun can take whatever case, article and word order the language needs. Languages without a translation use the English food-specific sentence.",Add and review the translation for this language.
missing_translation,Localizable,game.end.completionSubtitle.honey,gu,Gujarati,ગુજરાતી,You collected all the pots of honey,Je hebt alle potjes honing verzameld,,new_since_2026-08-22,no,no,,,"Under the character on the result card when the board was filled. One sentence per food, so the noun can take whatever case, article and word order the language needs. Languages without a translation use the English food-specific sentence.",Add and review the translation for this language.
missing_translation,Localizable,game.end.completionSubtitle.honey,he,Hebrew,עברית,You collected all the pots of honey,Je hebt alle potjes honing verzameld,,new_since_2026-08-22,no,no,,,"Under the character on the result card when the board was filled. One sentence per food, so the noun can take whatever case, article and word order the language needs. Languages without a translation use the English food-specific sentence.",Add and review the translation for this language.
missing_translation,Localizable,game.end.completionSubtitle.honey,hi,Hindi,हिन्दी,You collected all the pots of honey,Je hebt alle potjes honing verzameld,,new_since_2026-08-22,no,no,,,"Under the character on the result card when the board was filled. One sentence per food, so the noun can take whatever case, article and word order the language needs. Languages without a translation use the English food-specific sentence.",Add and review the translation for this language.
missing_translation,Localizable,game.end.completionSubtitle.honey,hr,Croatian,hrvatski,You collected all the pots of honey,Je hebt alle potjes honing verzameld,,new_since_2026-08-22,no,no,,,"Under the character on the result card when the board was filled. One sentence per food, so the noun can take whatever case, article and word order the language needs. Languages without a translation use the English food-specific sentence.",Add and review the translation for this language.
missing_translation,Localizable,game.end.completionSubtitle.honey,hu,Hungarian,magyar,You collected all the pots of honey,Je hebt alle potjes honing verzameld,,new_since_2026-08-22,no,no,,,"Under the character on the result card when the board was filled. One sentence per food, so the noun can take whatever case, article and word order the language needs. Languages without a translation use the English food-specific sentence.",Add and review the translation for this language.
missing_translation,Localizable,game.end.completionSubtitle.honey,hy,Armenian,հայերեն,You collected all the pots of honey,Je hebt alle potjes honing verzameld,,new_since_2026-08-22,no,no,,,"Under the character on the result card when the board was filled. One sentence per food, so the noun can take whatever case, article and word order the language needs. Languages without a translation use the English food-specific sentence.",Add and review the translation for this language.
missing_translation,Localizable,game.end.completionSubtitle.honey,id,Indonesian,Indonesia,You collected all the pots of honey,Je hebt alle potjes honing verzameld,,new_since_2026-08-22,no,no,,,"Under the character on the result card when the board was filled. One sentence per food, so the noun can take whatever case, article and word order the language needs. Languages without a translation use the English food-specific sentence.",Add and review the translation for this language.
missing_translation,Localizable,game.end.completionSubtitle.honey,is,Icelandic,íslenska,You collected all the pots of honey,Je hebt alle potjes honing verzameld,,new_since_2026-08-22,no,no,,,"Under the character on the result card when the board was filled. One sentence per food, so the noun can take whatever case, article and word order the language needs. Languages without a translation use the English food-specific sentence.",Add and review the translation for this language.
missing_translation,Localizable,game.end.completionSubtitle.honey,it,Italian,italiano,You collected all the pots of honey,Je hebt alle potjes honing verzameld,,new_since_2026-08-22,no,no,,,"Under the character on the result card when the board was filled. One sentence per food, so the noun can take whatever case, article and word order the language needs. Languages without a translation use the English food-specific sentence.",Add and review the translation for this language.
missing_translation,Localizable,game.end.completionSubtitle.honey,ja,Japanese,日本語,You collected all the pots of honey,Je hebt alle potjes honing verzameld,,new_since_2026-08-22,no,no,,,"Under the character on the result card when the board was filled. One sentence per food, so the noun can take whatever case, article and word order the language needs. Languages without a translation use the English food-specific sentence.",Add and review the translation for this language.
missing_translation,Localizable,game.end.completionSubtitle.honey,ka,Georgian,ქართული,You collected all the pots of honey,Je hebt alle potjes honing verzameld,,new_since_2026-08-22,no,no,,,"Under the character on the result card when the board was filled. One sentence per food, so the noun can take whatever case, article and word order the language needs. Languages without a translation use the English food-specific sentence.",Add and review the translation for this language.
missing_translation,Localizable,game.end.completionSubtitle.honey,kk,Kazakh,қазақ тілі,You collected all the pots of honey,Je hebt alle potjes honing verzameld,,new_since_2026-08-22,no,no,,,"Under the character on the result card when the board was filled. One sentence per food, so the noun can take whatever case, article and word order the language needs. Languages without a translation use the English food-specific sentence.",Add and review the translation for this language.
missing_translation,Localizable,game.end.completionSubtitle.honey,km,Khmer,ខ្មែរ,You collected all the pots of honey,Je hebt alle potjes honing verzameld,,new_since_2026-08-22,no,no,,,"Under the character on the result card when the board was filled. One sentence per food, so the noun can take whatever case, article and word order the language needs. Languages without a translation use the English food-specific sentence.",Add and review the translation for this language.
missing_translation,Localizable,game.end.completionSubtitle.honey,kn,Kannada,ಕನ್ನಡ,You collected all the pots of honey,Je hebt alle potjes honing verzameld,,new_since_2026-08-22,no,no,,,"Under the character on the result card when the board was filled. One sentence per food, so the noun can take whatever case, article and word order the language needs. Languages without a translation use the English food-specific sentence.",Add and review the translation for this language.
missing_translation,Localizable,game.end.completionSubtitle.honey,ko,Korean,한국어,You collected all the pots of honey,Je hebt alle potjes honing verzameld,,new_since_2026-08-22,no,no,,,"Under the character on the result card when the board was filled. One sentence per food, so the noun can take whatever case, article and word order the language needs. Languages without a translation use the English food-specific sentence.",Add and review the translation for this language.
missing_translation,Localizable,game.end.completionSubtitle.honey,lo,Lao,ລາວ,You collected all the pots of honey,Je hebt alle potjes honing verzameld,,new_since_2026-08-22,no,no,,,"Under the character on the result card when the board was filled. One sentence per food, so the noun can take whatever case, article and word order the language needs. Languages without a translation use the English food-specific sentence.",Add and review the translation for this language.
missing_translation,Localizable,game.end.completionSubtitle.honey,lt,Lithuanian,lietuvių,You collected all the pots of honey,Je hebt alle potjes honing verzameld,,new_since_2026-08-22,no,no,,,"Under the character on the result card when the board was filled. One sentence per food, so the noun can take whatever case, article and word order the language needs. Languages without a translation use the English food-specific sentence.",Add and review the translation for this language.
missing_translation,Localizable,game.end.completionSubtitle.honey,lv,Latvian,latviešu,You collected all the pots of honey,Je hebt alle potjes honing verzameld,,new_since_2026-08-22,no,no,,,"Under the character on the result card when the board was filled. One sentence per food, so the noun can take whatever case, article and word order the language needs. Languages without a translation use the English food-specific sentence.",Add and review the translation for this language.
missing_translation,Localizable,game.end.completionSubtitle.honey,mk,Macedonian,македонски,You collected all the pots of honey,Je hebt alle potjes honing verzameld,,new_since_2026-08-22,no,no,,,"Under the character on the result card when the board was filled. One sentence per food, so the noun can take whatever case, article and word order the language needs. Languages without a translation use the English food-specific sentence.",Add and review the translation for this language.
missing_translation,Localizable,game.end.completionSubtitle.honey,ml,Malayalam,മലയാളം,You collected all the pots of honey,Je hebt alle potjes honing verzameld,,new_since_2026-08-22,no,no,,,"Under the character on the result card when the board was filled. One sentence per food, so the noun can take whatever case, article and word order the language needs. Languages without a translation use the English food-specific sentence.",Add and review the translation for this language.
missing_translation,Localizable,game.end.completionSubtitle.honey,mn,Mongolian,монгол,You collected all the pots of honey,Je hebt alle potjes honing verzameld,,new_since_2026-08-22,no,no,,,"Under the character on the result card when the board was filled. One sentence per food, so the noun can take whatever case, article and word order the language needs. Languages without a translation use the English food-specific sentence.",Add and review the translation for this language.
missing_translation,Localizable,game.end.completionSubtitle.honey,mr,Marathi,मराठी,You collected all the pots of honey,Je hebt alle potjes honing verzameld,,new_since_2026-08-22,no,no,,,"Under the character on the result card when the board was filled. One sentence per food, so the noun can take whatever case, article and word order the language needs. Languages without a translation use the English food-specific sentence.",Add and review the translation for this language.
missing_translation,Localizable,game.end.completionSubtitle.honey,ms,Malay,Melayu,You collected all the pots of honey,Je hebt alle potjes honing verzameld,,new_since_2026-08-22,no,no,,,"Under the character on the result card when the board was filled. One sentence per food, so the noun can take whatever case, article and word order the language needs. Languages without a translation use the English food-specific sentence.",Add and review the translation for this language.
missing_translation,Localizable,game.end.completionSubtitle.honey,my,Burmese,မြန်မာ,You collected all the pots of honey,Je hebt alle potjes honing verzameld,,new_since_2026-08-22,no,no,,,"Under the character on the result card when the board was filled. One sentence per food, so the noun can take whatever case, article and word order the language needs. Languages without a translation use the English food-specific sentence.",Add and review the translation for this language.
missing_translation,Localizable,game.end.completionSubtitle.honey,nb,Norwegian Bokmål,norsk bokmål,You collected all the pots of honey,Je hebt alle potjes honing verzameld,,new_since_2026-08-22,no,no,,,"Under the character on the result card when the board was filled. One sentence per food, so the noun can take whatever case, article and word order the language needs. Languages without a translation use the English food-specific sentence.",Add and review the translation for this language.
missing_translation,Localizable,game.end.completionSubtitle.honey,ne,Nepali,नेपाली,You collected all the pots of honey,Je hebt alle potjes honing verzameld,,new_since_2026-08-22,no,no,,,"Under the character on the result card when the board was filled. One sentence per food, so the noun can take whatever case, article and word order the language needs. Languages without a translation use the English food-specific sentence.",Add and review the translation for this language.
missing_translation,Localizable,game.end.completionSubtitle.honey,or,Odia,ଓଡ଼ିଆ,You collected all the pots of honey,Je hebt alle potjes honing verzameld,,new_since_2026-08-22,no,no,,,"Under the character on the result card when the board was filled. One sentence per food, so the noun can take whatever case, article and word order the language needs. Languages without a translation use the English food-specific sentence.",Add and review the translation for this language.
missing_translation,Localizable,game.end.completionSubtitle.honey,pa,Punjabi,ਪੰਜਾਬੀ,You collected all the pots of honey,Je hebt alle potjes honing verzameld,,new_since_2026-08-22,no,no,,,"Under the character on the result card when the board was filled. One sentence per food, so the noun can take whatever case, article and word order the language needs. Languages without a translation use the English food-specific sentence.",Add and review the translation for this language.
missing_translation,Localizable,game.end.completionSubtitle.honey,pl,Polish,polski,You collected all the pots of honey,Je hebt alle potjes honing verzameld,,new_since_2026-08-22,no,no,,,"Under the character on the result card when the board was filled. One sentence per food, so the noun can take whatever case, article and word order the language needs. Languages without a translation use the English food-specific sentence.",Add and review the translation for this language.
missing_translation,Localizable,game.end.completionSubtitle.honey,pt,Portuguese,português,You collected all the pots of honey,Je hebt alle potjes honing verzameld,,new_since_2026-08-22,no,no,,,"Under the character on the result card when the board was filled. One sentence per food, so the noun can take whatever case, article and word order the language needs. Languages without a translation use the English food-specific sentence.",Add and review the translation for this language.
missing_translation,Localizable,game.end.completionSubtitle.honey,ro,Romanian,română,You collected all the pots of honey,Je hebt alle potjes honing verzameld,,new_since_2026-08-22,no,no,,,"Under the character on the result card when the board was filled. One sentence per food, so the noun can take whatever case, article and word order the language needs. Languages without a translation use the English food-specific sentence.",Add and review the translation for this language.
missing_translation,Localizable,game.end.completionSubtitle.honey,ru,Russian,русский,You collected all the pots of honey,Je hebt alle potjes honing verzameld,,new_since_2026-08-22,no,no,,,"Under the character on the result card when the board was filled. One sentence per food, so the noun can take whatever case, article and word order the language needs. Languages without a translation use the English food-specific sentence.",Add and review the translation for this language.
missing_translation,Localizable,game.end.completionSubtitle.honey,si,Sinhala,සිංහල,You collected all the pots of honey,Je hebt alle potjes honing verzameld,,new_since_2026-08-22,no,no,,,"Under the character on the result card when the board was filled. One sentence per food, so the noun can take whatever case, article and word order the language needs. Languages without a translation use the English food-specific sentence.",Add and review the translation for this language.
missing_translation,Localizable,game.end.completionSubtitle.honey,sk,Slovak,slovenčina,You collected all the pots of honey,Je hebt alle potjes honing verzameld,,new_since_2026-08-22,no,no,,,"Under the character on the result card when the board was filled. One sentence per food, so the noun can take whatever case, article and word order the language needs. Languages without a translation use the English food-specific sentence.",Add and review the translation for this language.
missing_translation,Localizable,game.end.completionSubtitle.honey,sl,Slovenian,slovenščina,You collected all the pots of honey,Je hebt alle potjes honing verzameld,,new_since_2026-08-22,no,no,,,"Under the character on the result card when the board was filled. One sentence per food, so the noun can take whatever case, article and word order the language needs. Languages without a translation use the English food-specific sentence.",Add and review the translation for this language.
missing_translation,Localizable,game.end.completionSubtitle.honey,sq,Albanian,shqip,You collected all the pots of honey,Je hebt alle potjes honing verzameld,,new_since_2026-08-22,no,no,,,"Under the character on the result card when the board was filled. One sentence per food, so the noun can take whatever case, article and word order the language needs. Languages without a translation use the English food-specific sentence.",Add and review the translation for this language.
missing_translation,Localizable,game.end.completionSubtitle.honey,sr,Serbian,српски,You collected all the pots of honey,Je hebt alle potjes honing verzameld,,new_since_2026-08-22,no,no,,,"Under the character on the result card when the board was filled. One sentence per food, so the noun can take whatever case, article and word order the language needs. Languages without a translation use the English food-specific sentence.",Add and review the translation for this language.
missing_translation,Localizable,game.end.completionSubtitle.honey,sv,Swedish,svenska,You collected all the pots of honey,Je hebt alle potjes honing verzameld,,new_since_2026-08-22,no,no,,,"Under the character on the result card when the board was filled. One sentence per food, so the noun can take whatever case, article and word order the language needs. Languages without a translation use the English food-specific sentence.",Add and review the translation for this language.
missing_translation,Localizable,game.end.completionSubtitle.honey,sw,Swahili,Kiswahili,You collected all the pots of honey,Je hebt alle potjes honing verzameld,,new_since_2026-08-22,no,no,,,"Under the character on the result card when the board was filled. One sentence per food, so the noun can take whatever case, article and word order the language needs. Languages without a translation use the English food-specific sentence.",Add and review the translation for this language.
missing_translation,Localizable,game.end.completionSubtitle.honey,ta,Tamil,தமிழ்,You collected all the pots of honey,Je hebt alle potjes honing verzameld,,new_since_2026-08-22,no,no,,,"Under the character on the result card when the board was filled. One sentence per food, so the noun can take whatever case, article and word order the language needs. Languages without a translation use the English food-specific sentence.",Add and review the translation for this language.
missing_translation,Localizable,game.end.completionSubtitle.honey,te,Telugu,తెలుగు,You collected all the pots of honey,Je hebt alle potjes honing verzameld,,new_since_2026-08-22,no,no,,,"Under the character on the result card when the board was filled. One sentence per food, so the noun can take whatever case, article and word order the language needs. Languages without a translation use the English food-specific sentence.",Add and review the translation for this language.
missing_translation,Localizable,game.end.completionSubtitle.honey,th,Thai,ไทย,You collected all the pots of honey,Je hebt alle potjes honing verzameld,,new_since_2026-08-22,no,no,,,"Under the character on the result card when the board was filled. One sentence per food, so the noun can take whatever case, article and word order the language needs. Languages without a translation use the English food-specific sentence.",Add and review the translation for this language.
missing_translation,Localizable,game.end.completionSubtitle.honey,tr,Turkish,Türkçe,You collected all the pots of honey,Je hebt alle potjes honing verzameld,,new_since_2026-08-22,no,no,,,"Under the character on the result card when the board was filled. One sentence per food, so the noun can take whatever case, article and word order the language needs. Languages without a translation use the English food-specific sentence.",Add and review the translation for this language.
missing_translation,Localizable,game.end.completionSubtitle.honey,ug,Uyghur,ئۇيغۇرچە,You collected all the pots of honey,Je hebt alle potjes honing verzameld,,new_since_2026-08-22,no,no,,,"Under the character on the result card when the board was filled. One sentence per food, so the noun can take whatever case, article and word order the language needs. Languages without a translation use the English food-specific sentence.",Add and review the translation for this language.
missing_translation,Localizable,game.end.completionSubtitle.honey,uk,Ukrainian,українська,You collected all the pots of honey,Je hebt alle potjes honing verzameld,,new_since_2026-08-22,no,no,,,"Under the character on the result card when the board was filled. One sentence per food, so the noun can take whatever case, article and word order the language needs. Languages without a translation use the English food-specific sentence.",Add and review the translation for this language.
missing_translation,Localizable,game.end.completionSubtitle.honey,ur,Urdu,اردو,You collected all the pots of honey,Je hebt alle potjes honing verzameld,,new_since_2026-08-22,no,no,,,"Under the character on the result card when the board was filled. One sentence per food, so the noun can take whatever case, article and word order the language needs. Languages without a translation use the English food-specific sentence.",Add and review the translation for this language.
missing_translation,Localizable,game.end.completionSubtitle.honey,uz,Uzbek,o‘zbek,You collected all the pots of honey,Je hebt alle potjes honing verzameld,,new_since_2026-08-22,no,no,,,"Under the character on the result card when the board was filled. One sentence per food, so the noun can take whatever case, article and word order the language needs. Languages without a translation use the English food-specific sentence.",Add and review the translation for this language.
missing_translation,Localizable,game.end.completionSubtitle.honey,vi,Vietnamese,Tiếng Việt,You collected all the pots of honey,Je hebt alle potjes honing verzameld,,new_since_2026-08-22,no,no,,,"Under the character on the result card when the board was filled. One sentence per food, so the noun can take whatever case, article and word order the language needs. Languages without a translation use the English food-specific sentence.",Add and review the translation for this language.
missing_translation,Localizable,game.end.completionSubtitle.honey,zh,Chinese,中文,You collected all the pots of honey,Je hebt alle potjes honing verzameld,,new_since_2026-08-22,no,no,,,"Under the character on the result card when the board was filled. One sentence per food, so the noun can take whatever case, article and word order the language needs. Languages without a translation use the English food-specific sentence.",Add and review the translation for this language.
missing_translation,Localizable,game.end.completionSubtitle.honey,zu,Zulu,isiZulu,You collected all the pots of honey,Je hebt alle potjes honing verzameld,,new_since_2026-08-22,no,no,,,"Under the character on the result card when the board was filled. One sentence per food, so the noun can take whatever case, article and word order the language needs. Languages without a translation use the English food-specific sentence.",Add and review the translation for this language.
missing_translation,Localizable,game.end.completionSubtitle.kibble,af,Afrikaans,Afrikaans,You collected all the dog biscuits,Je hebt alle hondenkoekjes verzameld,,new_since_2026-08-22,no,no,,,"Under the character on the result card when the board was filled. One sentence per food, so the noun can take whatever case, article and word order the language needs. Languages without a translation use the English food-specific sentence.",Add and review the translation for this language.
missing_translation,Localizable,game.end.completionSubtitle.kibble,am,Amharic,አማርኛ,You collected all the dog biscuits,Je hebt alle hondenkoekjes verzameld,,new_since_2026-08-22,no,no,,,"Under the character on the result card when the board was filled. One sentence per food, so the noun can take whatever case, article and word order the language needs. Languages without a translation use the English food-specific sentence.",Add and review the translation for this language.
missing_translation,Localizable,game.end.completionSubtitle.kibble,ar,Arabic,العربية,You collected all the dog biscuits,Je hebt alle hondenkoekjes verzameld,,new_since_2026-08-22,no,no,,,"Under the character on the result card when the board was filled. One sentence per food, so the noun can take whatever case, article and word order the language needs. Languages without a translation use the English food-specific sentence.",Add and review the translation for this language.
missing_translation,Localizable,game.end.completionSubtitle.kibble,as,Assamese,অসমীয়া,You collected all the dog biscuits,Je hebt alle hondenkoekjes verzameld,,new_since_2026-08-22,no,no,,,"Under the character on the result card when the board was filled. One sentence per food, so the noun can take whatever case, article and word order the language needs. Languages without a translation use the English food-specific sentence.",Add and review the translation for this language.
missing_translation,Localizable,game.end.completionSubtitle.kibble,az,Azerbaijani,azərbaycan,You collected all the dog biscuits,Je hebt alle hondenkoekjes verzameld,,new_since_2026-08-22,no,no,,,"Under the character on the result card when the board was filled. One sentence per food, so the noun can take whatever case, article and word order the language needs. Languages without a translation use the English food-specific sentence.",Add and review the translation for this language.
missing_translation,Localizable,game.end.completionSubtitle.kibble,be,Belarusian,беларуская,You collected all the dog biscuits,Je hebt alle hondenkoekjes verzameld,,new_since_2026-08-22,no,no,,,"Under the character on the result card when the board was filled. One sentence per food, so the noun can take whatever case, article and word order the language needs. Languages without a translation use the English food-specific sentence.",Add and review the translation for this language.
missing_translation,Localizable,game.end.completionSubtitle.kibble,bg,Bulgarian,български,You collected all the dog biscuits,Je hebt alle hondenkoekjes verzameld,,new_since_2026-08-22,no,no,,,"Under the character on the result card when the board was filled. One sentence per food, so the noun can take whatever case, article and word order the language needs. Languages without a translation use the English food-specific sentence.",Add and review the translation for this language.
missing_translation,Localizable,game.end.completionSubtitle.kibble,bn,Bangla,বাংলা,You collected all the dog biscuits,Je hebt alle hondenkoekjes verzameld,,new_since_2026-08-22,no,no,,,"Under the character on the result card when the board was filled. One sentence per food, so the noun can take whatever case, article and word order the language needs. Languages without a translation use the English food-specific sentence.",Add and review the translation for this language.
missing_translation,Localizable,game.end.completionSubtitle.kibble,bo,Tibetan,བོད་སྐད་,You collected all the dog biscuits,Je hebt alle hondenkoekjes verzameld,,new_since_2026-08-22,no,no,,,"Under the character on the result card when the board was filled. One sentence per food, so the noun can take whatever case, article and word order the language needs. Languages without a translation use the English food-specific sentence.",Add and review the translation for this language.
missing_translation,Localizable,game.end.completionSubtitle.kibble,bs,Bosnian,bosanski,You collected all the dog biscuits,Je hebt alle hondenkoekjes verzameld,,new_since_2026-08-22,no,no,,,"Under the character on the result card when the board was filled. One sentence per food, so the noun can take whatever case, article and word order the language needs. Languages without a translation use the English food-specific sentence.",Add and review the translation for this language.
missing_translation,Localizable,game.end.completionSubtitle.kibble,ca,Catalan,català,You collected all the dog biscuits,Je hebt alle hondenkoekjes verzameld,,new_since_2026-08-22,no,no,,,"Under the character on the result card when the board was filled. One sentence per food, so the noun can take whatever case, article and word order the language needs. Languages without a translation use the English food-specific sentence.",Add and review the translation for this language.
missing_translation,Localizable,game.end.completionSubtitle.kibble,cs,Czech,čeština,You collected all the dog biscuits,Je hebt alle hondenkoekjes verzameld,,new_since_2026-08-22,no,no,,,"Under the character on the result card when the board was filled. One sentence per food, so the noun can take whatever case, article and word order the language needs. Languages without a translation use the English food-specific sentence.",Add and review the translation for this language.
missing_translation,Localizable,game.end.completionSubtitle.kibble,cy,Welsh,Cymraeg,You collected all the dog biscuits,Je hebt alle hondenkoekjes verzameld,,new_since_2026-08-22,no,no,,,"Under the character on the result card when the board was filled. One sentence per food, so the noun can take whatever case, article and word order the language needs. Languages without a translation use the English food-specific sentence.",Add and review the translation for this language.
missing_translation,Localizable,game.end.completionSubtitle.kibble,da,Danish,dansk,You collected all the dog biscuits,Je hebt alle hondenkoekjes verzameld,,new_since_2026-08-22,no,no,,,"Under the character on the result card when the board was filled. One sentence per food, so the noun can take whatever case, article and word order the language needs. Languages without a translation use the English food-specific sentence.",Add and review the translation for this language.
missing_translation,Localizable,game.end.completionSubtitle.kibble,de,German,Deutsch,You collected all the dog biscuits,Je hebt alle hondenkoekjes verzameld,,new_since_2026-08-22,no,no,,,"Under the character on the result card when the board was filled. One sentence per food, so the noun can take whatever case, article and word order the language needs. Languages without a translation use the English food-specific sentence.",Add and review the translation for this language.
missing_translation,Localizable,game.end.completionSubtitle.kibble,el,Greek,Ελληνικά,You collected all the dog biscuits,Je hebt alle hondenkoekjes verzameld,,new_since_2026-08-22,no,no,,,"Under the character on the result card when the board was filled. One sentence per food, so the noun can take whatever case, article and word order the language needs. Languages without a translation use the English food-specific sentence.",Add and review the translation for this language.
missing_translation,Localizable,game.end.completionSubtitle.kibble,es,Spanish,español,You collected all the dog biscuits,Je hebt alle hondenkoekjes verzameld,,new_since_2026-08-22,no,no,,,"Under the character on the result card when the board was filled. One sentence per food, so the noun can take whatever case, article and word order the language needs. Languages without a translation use the English food-specific sentence.",Add and review the translation for this language.
missing_translation,Localizable,game.end.completionSubtitle.kibble,et,Estonian,eesti,You collected all the dog biscuits,Je hebt alle hondenkoekjes verzameld,,new_since_2026-08-22,no,no,,,"Under the character on the result card when the board was filled. One sentence per food, so the noun can take whatever case, article and word order the language needs. Languages without a translation use the English food-specific sentence.",Add and review the translation for this language.
missing_translation,Localizable,game.end.completionSubtitle.kibble,eu,Basque,euskara,You collected all the dog biscuits,Je hebt alle hondenkoekjes verzameld,,new_since_2026-08-22,no,no,,,"Under the character on the result card when the board was filled. One sentence per food, so the noun can take whatever case, article and word order the language needs. Languages without a translation use the English food-specific sentence.",Add and review the translation for this language.
missing_translation,Localizable,game.end.completionSubtitle.kibble,fa,Persian,فارسی,You collected all the dog biscuits,Je hebt alle hondenkoekjes verzameld,,new_since_2026-08-22,no,no,,,"Under the character on the result card when the board was filled. One sentence per food, so the noun can take whatever case, article and word order the language needs. Languages without a translation use the English food-specific sentence.",Add and review the translation for this language.
missing_translation,Localizable,game.end.completionSubtitle.kibble,fi,Finnish,suomi,You collected all the dog biscuits,Je hebt alle hondenkoekjes verzameld,,new_since_2026-08-22,no,no,,,"Under the character on the result card when the board was filled. One sentence per food, so the noun can take whatever case, article and word order the language needs. Languages without a translation use the English food-specific sentence.",Add and review the translation for this language.
missing_translation,Localizable,game.end.completionSubtitle.kibble,fo,Faroese,føroyskt,You collected all the dog biscuits,Je hebt alle hondenkoekjes verzameld,,new_since_2026-08-22,no,no,,,"Under the character on the result card when the board was filled. One sentence per food, so the noun can take whatever case, article and word order the language needs. Languages without a translation use the English food-specific sentence.",Add and review the translation for this language.
missing_translation,Localizable,game.end.completionSubtitle.kibble,fr,French,français,You collected all the dog biscuits,Je hebt alle hondenkoekjes verzameld,,new_since_2026-08-22,no,no,,,"Under the character on the result card when the board was filled. One sentence per food, so the noun can take whatever case, article and word order the language needs. Languages without a translation use the English food-specific sentence.",Add and review the translation for this language.
missing_translation,Localizable,game.end.completionSubtitle.kibble,ga,Irish,Gaeilge,You collected all the dog biscuits,Je hebt alle hondenkoekjes verzameld,,new_since_2026-08-22,no,no,,,"Under the character on the result card when the board was filled. One sentence per food, so the noun can take whatever case, article and word order the language needs. Languages without a translation use the English food-specific sentence.",Add and review the translation for this language.
missing_translation,Localizable,game.end.completionSubtitle.kibble,gl,Galician,galego,You collected all the dog biscuits,Je hebt alle hondenkoekjes verzameld,,new_since_2026-08-22,no,no,,,"Under the character on the result card when the board was filled. One sentence per food, so the noun can take whatever case, article and word order the language needs. Languages without a translation use the English food-specific sentence.",Add and review the translation for this language.
missing_translation,Localizable,game.end.completionSubtitle.kibble,gu,Gujarati,ગુજરાતી,You collected all the dog biscuits,Je hebt alle hondenkoekjes verzameld,,new_since_2026-08-22,no,no,,,"Under the character on the result card when the board was filled. One sentence per food, so the noun can take whatever case, article and word order the language needs. Languages without a translation use the English food-specific sentence.",Add and review the translation for this language.
missing_translation,Localizable,game.end.completionSubtitle.kibble,he,Hebrew,עברית,You collected all the dog biscuits,Je hebt alle hondenkoekjes verzameld,,new_since_2026-08-22,no,no,,,"Under the character on the result card when the board was filled. One sentence per food, so the noun can take whatever case, article and word order the language needs. Languages without a translation use the English food-specific sentence.",Add and review the translation for this language.
missing_translation,Localizable,game.end.completionSubtitle.kibble,hi,Hindi,हिन्दी,You collected all the dog biscuits,Je hebt alle hondenkoekjes verzameld,,new_since_2026-08-22,no,no,,,"Under the character on the result card when the board was filled. One sentence per food, so the noun can take whatever case, article and word order the language needs. Languages without a translation use the English food-specific sentence.",Add and review the translation for this language.
missing_translation,Localizable,game.end.completionSubtitle.kibble,hr,Croatian,hrvatski,You collected all the dog biscuits,Je hebt alle hondenkoekjes verzameld,,new_since_2026-08-22,no,no,,,"Under the character on the result card when the board was filled. One sentence per food, so the noun can take whatever case, article and word order the language needs. Languages without a translation use the English food-specific sentence.",Add and review the translation for this language.
missing_translation,Localizable,game.end.completionSubtitle.kibble,hu,Hungarian,magyar,You collected all the dog biscuits,Je hebt alle hondenkoekjes verzameld,,new_since_2026-08-22,no,no,,,"Under the character on the result card when the board was filled. One sentence per food, so the noun can take whatever case, article and word order the language needs. Languages without a translation use the English food-specific sentence.",Add and review the translation for this language.
missing_translation,Localizable,game.end.completionSubtitle.kibble,hy,Armenian,հայերեն,You collected all the dog biscuits,Je hebt alle hondenkoekjes verzameld,,new_since_2026-08-22,no,no,,,"Under the character on the result card when the board was filled. One sentence per food, so the noun can take whatever case, article and word order the language needs. Languages without a translation use the English food-specific sentence.",Add and review the translation for this language.
missing_translation,Localizable,game.end.completionSubtitle.kibble,id,Indonesian,Indonesia,You collected all the dog biscuits,Je hebt alle hondenkoekjes verzameld,,new_since_2026-08-22,no,no,,,"Under the character on the result card when the board was filled. One sentence per food, so the noun can take whatever case, article and word order the language needs. Languages without a translation use the English food-specific sentence.",Add and review the translation for this language.
missing_translation,Localizable,game.end.completionSubtitle.kibble,is,Icelandic,íslenska,You collected all the dog biscuits,Je hebt alle hondenkoekjes verzameld,,new_since_2026-08-22,no,no,,,"Under the character on the result card when the board was filled. One sentence per food, so the noun can take whatever case, article and word order the language needs. Languages without a translation use the English food-specific sentence.",Add and review the translation for this language.
missing_translation,Localizable,game.end.completionSubtitle.kibble,it,Italian,italiano,You collected all the dog biscuits,Je hebt alle hondenkoekjes verzameld,,new_since_2026-08-22,no,no,,,"Under the character on the result card when the board was filled. One sentence per food, so the noun can take whatever case, article and word order the language needs. Languages without a translation use the English food-specific sentence.",Add and review the translation for this language.
missing_translation,Localizable,game.end.completionSubtitle.kibble,ja,Japanese,日本語,You collected all the dog biscuits,Je hebt alle hondenkoekjes verzameld,,new_since_2026-08-22,no,no,,,"Under the character on the result card when the board was filled. One sentence per food, so the noun can take whatever case, article and word order the language needs. Languages without a translation use the English food-specific sentence.",Add and review the translation for this language.
missing_translation,Localizable,game.end.completionSubtitle.kibble,ka,Georgian,ქართული,You collected all the dog biscuits,Je hebt alle hondenkoekjes verzameld,,new_since_2026-08-22,no,no,,,"Under the character on the result card when the board was filled. One sentence per food, so the noun can take whatever case, article and word order the language needs. Languages without a translation use the English food-specific sentence.",Add and review the translation for this language.
missing_translation,Localizable,game.end.completionSubtitle.kibble,kk,Kazakh,қазақ тілі,You collected all the dog biscuits,Je hebt alle hondenkoekjes verzameld,,new_since_2026-08-22,no,no,,,"Under the character on the result card when the board was filled. One sentence per food, so the noun can take whatever case, article and word order the language needs. Languages without a translation use the English food-specific sentence.",Add and review the translation for this language.
missing_translation,Localizable,game.end.completionSubtitle.kibble,km,Khmer,ខ្មែរ,You collected all the dog biscuits,Je hebt alle hondenkoekjes verzameld,,new_since_2026-08-22,no,no,,,"Under the character on the result card when the board was filled. One sentence per food, so the noun can take whatever case, article and word order the language needs. Languages without a translation use the English food-specific sentence.",Add and review the translation for this language.
missing_translation,Localizable,game.end.completionSubtitle.kibble,kn,Kannada,ಕನ್ನಡ,You collected all the dog biscuits,Je hebt alle hondenkoekjes verzameld,,new_since_2026-08-22,no,no,,,"Under the character on the result card when the board was filled. One sentence per food, so the noun can take whatever case, article and word order the language needs. Languages without a translation use the English food-specific sentence.",Add and review the translation for this language.
missing_translation,Localizable,game.end.completionSubtitle.kibble,ko,Korean,한국어,You collected all the dog biscuits,Je hebt alle hondenkoekjes verzameld,,new_since_2026-08-22,no,no,,,"Under the character on the result card when the board was filled. One sentence per food, so the noun can take whatever case, article and word order the language needs. Languages without a translation use the English food-specific sentence.",Add and review the translation for this language.
missing_translation,Localizable,game.end.completionSubtitle.kibble,lo,Lao,ລາວ,You collected all the dog biscuits,Je hebt alle hondenkoekjes verzameld,,new_since_2026-08-22,no,no,,,"Under the character on the result card when the board was filled. One sentence per food, so the noun can take whatever case, article and word order the language needs. Languages without a translation use the English food-specific sentence.",Add and review the translation for this language.
missing_translation,Localizable,game.end.completionSubtitle.kibble,lt,Lithuanian,lietuvių,You collected all the dog biscuits,Je hebt alle hondenkoekjes verzameld,,new_since_2026-08-22,no,no,,,"Under the character on the result card when the board was filled. One sentence per food, so the noun can take whatever case, article and word order the language needs. Languages without a translation use the English food-specific sentence.",Add and review the translation for this language.
missing_translation,Localizable,game.end.completionSubtitle.kibble,lv,Latvian,latviešu,You collected all the dog biscuits,Je hebt alle hondenkoekjes verzameld,,new_since_2026-08-22,no,no,,,"Under the character on the result card when the board was filled. One sentence per food, so the noun can take whatever case, article and word order the language needs. Languages without a translation use the English food-specific sentence.",Add and review the translation for this language.
missing_translation,Localizable,game.end.completionSubtitle.kibble,mk,Macedonian,македонски,You collected all the dog biscuits,Je hebt alle hondenkoekjes verzameld,,new_since_2026-08-22,no,no,,,"Under the character on the result card when the board was filled. One sentence per food, so the noun can take whatever case, article and word order the language needs. Languages without a translation use the English food-specific sentence.",Add and review the translation for this language.
missing_translation,Localizable,game.end.completionSubtitle.kibble,ml,Malayalam,മലയാളം,You collected all the dog biscuits,Je hebt alle hondenkoekjes verzameld,,new_since_2026-08-22,no,no,,,"Under the character on the result card when the board was filled. One sentence per food, so the noun can take whatever case, article and word order the language needs. Languages without a translation use the English food-specific sentence.",Add and review the translation for this language.
missing_translation,Localizable,game.end.completionSubtitle.kibble,mn,Mongolian,монгол,You collected all the dog biscuits,Je hebt alle hondenkoekjes verzameld,,new_since_2026-08-22,no,no,,,"Under the character on the result card when the board was filled. One sentence per food, so the noun can take whatever case, article and word order the language needs. Languages without a translation use the English food-specific sentence.",Add and review the translation for this language.
missing_translation,Localizable,game.end.completionSubtitle.kibble,mr,Marathi,मराठी,You collected all the dog biscuits,Je hebt alle hondenkoekjes verzameld,,new_since_2026-08-22,no,no,,,"Under the character on the result card when the board was filled. One sentence per food, so the noun can take whatever case, article and word order the language needs. Languages without a translation use the English food-specific sentence.",Add and review the translation for this language.
missing_translation,Localizable,game.end.completionSubtitle.kibble,ms,Malay,Melayu,You collected all the dog biscuits,Je hebt alle hondenkoekjes verzameld,,new_since_2026-08-22,no,no,,,"Under the character on the result card when the board was filled. One sentence per food, so the noun can take whatever case, article and word order the language needs. Languages without a translation use the English food-specific sentence.",Add and review the translation for this language.
missing_translation,Localizable,game.end.completionSubtitle.kibble,my,Burmese,မြန်မာ,You collected all the dog biscuits,Je hebt alle hondenkoekjes verzameld,,new_since_2026-08-22,no,no,,,"Under the character on the result card when the board was filled. One sentence per food, so the noun can take whatever case, article and word order the language needs. Languages without a translation use the English food-specific sentence.",Add and review the translation for this language.
missing_translation,Localizable,game.end.completionSubtitle.kibble,nb,Norwegian Bokmål,norsk bokmål,You collected all the dog biscuits,Je hebt alle hondenkoekjes verzameld,,new_since_2026-08-22,no,no,,,"Under the character on the result card when the board was filled. One sentence per food, so the noun can take whatever case, article and word order the language needs. Languages without a translation use the English food-specific sentence.",Add and review the translation for this language.
missing_translation,Localizable,game.end.completionSubtitle.kibble,ne,Nepali,नेपाली,You collected all the dog biscuits,Je hebt alle hondenkoekjes verzameld,,new_since_2026-08-22,no,no,,,"Under the character on the result card when the board was filled. One sentence per food, so the noun can take whatever case, article and word order the language needs. Languages without a translation use the English food-specific sentence.",Add and review the translation for this language.
missing_translation,Localizable,game.end.completionSubtitle.kibble,or,Odia,ଓଡ଼ିଆ,You collected all the dog biscuits,Je hebt alle hondenkoekjes verzameld,,new_since_2026-08-22,no,no,,,"Under the character on the result card when the board was filled. One sentence per food, so the noun can take whatever case, article and word order the language needs. Languages without a translation use the English food-specific sentence.",Add and review the translation for this language.
missing_translation,Localizable,game.end.completionSubtitle.kibble,pa,Punjabi,ਪੰਜਾਬੀ,You collected all the dog biscuits,Je hebt alle hondenkoekjes verzameld,,new_since_2026-08-22,no,no,,,"Under the character on the result card when the board was filled. One sentence per food, so the noun can take whatever case, article and word order the language needs. Languages without a translation use the English food-specific sentence.",Add and review the translation for this language.
missing_translation,Localizable,game.end.completionSubtitle.kibble,pl,Polish,polski,You collected all the dog biscuits,Je hebt alle hondenkoekjes verzameld,,new_since_2026-08-22,no,no,,,"Under the character on the result card when the board was filled. One sentence per food, so the noun can take whatever case, article and word order the language needs. Languages without a translation use the English food-specific sentence.",Add and review the translation for this language.
missing_translation,Localizable,game.end.completionSubtitle.kibble,pt,Portuguese,português,You collected all the dog biscuits,Je hebt alle hondenkoekjes verzameld,,new_since_2026-08-22,no,no,,,"Under the character on the result card when the board was filled. One sentence per food, so the noun can take whatever case, article and word order the language needs. Languages without a translation use the English food-specific sentence.",Add and review the translation for this language.
missing_translation,Localizable,game.end.completionSubtitle.kibble,ro,Romanian,română,You collected all the dog biscuits,Je hebt alle hondenkoekjes verzameld,,new_since_2026-08-22,no,no,,,"Under the character on the result card when the board was filled. One sentence per food, so the noun can take whatever case, article and word order the language needs. Languages without a translation use the English food-specific sentence.",Add and review the translation for this language.
missing_translation,Localizable,game.end.completionSubtitle.kibble,ru,Russian,русский,You collected all the dog biscuits,Je hebt alle hondenkoekjes verzameld,,new_since_2026-08-22,no,no,,,"Under the character on the result card when the board was filled. One sentence per food, so the noun can take whatever case, article and word order the language needs. Languages without a translation use the English food-specific sentence.",Add and review the translation for this language.
missing_translation,Localizable,game.end.completionSubtitle.kibble,si,Sinhala,සිංහල,You collected all the dog biscuits,Je hebt alle hondenkoekjes verzameld,,new_since_2026-08-22,no,no,,,"Under the character on the result card when the board was filled. One sentence per food, so the noun can take whatever case, article and word order the language needs. Languages without a translation use the English food-specific sentence.",Add and review the translation for this language.
missing_translation,Localizable,game.end.completionSubtitle.kibble,sk,Slovak,slovenčina,You collected all the dog biscuits,Je hebt alle hondenkoekjes verzameld,,new_since_2026-08-22,no,no,,,"Under the character on the result card when the board was filled. One sentence per food, so the noun can take whatever case, article and word order the language needs. Languages without a translation use the English food-specific sentence.",Add and review the translation for this language.
missing_translation,Localizable,game.end.completionSubtitle.kibble,sl,Slovenian,slovenščina,You collected all the dog biscuits,Je hebt alle hondenkoekjes verzameld,,new_since_2026-08-22,no,no,,,"Under the character on the result card when the board was filled. One sentence per food, so the noun can take whatever case, article and word order the language needs. Languages without a translation use the English food-specific sentence.",Add and review the translation for this language.
missing_translation,Localizable,game.end.completionSubtitle.kibble,sq,Albanian,shqip,You collected all the dog biscuits,Je hebt alle hondenkoekjes verzameld,,new_since_2026-08-22,no,no,,,"Under the character on the result card when the board was filled. One sentence per food, so the noun can take whatever case, article and word order the language needs. Languages without a translation use the English food-specific sentence.",Add and review the translation for this language.
missing_translation,Localizable,game.end.completionSubtitle.kibble,sr,Serbian,српски,You collected all the dog biscuits,Je hebt alle hondenkoekjes verzameld,,new_since_2026-08-22,no,no,,,"Under the character on the result card when the board was filled. One sentence per food, so the noun can take whatever case, article and word order the language needs. Languages without a translation use the English food-specific sentence.",Add and review the translation for this language.
missing_translation,Localizable,game.end.completionSubtitle.kibble,sv,Swedish,svenska,You collected all the dog biscuits,Je hebt alle hondenkoekjes verzameld,,new_since_2026-08-22,no,no,,,"Under the character on the result card when the board was filled. One sentence per food, so the noun can take whatever case, article and word order the language needs. Languages without a translation use the English food-specific sentence.",Add and review the translation for this language.
missing_translation,Localizable,game.end.completionSubtitle.kibble,sw,Swahili,Kiswahili,You collected all the dog biscuits,Je hebt alle hondenkoekjes verzameld,,new_since_2026-08-22,no,no,,,"Under the character on the result card when the board was filled. One sentence per food, so the noun can take whatever case, article and word order the language needs. Languages without a translation use the English food-specific sentence.",Add and review the translation for this language.
missing_translation,Localizable,game.end.completionSubtitle.kibble,ta,Tamil,தமிழ்,You collected all the dog biscuits,Je hebt alle hondenkoekjes verzameld,,new_since_2026-08-22,no,no,,,"Under the character on the result card when the board was filled. One sentence per food, so the noun can take whatever case, article and word order the language needs. Languages without a translation use the English food-specific sentence.",Add and review the translation for this language.
missing_translation,Localizable,game.end.completionSubtitle.kibble,te,Telugu,తెలుగు,You collected all the dog biscuits,Je hebt alle hondenkoekjes verzameld,,new_since_2026-08-22,no,no,,,"Under the character on the result card when the board was filled. One sentence per food, so the noun can take whatever case, article and word order the language needs. Languages without a translation use the English food-specific sentence.",Add and review the translation for this language.
missing_translation,Localizable,game.end.completionSubtitle.kibble,th,Thai,ไทย,You collected all the dog biscuits,Je hebt alle hondenkoekjes verzameld,,new_since_2026-08-22,no,no,,,"Under the character on the result card when the board was filled. One sentence per food, so the noun can take whatever case, article and word order the language needs. Languages without a translation use the English food-specific sentence.",Add and review the translation for this language.
missing_translation,Localizable,game.end.completionSubtitle.kibble,tr,Turkish,Türkçe,You collected all the dog biscuits,Je hebt alle hondenkoekjes verzameld,,new_since_2026-08-22,no,no,,,"Under the character on the result card when the board was filled. One sentence per food, so the noun can take whatever case, article and word order the language needs. Languages without a translation use the English food-specific sentence.",Add and review the translation for this language.
missing_translation,Localizable,game.end.completionSubtitle.kibble,ug,Uyghur,ئۇيغۇرچە,You collected all the dog biscuits,Je hebt alle hondenkoekjes verzameld,,new_since_2026-08-22,no,no,,,"Under the character on the result card when the board was filled. One sentence per food, so the noun can take whatever case, article and word order the language needs. Languages without a translation use the English food-specific sentence.",Add and review the translation for this language.
missing_translation,Localizable,game.end.completionSubtitle.kibble,uk,Ukrainian,українська,You collected all the dog biscuits,Je hebt alle hondenkoekjes verzameld,,new_since_2026-08-22,no,no,,,"Under the character on the result card when the board was filled. One sentence per food, so the noun can take whatever case, article and word order the language needs. Languages without a translation use the English food-specific sentence.",Add and review the translation for this language.
missing_translation,Localizable,game.end.completionSubtitle.kibble,ur,Urdu,اردو,You collected all the dog biscuits,Je hebt alle hondenkoekjes verzameld,,new_since_2026-08-22,no,no,,,"Under the character on the result card when the board was filled. One sentence per food, so the noun can take whatever case, article and word order the language needs. Languages without a translation use the English food-specific sentence.",Add and review the translation for this language.
missing_translation,Localizable,game.end.completionSubtitle.kibble,uz,Uzbek,o‘zbek,You collected all the dog biscuits,Je hebt alle hondenkoekjes verzameld,,new_since_2026-08-22,no,no,,,"Under the character on the result card when the board was filled. One sentence per food, so the noun can take whatever case, article and word order the language needs. Languages without a translation use the English food-specific sentence.",Add and review the translation for this language.
missing_translation,Localizable,game.end.completionSubtitle.kibble,vi,Vietnamese,Tiếng Việt,You collected all the dog biscuits,Je hebt alle hondenkoekjes verzameld,,new_since_2026-08-22,no,no,,,"Under the character on the result card when the board was filled. One sentence per food, so the noun can take whatever case, article and word order the language needs. Languages without a translation use the English food-specific sentence.",Add and review the translation for this language.
missing_translation,Localizable,game.end.completionSubtitle.kibble,zh,Chinese,中文,You collected all the dog biscuits,Je hebt alle hondenkoekjes verzameld,,new_since_2026-08-22,no,no,,,"Under the character on the result card when the board was filled. One sentence per food, so the noun can take whatever case, article and word order the language needs. Languages without a translation use the English food-specific sentence.",Add and review the translation for this language.
missing_translation,Localizable,game.end.completionSubtitle.kibble,zu,Zulu,isiZulu,You collected all the dog biscuits,Je hebt alle hondenkoekjes verzameld,,new_since_2026-08-22,no,no,,,"Under the character on the result card when the board was filled. One sentence per food, so the noun can take whatever case, article and word order the language needs. Languages without a translation use the English food-specific sentence.",Add and review the translation for this language.
missing_translation,Localizable,game.end.completionSubtitle.meat,af,Afrikaans,Afrikaans,You collected all the pieces of meat,Je hebt alle stukken vlees verzameld,,new_since_2026-08-22,no,no,,,"Under the character on the result card when the board was filled. One sentence per food, so the noun can take whatever case, article and word order the language needs. Languages without a translation use the English food-specific sentence.",Add and review the translation for this language.
missing_translation,Localizable,game.end.completionSubtitle.meat,am,Amharic,አማርኛ,You collected all the pieces of meat,Je hebt alle stukken vlees verzameld,,new_since_2026-08-22,no,no,,,"Under the character on the result card when the board was filled. One sentence per food, so the noun can take whatever case, article and word order the language needs. Languages without a translation use the English food-specific sentence.",Add and review the translation for this language.
missing_translation,Localizable,game.end.completionSubtitle.meat,ar,Arabic,العربية,You collected all the pieces of meat,Je hebt alle stukken vlees verzameld,,new_since_2026-08-22,no,no,,,"Under the character on the result card when the board was filled. One sentence per food, so the noun can take whatever case, article and word order the language needs. Languages without a translation use the English food-specific sentence.",Add and review the translation for this language.
missing_translation,Localizable,game.end.completionSubtitle.meat,as,Assamese,অসমীয়া,You collected all the pieces of meat,Je hebt alle stukken vlees verzameld,,new_since_2026-08-22,no,no,,,"Under the character on the result card when the board was filled. One sentence per food, so the noun can take whatever case, article and word order the language needs. Languages without a translation use the English food-specific sentence.",Add and review the translation for this language.
missing_translation,Localizable,game.end.completionSubtitle.meat,az,Azerbaijani,azərbaycan,You collected all the pieces of meat,Je hebt alle stukken vlees verzameld,,new_since_2026-08-22,no,no,,,"Under the character on the result card when the board was filled. One sentence per food, so the noun can take whatever case, article and word order the language needs. Languages without a translation use the English food-specific sentence.",Add and review the translation for this language.
missing_translation,Localizable,game.end.completionSubtitle.meat,be,Belarusian,беларуская,You collected all the pieces of meat,Je hebt alle stukken vlees verzameld,,new_since_2026-08-22,no,no,,,"Under the character on the result card when the board was filled. One sentence per food, so the noun can take whatever case, article and word order the language needs. Languages without a translation use the English food-specific sentence.",Add and review the translation for this language.
missing_translation,Localizable,game.end.completionSubtitle.meat,bg,Bulgarian,български,You collected all the pieces of meat,Je hebt alle stukken vlees verzameld,,new_since_2026-08-22,no,no,,,"Under the character on the result card when the board was filled. One sentence per food, so the noun can take whatever case, article and word order the language needs. Languages without a translation use the English food-specific sentence.",Add and review the translation for this language.
missing_translation,Localizable,game.end.completionSubtitle.meat,bn,Bangla,বাংলা,You collected all the pieces of meat,Je hebt alle stukken vlees verzameld,,new_since_2026-08-22,no,no,,,"Under the character on the result card when the board was filled. One sentence per food, so the noun can take whatever case, article and word order the language needs. Languages without a translation use the English food-specific sentence.",Add and review the translation for this language.
missing_translation,Localizable,game.end.completionSubtitle.meat,bo,Tibetan,བོད་སྐད་,You collected all the pieces of meat,Je hebt alle stukken vlees verzameld,,new_since_2026-08-22,no,no,,,"Under the character on the result card when the board was filled. One sentence per food, so the noun can take whatever case, article and word order the language needs. Languages without a translation use the English food-specific sentence.",Add and review the translation for this language.
missing_translation,Localizable,game.end.completionSubtitle.meat,bs,Bosnian,bosanski,You collected all the pieces of meat,Je hebt alle stukken vlees verzameld,,new_since_2026-08-22,no,no,,,"Under the character on the result card when the board was filled. One sentence per food, so the noun can take whatever case, article and word order the language needs. Languages without a translation use the English food-specific sentence.",Add and review the translation for this language.
missing_translation,Localizable,game.end.completionSubtitle.meat,ca,Catalan,català,You collected all the pieces of meat,Je hebt alle stukken vlees verzameld,,new_since_2026-08-22,no,no,,,"Under the character on the result card when the board was filled. One sentence per food, so the noun can take whatever case, article and word order the language needs. Languages without a translation use the English food-specific sentence.",Add and review the translation for this language.
missing_translation,Localizable,game.end.completionSubtitle.meat,cs,Czech,čeština,You collected all the pieces of meat,Je hebt alle stukken vlees verzameld,,new_since_2026-08-22,no,no,,,"Under the character on the result card when the board was filled. One sentence per food, so the noun can take whatever case, article and word order the language needs. Languages without a translation use the English food-specific sentence.",Add and review the translation for this language.
missing_translation,Localizable,game.end.completionSubtitle.meat,cy,Welsh,Cymraeg,You collected all the pieces of meat,Je hebt alle stukken vlees verzameld,,new_since_2026-08-22,no,no,,,"Under the character on the result card when the board was filled. One sentence per food, so the noun can take whatever case, article and word order the language needs. Languages without a translation use the English food-specific sentence.",Add and review the translation for this language.
missing_translation,Localizable,game.end.completionSubtitle.meat,da,Danish,dansk,You collected all the pieces of meat,Je hebt alle stukken vlees verzameld,,new_since_2026-08-22,no,no,,,"Under the character on the result card when the board was filled. One sentence per food, so the noun can take whatever case, article and word order the language needs. Languages without a translation use the English food-specific sentence.",Add and review the translation for this language.
missing_translation,Localizable,game.end.completionSubtitle.meat,de,German,Deutsch,You collected all the pieces of meat,Je hebt alle stukken vlees verzameld,,new_since_2026-08-22,no,no,,,"Under the character on the result card when the board was filled. One sentence per food, so the noun can take whatever case, article and word order the language needs. Languages without a translation use the English food-specific sentence.",Add and review the translation for this language.
missing_translation,Localizable,game.end.completionSubtitle.meat,el,Greek,Ελληνικά,You collected all the pieces of meat,Je hebt alle stukken vlees verzameld,,new_since_2026-08-22,no,no,,,"Under the character on the result card when the board was filled. One sentence per food, so the noun can take whatever case, article and word order the language needs. Languages without a translation use the English food-specific sentence.",Add and review the translation for this language.
missing_translation,Localizable,game.end.completionSubtitle.meat,es,Spanish,español,You collected all the pieces of meat,Je hebt alle stukken vlees verzameld,,new_since_2026-08-22,no,no,,,"Under the character on the result card when the board was filled. One sentence per food, so the noun can take whatever case, article and word order the language needs. Languages without a translation use the English food-specific sentence.",Add and review the translation for this language.
missing_translation,Localizable,game.end.completionSubtitle.meat,et,Estonian,eesti,You collected all the pieces of meat,Je hebt alle stukken vlees verzameld,,new_since_2026-08-22,no,no,,,"Under the character on the result card when the board was filled. One sentence per food, so the noun can take whatever case, article and word order the language needs. Languages without a translation use the English food-specific sentence.",Add and review the translation for this language.
missing_translation,Localizable,game.end.completionSubtitle.meat,eu,Basque,euskara,You collected all the pieces of meat,Je hebt alle stukken vlees verzameld,,new_since_2026-08-22,no,no,,,"Under the character on the result card when the board was filled. One sentence per food, so the noun can take whatever case, article and word order the language needs. Languages without a translation use the English food-specific sentence.",Add and review the translation for this language.
missing_translation,Localizable,game.end.completionSubtitle.meat,fa,Persian,فارسی,You collected all the pieces of meat,Je hebt alle stukken vlees verzameld,,new_since_2026-08-22,no,no,,,"Under the character on the result card when the board was filled. One sentence per food, so the noun can take whatever case, article and word order the language needs. Languages without a translation use the English food-specific sentence.",Add and review the translation for this language.
missing_translation,Localizable,game.end.completionSubtitle.meat,fi,Finnish,suomi,You collected all the pieces of meat,Je hebt alle stukken vlees verzameld,,new_since_2026-08-22,no,no,,,"Under the character on the result card when the board was filled. One sentence per food, so the noun can take whatever case, article and word order the language needs. Languages without a translation use the English food-specific sentence.",Add and review the translation for this language.
missing_translation,Localizable,game.end.completionSubtitle.meat,fo,Faroese,føroyskt,You collected all the pieces of meat,Je hebt alle stukken vlees verzameld,,new_since_2026-08-22,no,no,,,"Under the character on the result card when the board was filled. One sentence per food, so the noun can take whatever case, article and word order the language needs. Languages without a translation use the English food-specific sentence.",Add and review the translation for this language.
missing_translation,Localizable,game.end.completionSubtitle.meat,fr,French,français,You collected all the pieces of meat,Je hebt alle stukken vlees verzameld,,new_since_2026-08-22,no,no,,,"Under the character on the result card when the board was filled. One sentence per food, so the noun can take whatever case, article and word order the language needs. Languages without a translation use the English food-specific sentence.",Add and review the translation for this language.
missing_translation,Localizable,game.end.completionSubtitle.meat,ga,Irish,Gaeilge,You collected all the pieces of meat,Je hebt alle stukken vlees verzameld,,new_since_2026-08-22,no,no,,,"Under the character on the result card when the board was filled. One sentence per food, so the noun can take whatever case, article and word order the language needs. Languages without a translation use the English food-specific sentence.",Add and review the translation for this language.
missing_translation,Localizable,game.end.completionSubtitle.meat,gl,Galician,galego,You collected all the pieces of meat,Je hebt alle stukken vlees verzameld,,new_since_2026-08-22,no,no,,,"Under the character on the result card when the board was filled. One sentence per food, so the noun can take whatever case, article and word order the language needs. Languages without a translation use the English food-specific sentence.",Add and review the translation for this language.
missing_translation,Localizable,game.end.completionSubtitle.meat,gu,Gujarati,ગુજરાતી,You collected all the pieces of meat,Je hebt alle stukken vlees verzameld,,new_since_2026-08-22,no,no,,,"Under the character on the result card when the board was filled. One sentence per food, so the noun can take whatever case, article and word order the language needs. Languages without a translation use the English food-specific sentence.",Add and review the translation for this language.
missing_translation,Localizable,game.end.completionSubtitle.meat,he,Hebrew,עברית,You collected all the pieces of meat,Je hebt alle stukken vlees verzameld,,new_since_2026-08-22,no,no,,,"Under the character on the result card when the board was filled. One sentence per food, so the noun can take whatever case, article and word order the language needs. Languages without a translation use the English food-specific sentence.",Add and review the translation for this language.
missing_translation,Localizable,game.end.completionSubtitle.meat,hi,Hindi,हिन्दी,You collected all the pieces of meat,Je hebt alle stukken vlees verzameld,,new_since_2026-08-22,no,no,,,"Under the character on the result card when the board was filled. One sentence per food, so the noun can take whatever case, article and word order the language needs. Languages without a translation use the English food-specific sentence.",Add and review the translation for this language.
missing_translation,Localizable,game.end.completionSubtitle.meat,hr,Croatian,hrvatski,You collected all the pieces of meat,Je hebt alle stukken vlees verzameld,,new_since_2026-08-22,no,no,,,"Under the character on the result card when the board was filled. One sentence per food, so the noun can take whatever case, article and word order the language needs. Languages without a translation use the English food-specific sentence.",Add and review the translation for this language.
missing_translation,Localizable,game.end.completionSubtitle.meat,hu,Hungarian,magyar,You collected all the pieces of meat,Je hebt alle stukken vlees verzameld,,new_since_2026-08-22,no,no,,,"Under the character on the result card when the board was filled. One sentence per food, so the noun can take whatever case, article and word order the language needs. Languages without a translation use the English food-specific sentence.",Add and review the translation for this language.
missing_translation,Localizable,game.end.completionSubtitle.meat,hy,Armenian,հայերեն,You collected all the pieces of meat,Je hebt alle stukken vlees verzameld,,new_since_2026-08-22,no,no,,,"Under the character on the result card when the board was filled. One sentence per food, so the noun can take whatever case, article and word order the language needs. Languages without a translation use the English food-specific sentence.",Add and review the translation for this language.
missing_translation,Localizable,game.end.completionSubtitle.meat,id,Indonesian,Indonesia,You collected all the pieces of meat,Je hebt alle stukken vlees verzameld,,new_since_2026-08-22,no,no,,,"Under the character on the result card when the board was filled. One sentence per food, so the noun can take whatever case, article and word order the language needs. Languages without a translation use the English food-specific sentence.",Add and review the translation for this language.
missing_translation,Localizable,game.end.completionSubtitle.meat,is,Icelandic,íslenska,You collected all the pieces of meat,Je hebt alle stukken vlees verzameld,,new_since_2026-08-22,no,no,,,"Under the character on the result card when the board was filled. One sentence per food, so the noun can take whatever case, article and word order the language needs. Languages without a translation use the English food-specific sentence.",Add and review the translation for this language.
missing_translation,Localizable,game.end.completionSubtitle.meat,it,Italian,italiano,You collected all the pieces of meat,Je hebt alle stukken vlees verzameld,,new_since_2026-08-22,no,no,,,"Under the character on the result card when the board was filled. One sentence per food, so the noun can take whatever case, article and word order the language needs. Languages without a translation use the English food-specific sentence.",Add and review the translation for this language.
missing_translation,Localizable,game.end.completionSubtitle.meat,ja,Japanese,日本語,You collected all the pieces of meat,Je hebt alle stukken vlees verzameld,,new_since_2026-08-22,no,no,,,"Under the character on the result card when the board was filled. One sentence per food, so the noun can take whatever case, article and word order the language needs. Languages without a translation use the English food-specific sentence.",Add and review the translation for this language.
missing_translation,Localizable,game.end.completionSubtitle.meat,ka,Georgian,ქართული,You collected all the pieces of meat,Je hebt alle stukken vlees verzameld,,new_since_2026-08-22,no,no,,,"Under the character on the result card when the board was filled. One sentence per food, so the noun can take whatever case, article and word order the language needs. Languages without a translation use the English food-specific sentence.",Add and review the translation for this language.
missing_translation,Localizable,game.end.completionSubtitle.meat,kk,Kazakh,қазақ тілі,You collected all the pieces of meat,Je hebt alle stukken vlees verzameld,,new_since_2026-08-22,no,no,,,"Under the character on the result card when the board was filled. One sentence per food, so the noun can take whatever case, article and word order the language needs. Languages without a translation use the English food-specific sentence.",Add and review the translation for this language.
missing_translation,Localizable,game.end.completionSubtitle.meat,km,Khmer,ខ្មែរ,You collected all the pieces of meat,Je hebt alle stukken vlees verzameld,,new_since_2026-08-22,no,no,,,"Under the character on the result card when the board was filled. One sentence per food, so the noun can take whatever case, article and word order the language needs. Languages without a translation use the English food-specific sentence.",Add and review the translation for this language.
missing_translation,Localizable,game.end.completionSubtitle.meat,kn,Kannada,ಕನ್ನಡ,You collected all the pieces of meat,Je hebt alle stukken vlees verzameld,,new_since_2026-08-22,no,no,,,"Under the character on the result card when the board was filled. One sentence per food, so the noun can take whatever case, article and word order the language needs. Languages without a translation use the English food-specific sentence.",Add and review the translation for this language.
missing_translation,Localizable,game.end.completionSubtitle.meat,ko,Korean,한국어,You collected all the pieces of meat,Je hebt alle stukken vlees verzameld,,new_since_2026-08-22,no,no,,,"Under the character on the result card when the board was filled. One sentence per food, so the noun can take whatever case, article and word order the language needs. Languages without a translation use the English food-specific sentence.",Add and review the translation for this language.
missing_translation,Localizable,game.end.completionSubtitle.meat,lo,Lao,ລາວ,You collected all the pieces of meat,Je hebt alle stukken vlees verzameld,,new_since_2026-08-22,no,no,,,"Under the character on the result card when the board was filled. One sentence per food, so the noun can take whatever case, article and word order the language needs. Languages without a translation use the English food-specific sentence.",Add and review the translation for this language.
missing_translation,Localizable,game.end.completionSubtitle.meat,lt,Lithuanian,lietuvių,You collected all the pieces of meat,Je hebt alle stukken vlees verzameld,,new_since_2026-08-22,no,no,,,"Under the character on the result card when the board was filled. One sentence per food, so the noun can take whatever case, article and word order the language needs. Languages without a translation use the English food-specific sentence.",Add and review the translation for this language.
missing_translation,Localizable,game.end.completionSubtitle.meat,lv,Latvian,latviešu,You collected all the pieces of meat,Je hebt alle stukken vlees verzameld,,new_since_2026-08-22,no,no,,,"Under the character on the result card when the board was filled. One sentence per food, so the noun can take whatever case, article and word order the language needs. Languages without a translation use the English food-specific sentence.",Add and review the translation for this language.
missing_translation,Localizable,game.end.completionSubtitle.meat,mk,Macedonian,македонски,You collected all the pieces of meat,Je hebt alle stukken vlees verzameld,,new_since_2026-08-22,no,no,,,"Under the character on the result card when the board was filled. One sentence per food, so the noun can take whatever case, article and word order the language needs. Languages without a translation use the English food-specific sentence.",Add and review the translation for this language.
missing_translation,Localizable,game.end.completionSubtitle.meat,ml,Malayalam,മലയാളം,You collected all the pieces of meat,Je hebt alle stukken vlees verzameld,,new_since_2026-08-22,no,no,,,"Under the character on the result card when the board was filled. One sentence per food, so the noun can take whatever case, article and word order the language needs. Languages without a translation use the English food-specific sentence.",Add and review the translation for this language.
missing_translation,Localizable,game.end.completionSubtitle.meat,mn,Mongolian,монгол,You collected all the pieces of meat,Je hebt alle stukken vlees verzameld,,new_since_2026-08-22,no,no,,,"Under the character on the result card when the board was filled. One sentence per food, so the noun can take whatever case, article and word order the language needs. Languages without a translation use the English food-specific sentence.",Add and review the translation for this language.
missing_translation,Localizable,game.end.completionSubtitle.meat,mr,Marathi,मराठी,You collected all the pieces of meat,Je hebt alle stukken vlees verzameld,,new_since_2026-08-22,no,no,,,"Under the character on the result card when the board was filled. One sentence per food, so the noun can take whatever case, article and word order the language needs. Languages without a translation use the English food-specific sentence.",Add and review the translation for this language.
missing_translation,Localizable,game.end.completionSubtitle.meat,ms,Malay,Melayu,You collected all the pieces of meat,Je hebt alle stukken vlees verzameld,,new_since_2026-08-22,no,no,,,"Under the character on the result card when the board was filled. One sentence per food, so the noun can take whatever case, article and word order the language needs. Languages without a translation use the English food-specific sentence.",Add and review the translation for this language.
missing_translation,Localizable,game.end.completionSubtitle.meat,my,Burmese,မြန်မာ,You collected all the pieces of meat,Je hebt alle stukken vlees verzameld,,new_since_2026-08-22,no,no,,,"Under the character on the result card when the board was filled. One sentence per food, so the noun can take whatever case, article and word order the language needs. Languages without a translation use the English food-specific sentence.",Add and review the translation for this language.
missing_translation,Localizable,game.end.completionSubtitle.meat,nb,Norwegian Bokmål,norsk bokmål,You collected all the pieces of meat,Je hebt alle stukken vlees verzameld,,new_since_2026-08-22,no,no,,,"Under the character on the result card when the board was filled. One sentence per food, so the noun can take whatever case, article and word order the language needs. Languages without a translation use the English food-specific sentence.",Add and review the translation for this language.
missing_translation,Localizable,game.end.completionSubtitle.meat,ne,Nepali,नेपाली,You collected all the pieces of meat,Je hebt alle stukken vlees verzameld,,new_since_2026-08-22,no,no,,,"Under the character on the result card when the board was filled. One sentence per food, so the noun can take whatever case, article and word order the language needs. Languages without a translation use the English food-specific sentence.",Add and review the translation for this language.
missing_translation,Localizable,game.end.completionSubtitle.meat,or,Odia,ଓଡ଼ିଆ,You collected all the pieces of meat,Je hebt alle stukken vlees verzameld,,new_since_2026-08-22,no,no,,,"Under the character on the result card when the board was filled. One sentence per food, so the noun can take whatever case, article and word order the language needs. Languages without a translation use the English food-specific sentence.",Add and review the translation for this language.
missing_translation,Localizable,game.end.completionSubtitle.meat,pa,Punjabi,ਪੰਜਾਬੀ,You collected all the pieces of meat,Je hebt alle stukken vlees verzameld,,new_since_2026-08-22,no,no,,,"Under the character on the result card when the board was filled. One sentence per food, so the noun can take whatever case, article and word order the language needs. Languages without a translation use the English food-specific sentence.",Add and review the translation for this language.
missing_translation,Localizable,game.end.completionSubtitle.meat,pl,Polish,polski,You collected all the pieces of meat,Je hebt alle stukken vlees verzameld,,new_since_2026-08-22,no,no,,,"Under the character on the result card when the board was filled. One sentence per food, so the noun can take whatever case, article and word order the language needs. Languages without a translation use the English food-specific sentence.",Add and review the translation for this language.
missing_translation,Localizable,game.end.completionSubtitle.meat,pt,Portuguese,português,You collected all the pieces of meat,Je hebt alle stukken vlees verzameld,,new_since_2026-08-22,no,no,,,"Under the character on the result card when the board was filled. One sentence per food, so the noun can take whatever case, article and word order the language needs. Languages without a translation use the English food-specific sentence.",Add and review the translation for this language.
missing_translation,Localizable,game.end.completionSubtitle.meat,ro,Romanian,română,You collected all the pieces of meat,Je hebt alle stukken vlees verzameld,,new_since_2026-08-22,no,no,,,"Under the character on the result card when the board was filled. One sentence per food, so the noun can take whatever case, article and word order the language needs. Languages without a translation use the English food-specific sentence.",Add and review the translation for this language.
missing_translation,Localizable,game.end.completionSubtitle.meat,ru,Russian,русский,You collected all the pieces of meat,Je hebt alle stukken vlees verzameld,,new_since_2026-08-22,no,no,,,"Under the character on the result card when the board was filled. One sentence per food, so the noun can take whatever case, article and word order the language needs. Languages without a translation use the English food-specific sentence.",Add and review the translation for this language.
missing_translation,Localizable,game.end.completionSubtitle.meat,si,Sinhala,සිංහල,You collected all the pieces of meat,Je hebt alle stukken vlees verzameld,,new_since_2026-08-22,no,no,,,"Under the character on the result card when the board was filled. One sentence per food, so the noun can take whatever case, article and word order the language needs. Languages without a translation use the English food-specific sentence.",Add and review the translation for this language.
missing_translation,Localizable,game.end.completionSubtitle.meat,sk,Slovak,slovenčina,You collected all the pieces of meat,Je hebt alle stukken vlees verzameld,,new_since_2026-08-22,no,no,,,"Under the character on the result card when the board was filled. One sentence per food, so the noun can take whatever case, article and word order the language needs. Languages without a translation use the English food-specific sentence.",Add and review the translation for this language.
missing_translation,Localizable,game.end.completionSubtitle.meat,sl,Slovenian,slovenščina,You collected all the pieces of meat,Je hebt alle stukken vlees verzameld,,new_since_2026-08-22,no,no,,,"Under the character on the result card when the board was filled. One sentence per food, so the noun can take whatever case, article and word order the language needs. Languages without a translation use the English food-specific sentence.",Add and review the translation for this language.
missing_translation,Localizable,game.end.completionSubtitle.meat,sq,Albanian,shqip,You collected all the pieces of meat,Je hebt alle stukken vlees verzameld,,new_since_2026-08-22,no,no,,,"Under the character on the result card when the board was filled. One sentence per food, so the noun can take whatever case, article and word order the language needs. Languages without a translation use the English food-specific sentence.",Add and review the translation for this language.
missing_translation,Localizable,game.end.completionSubtitle.meat,sr,Serbian,српски,You collected all the pieces of meat,Je hebt alle stukken vlees verzameld,,new_since_2026-08-22,no,no,,,"Under the character on the result card when the board was filled. One sentence per food, so the noun can take whatever case, article and word order the language needs. Languages without a translation use the English food-specific sentence.",Add and review the translation for this language.
missing_translation,Localizable,game.end.completionSubtitle.meat,sv,Swedish,svenska,You collected all the pieces of meat,Je hebt alle stukken vlees verzameld,,new_since_2026-08-22,no,no,,,"Under the character on the result card when the board was filled. One sentence per food, so the noun can take whatever case, article and word order the language needs. Languages without a translation use the English food-specific sentence.",Add and review the translation for this language.
missing_translation,Localizable,game.end.completionSubtitle.meat,sw,Swahili,Kiswahili,You collected all the pieces of meat,Je hebt alle stukken vlees verzameld,,new_since_2026-08-22,no,no,,,"Under the character on the result card when the board was filled. One sentence per food, so the noun can take whatever case, article and word order the language needs. Languages without a translation use the English food-specific sentence.",Add and review the translation for this language.
missing_translation,Localizable,game.end.completionSubtitle.meat,ta,Tamil,தமிழ்,You collected all the pieces of meat,Je hebt alle stukken vlees verzameld,,new_since_2026-08-22,no,no,,,"Under the character on the result card when the board was filled. One sentence per food, so the noun can take whatever case, article and word order the language needs. Languages without a translation use the English food-specific sentence.",Add and review the translation for this language.
missing_translation,Localizable,game.end.completionSubtitle.meat,te,Telugu,తెలుగు,You collected all the pieces of meat,Je hebt alle stukken vlees verzameld,,new_since_2026-08-22,no,no,,,"Under the character on the result card when the board was filled. One sentence per food, so the noun can take whatever case, article and word order the language needs. Languages without a translation use the English food-specific sentence.",Add and review the translation for this language.
missing_translation,Localizable,game.end.completionSubtitle.meat,th,Thai,ไทย,You collected all the pieces of meat,Je hebt alle stukken vlees verzameld,,new_since_2026-08-22,no,no,,,"Under the character on the result card when the board was filled. One sentence per food, so the noun can take whatever case, article and word order the language needs. Languages without a translation use the English food-specific sentence.",Add and review the translation for this language.
missing_translation,Localizable,game.end.completionSubtitle.meat,tr,Turkish,Türkçe,You collected all the pieces of meat,Je hebt alle stukken vlees verzameld,,new_since_2026-08-22,no,no,,,"Under the character on the result card when the board was filled. One sentence per food, so the noun can take whatever case, article and word order the language needs. Languages without a translation use the English food-specific sentence.",Add and review the translation for this language.
missing_translation,Localizable,game.end.completionSubtitle.meat,ug,Uyghur,ئۇيغۇرچە,You collected all the pieces of meat,Je hebt alle stukken vlees verzameld,,new_since_2026-08-22,no,no,,,"Under the character on the result card when the board was filled. One sentence per food, so the noun can take whatever case, article and word order the language needs. Languages without a translation use the English food-specific sentence.",Add and review the translation for this language.
missing_translation,Localizable,game.end.completionSubtitle.meat,uk,Ukrainian,українська,You collected all the pieces of meat,Je hebt alle stukken vlees verzameld,,new_since_2026-08-22,no,no,,,"Under the character on the result card when the board was filled. One sentence per food, so the noun can take whatever case, article and word order the language needs. Languages without a translation use the English food-specific sentence.",Add and review the translation for this language.
missing_translation,Localizable,game.end.completionSubtitle.meat,ur,Urdu,اردو,You collected all the pieces of meat,Je hebt alle stukken vlees verzameld,,new_since_2026-08-22,no,no,,,"Under the character on the result card when the board was filled. One sentence per food, so the noun can take whatever case, article and word order the language needs. Languages without a translation use the English food-specific sentence.",Add and review the translation for this language.
missing_translation,Localizable,game.end.completionSubtitle.meat,uz,Uzbek,o‘zbek,You collected all the pieces of meat,Je hebt alle stukken vlees verzameld,,new_since_2026-08-22,no,no,,,"Under the character on the result card when the board was filled. One sentence per food, so the noun can take whatever case, article and word order the language needs. Languages without a translation use the English food-specific sentence.",Add and review the translation for this language.
missing_translation,Localizable,game.end.completionSubtitle.meat,vi,Vietnamese,Tiếng Việt,You collected all the pieces of meat,Je hebt alle stukken vlees verzameld,,new_since_2026-08-22,no,no,,,"Under the character on the result card when the board was filled. One sentence per food, so the noun can take whatever case, article and word order the language needs. Languages without a translation use the English food-specific sentence.",Add and review the translation for this language.
missing_translation,Localizable,game.end.completionSubtitle.meat,zh,Chinese,中文,You collected all the pieces of meat,Je hebt alle stukken vlees verzameld,,new_since_2026-08-22,no,no,,,"Under the character on the result card when the board was filled. One sentence per food, so the noun can take whatever case, article and word order the language needs. Languages without a translation use the English food-specific sentence.",Add and review the translation for this language.
missing_translation,Localizable,game.end.completionSubtitle.meat,zu,Zulu,isiZulu,You collected all the pieces of meat,Je hebt alle stukken vlees verzameld,,new_since_2026-08-22,no,no,,,"Under the character on the result card when the board was filled. One sentence per food, so the noun can take whatever case, article and word order the language needs. Languages without a translation use the English food-specific sentence.",Add and review the translation for this language.
missing_translation,Localizable,game.end.completionSubtitle.peanut,af,Afrikaans,Afrikaans,You collected all the peanuts,Je hebt alle pinda's verzameld,,new_since_2026-08-22,no,no,,,"Under the character on the result card when the board was filled. One sentence per food, so the noun can take whatever case, article and word order the language needs. Languages without a translation use the English food-specific sentence.",Add and review the translation for this language.
missing_translation,Localizable,game.end.completionSubtitle.peanut,am,Amharic,አማርኛ,You collected all the peanuts,Je hebt alle pinda's verzameld,,new_since_2026-08-22,no,no,,,"Under the character on the result card when the board was filled. One sentence per food, so the noun can take whatever case, article and word order the language needs. Languages without a translation use the English food-specific sentence.",Add and review the translation for this language.
missing_translation,Localizable,game.end.completionSubtitle.peanut,ar,Arabic,العربية,You collected all the peanuts,Je hebt alle pinda's verzameld,,new_since_2026-08-22,no,no,,,"Under the character on the result card when the board was filled. One sentence per food, so the noun can take whatever case, article and word order the language needs. Languages without a translation use the English food-specific sentence.",Add and review the translation for this language.
missing_translation,Localizable,game.end.completionSubtitle.peanut,as,Assamese,অসমীয়া,You collected all the peanuts,Je hebt alle pinda's verzameld,,new_since_2026-08-22,no,no,,,"Under the character on the result card when the board was filled. One sentence per food, so the noun can take whatever case, article and word order the language needs. Languages without a translation use the English food-specific sentence.",Add and review the translation for this language.
missing_translation,Localizable,game.end.completionSubtitle.peanut,az,Azerbaijani,azərbaycan,You collected all the peanuts,Je hebt alle pinda's verzameld,,new_since_2026-08-22,no,no,,,"Under the character on the result card when the board was filled. One sentence per food, so the noun can take whatever case, article and word order the language needs. Languages without a translation use the English food-specific sentence.",Add and review the translation for this language.
missing_translation,Localizable,game.end.completionSubtitle.peanut,be,Belarusian,беларуская,You collected all the peanuts,Je hebt alle pinda's verzameld,,new_since_2026-08-22,no,no,,,"Under the character on the result card when the board was filled. One sentence per food, so the noun can take whatever case, article and word order the language needs. Languages without a translation use the English food-specific sentence.",Add and review the translation for this language.
missing_translation,Localizable,game.end.completionSubtitle.peanut,bg,Bulgarian,български,You collected all the peanuts,Je hebt alle pinda's verzameld,,new_since_2026-08-22,no,no,,,"Under the character on the result card when the board was filled. One sentence per food, so the noun can take whatever case, article and word order the language needs. Languages without a translation use the English food-specific sentence.",Add and review the translation for this language.
missing_translation,Localizable,game.end.completionSubtitle.peanut,bn,Bangla,বাংলা,You collected all the peanuts,Je hebt alle pinda's verzameld,,new_since_2026-08-22,no,no,,,"Under the character on the result card when the board was filled. One sentence per food, so the noun can take whatever case, article and word order the language needs. Languages without a translation use the English food-specific sentence.",Add and review the translation for this language.
missing_translation,Localizable,game.end.completionSubtitle.peanut,bo,Tibetan,བོད་སྐད་,You collected all the peanuts,Je hebt alle pinda's verzameld,,new_since_2026-08-22,no,no,,,"Under the character on the result card when the board was filled. One sentence per food, so the noun can take whatever case, article and word order the language needs. Languages without a translation use the English food-specific sentence.",Add and review the translation for this language.
missing_translation,Localizable,game.end.completionSubtitle.peanut,bs,Bosnian,bosanski,You collected all the peanuts,Je hebt alle pinda's verzameld,,new_since_2026-08-22,no,no,,,"Under the character on the result card when the board was filled. One sentence per food, so the noun can take whatever case, article and word order the language needs. Languages without a translation use the English food-specific sentence.",Add and review the translation for this language.
missing_translation,Localizable,game.end.completionSubtitle.peanut,ca,Catalan,català,You collected all the peanuts,Je hebt alle pinda's verzameld,,new_since_2026-08-22,no,no,,,"Under the character on the result card when the board was filled. One sentence per food, so the noun can take whatever case, article and word order the language needs. Languages without a translation use the English food-specific sentence.",Add and review the translation for this language.
missing_translation,Localizable,game.end.completionSubtitle.peanut,cs,Czech,čeština,You collected all the peanuts,Je hebt alle pinda's verzameld,,new_since_2026-08-22,no,no,,,"Under the character on the result card when the board was filled. One sentence per food, so the noun can take whatever case, article and word order the language needs. Languages without a translation use the English food-specific sentence.",Add and review the translation for this language.
missing_translation,Localizable,game.end.completionSubtitle.peanut,cy,Welsh,Cymraeg,You collected all the peanuts,Je hebt alle pinda's verzameld,,new_since_2026-08-22,no,no,,,"Under the character on the result card when the board was filled. One sentence per food, so the noun can take whatever case, article and word order the language needs. Languages without a translation use the English food-specific sentence.",Add and review the translation for this language.
missing_translation,Localizable,game.end.completionSubtitle.peanut,da,Danish,dansk,You collected all the peanuts,Je hebt alle pinda's verzameld,,new_since_2026-08-22,no,no,,,"Under the character on the result card when the board was filled. One sentence per food, so the noun can take whatever case, article and word order the language needs. Languages without a translation use the English food-specific sentence.",Add and review the translation for this language.
missing_translation,Localizable,game.end.completionSubtitle.peanut,de,German,Deutsch,You collected all the peanuts,Je hebt alle pinda's verzameld,,new_since_2026-08-22,no,no,,,"Under the character on the result card when the board was filled. One sentence per food, so the noun can take whatever case, article and word order the language needs. Languages without a translation use the English food-specific sentence.",Add and review the translation for this language.
missing_translation,Localizable,game.end.completionSubtitle.peanut,el,Greek,Ελληνικά,You collected all the peanuts,Je hebt alle pinda's verzameld,,new_since_2026-08-22,no,no,,,"Under the character on the result card when the board was filled. One sentence per food, so the noun can take whatever case, article and word order the language needs. Languages without a translation use the English food-specific sentence.",Add and review the translation for this language.
missing_translation,Localizable,game.end.completionSubtitle.peanut,es,Spanish,español,You collected all the peanuts,Je hebt alle pinda's verzameld,,new_since_2026-08-22,no,no,,,"Under the character on the result card when the board was filled. One sentence per food, so the noun can take whatever case, article and word order the language needs. Languages without a translation use the English food-specific sentence.",Add and review the translation for this language.
missing_translation,Localizable,game.end.completionSubtitle.peanut,et,Estonian,eesti,You collected all the peanuts,Je hebt alle pinda's verzameld,,new_since_2026-08-22,no,no,,,"Under the character on the result card when the board was filled. One sentence per food, so the noun can take whatever case, article and word order the language needs. Languages without a translation use the English food-specific sentence.",Add and review the translation for this language.
missing_translation,Localizable,game.end.completionSubtitle.peanut,eu,Basque,euskara,You collected all the peanuts,Je hebt alle pinda's verzameld,,new_since_2026-08-22,no,no,,,"Under the character on the result card when the board was filled. One sentence per food, so the noun can take whatever case, article and word order the language needs. Languages without a translation use the English food-specific sentence.",Add and review the translation for this language.
missing_translation,Localizable,game.end.completionSubtitle.peanut,fa,Persian,فارسی,You collected all the peanuts,Je hebt alle pinda's verzameld,,new_since_2026-08-22,no,no,,,"Under the character on the result card when the board was filled. One sentence per food, so the noun can take whatever case, article and word order the language needs. Languages without a translation use the English food-specific sentence.",Add and review the translation for this language.
missing_translation,Localizable,game.end.completionSubtitle.peanut,fi,Finnish,suomi,You collected all the peanuts,Je hebt alle pinda's verzameld,,new_since_2026-08-22,no,no,,,"Under the character on the result card when the board was filled. One sentence per food, so the noun can take whatever case, article and word order the language needs. Languages without a translation use the English food-specific sentence.",Add and review the translation for this language.
missing_translation,Localizable,game.end.completionSubtitle.peanut,fo,Faroese,føroyskt,You collected all the peanuts,Je hebt alle pinda's verzameld,,new_since_2026-08-22,no,no,,,"Under the character on the result card when the board was filled. One sentence per food, so the noun can take whatever case, article and word order the language needs. Languages without a translation use the English food-specific sentence.",Add and review the translation for this language.
missing_translation,Localizable,game.end.completionSubtitle.peanut,fr,French,français,You collected all the peanuts,Je hebt alle pinda's verzameld,,new_since_2026-08-22,no,no,,,"Under the character on the result card when the board was filled. One sentence per food, so the noun can take whatever case, article and word order the language needs. Languages without a translation use the English food-specific sentence.",Add and review the translation for this language.
missing_translation,Localizable,game.end.completionSubtitle.peanut,ga,Irish,Gaeilge,You collected all the peanuts,Je hebt alle pinda's verzameld,,new_since_2026-08-22,no,no,,,"Under the character on the result card when the board was filled. One sentence per food, so the noun can take whatever case, article and word order the language needs. Languages without a translation use the English food-specific sentence.",Add and review the translation for this language.
missing_translation,Localizable,game.end.completionSubtitle.peanut,gl,Galician,galego,You collected all the peanuts,Je hebt alle pinda's verzameld,,new_since_2026-08-22,no,no,,,"Under the character on the result card when the board was filled. One sentence per food, so the noun can take whatever case, article and word order the language needs. Languages without a translation use the English food-specific sentence.",Add and review the translation for this language.
missing_translation,Localizable,game.end.completionSubtitle.peanut,gu,Gujarati,ગુજરાતી,You collected all the peanuts,Je hebt alle pinda's verzameld,,new_since_2026-08-22,no,no,,,"Under the character on the result card when the board was filled. One sentence per food, so the noun can take whatever case, article and word order the language needs. Languages without a translation use the English food-specific sentence.",Add and review the translation for this language.
missing_translation,Localizable,game.end.completionSubtitle.peanut,he,Hebrew,עברית,You collected all the peanuts,Je hebt alle pinda's verzameld,,new_since_2026-08-22,no,no,,,"Under the character on the result card when the board was filled. One sentence per food, so the noun can take whatever case, article and word order the language needs. Languages without a translation use the English food-specific sentence.",Add and review the translation for this language.
missing_translation,Localizable,game.end.completionSubtitle.peanut,hi,Hindi,हिन्दी,You collected all the peanuts,Je hebt alle pinda's verzameld,,new_since_2026-08-22,no,no,,,"Under the character on the result card when the board was filled. One sentence per food, so the noun can take whatever case, article and word order the language needs. Languages without a translation use the English food-specific sentence.",Add and review the translation for this language.
missing_translation,Localizable,game.end.completionSubtitle.peanut,hr,Croatian,hrvatski,You collected all the peanuts,Je hebt alle pinda's verzameld,,new_since_2026-08-22,no,no,,,"Under the character on the result card when the board was filled. One sentence per food, so the noun can take whatever case, article and word order the language needs. Languages without a translation use the English food-specific sentence.",Add and review the translation for this language.
missing_translation,Localizable,game.end.completionSubtitle.peanut,hu,Hungarian,magyar,You collected all the peanuts,Je hebt alle pinda's verzameld,,new_since_2026-08-22,no,no,,,"Under the character on the result card when the board was filled. One sentence per food, so the noun can take whatever case, article and word order the language needs. Languages without a translation use the English food-specific sentence.",Add and review the translation for this language.
missing_translation,Localizable,game.end.completionSubtitle.peanut,hy,Armenian,հայերեն,You collected all the peanuts,Je hebt alle pinda's verzameld,,new_since_2026-08-22,no,no,,,"Under the character on the result card when the board was filled. One sentence per food, so the noun can take whatever case, article and word order the language needs. Languages without a translation use the English food-specific sentence.",Add and review the translation for this language.
missing_translation,Localizable,game.end.completionSubtitle.peanut,id,Indonesian,Indonesia,You collected all the peanuts,Je hebt alle pinda's verzameld,,new_since_2026-08-22,no,no,,,"Under the character on the result card when the board was filled. One sentence per food, so the noun can take whatever case, article and word order the language needs. Languages without a translation use the English food-specific sentence.",Add and review the translation for this language.
missing_translation,Localizable,game.end.completionSubtitle.peanut,is,Icelandic,íslenska,You collected all the peanuts,Je hebt alle pinda's verzameld,,new_since_2026-08-22,no,no,,,"Under the character on the result card when the board was filled. One sentence per food, so the noun can take whatever case, article and word order the language needs. Languages without a translation use the English food-specific sentence.",Add and review the translation for this language.
missing_translation,Localizable,game.end.completionSubtitle.peanut,it,Italian,italiano,You collected all the peanuts,Je hebt alle pinda's verzameld,,new_since_2026-08-22,no,no,,,"Under the character on the result card when the board was filled. One sentence per food, so the noun can take whatever case, article and word order the language needs. Languages without a translation use the English food-specific sentence.",Add and review the translation for this language.
missing_translation,Localizable,game.end.completionSubtitle.peanut,ja,Japanese,日本語,You collected all the peanuts,Je hebt alle pinda's verzameld,,new_since_2026-08-22,no,no,,,"Under the character on the result card when the board was filled. One sentence per food, so the noun can take whatever case, article and word order the language needs. Languages without a translation use the English food-specific sentence.",Add and review the translation for this language.
missing_translation,Localizable,game.end.completionSubtitle.peanut,ka,Georgian,ქართული,You collected all the peanuts,Je hebt alle pinda's verzameld,,new_since_2026-08-22,no,no,,,"Under the character on the result card when the board was filled. One sentence per food, so the noun can take whatever case, article and word order the language needs. Languages without a translation use the English food-specific sentence.",Add and review the translation for this language.
missing_translation,Localizable,game.end.completionSubtitle.peanut,kk,Kazakh,қазақ тілі,You collected all the peanuts,Je hebt alle pinda's verzameld,,new_since_2026-08-22,no,no,,,"Under the character on the result card when the board was filled. One sentence per food, so the noun can take whatever case, article and word order the language needs. Languages without a translation use the English food-specific sentence.",Add and review the translation for this language.
missing_translation,Localizable,game.end.completionSubtitle.peanut,km,Khmer,ខ្មែរ,You collected all the peanuts,Je hebt alle pinda's verzameld,,new_since_2026-08-22,no,no,,,"Under the character on the result card when the board was filled. One sentence per food, so the noun can take whatever case, article and word order the language needs. Languages without a translation use the English food-specific sentence.",Add and review the translation for this language.
missing_translation,Localizable,game.end.completionSubtitle.peanut,kn,Kannada,ಕನ್ನಡ,You collected all the peanuts,Je hebt alle pinda's verzameld,,new_since_2026-08-22,no,no,,,"Under the character on the result card when the board was filled. One sentence per food, so the noun can take whatever case, article and word order the language needs. Languages without a translation use the English food-specific sentence.",Add and review the translation for this language.
missing_translation,Localizable,game.end.completionSubtitle.peanut,ko,Korean,한국어,You collected all the peanuts,Je hebt alle pinda's verzameld,,new_since_2026-08-22,no,no,,,"Under the character on the result card when the board was filled. One sentence per food, so the noun can take whatever case, article and word order the language needs. Languages without a translation use the English food-specific sentence.",Add and review the translation for this language.
missing_translation,Localizable,game.end.completionSubtitle.peanut,lo,Lao,ລາວ,You collected all the peanuts,Je hebt alle pinda's verzameld,,new_since_2026-08-22,no,no,,,"Under the character on the result card when the board was filled. One sentence per food, so the noun can take whatever case, article and word order the language needs. Languages without a translation use the English food-specific sentence.",Add and review the translation for this language.
missing_translation,Localizable,game.end.completionSubtitle.peanut,lt,Lithuanian,lietuvių,You collected all the peanuts,Je hebt alle pinda's verzameld,,new_since_2026-08-22,no,no,,,"Under the character on the result card when the board was filled. One sentence per food, so the noun can take whatever case, article and word order the language needs. Languages without a translation use the English food-specific sentence.",Add and review the translation for this language.
missing_translation,Localizable,game.end.completionSubtitle.peanut,lv,Latvian,latviešu,You collected all the peanuts,Je hebt alle pinda's verzameld,,new_since_2026-08-22,no,no,,,"Under the character on the result card when the board was filled. One sentence per food, so the noun can take whatever case, article and word order the language needs. Languages without a translation use the English food-specific sentence.",Add and review the translation for this language.
missing_translation,Localizable,game.end.completionSubtitle.peanut,mk,Macedonian,македонски,You collected all the peanuts,Je hebt alle pinda's verzameld,,new_since_2026-08-22,no,no,,,"Under the character on the result card when the board was filled. One sentence per food, so the noun can take whatever case, article and word order the language needs. Languages without a translation use the English food-specific sentence.",Add and review the translation for this language.
missing_translation,Localizable,game.end.completionSubtitle.peanut,ml,Malayalam,മലയാളം,You collected all the peanuts,Je hebt alle pinda's verzameld,,new_since_2026-08-22,no,no,,,"Under the character on the result card when the board was filled. One sentence per food, so the noun can take whatever case, article and word order the language needs. Languages without a translation use the English food-specific sentence.",Add and review the translation for this language.
missing_translation,Localizable,game.end.completionSubtitle.peanut,mn,Mongolian,монгол,You collected all the peanuts,Je hebt alle pinda's verzameld,,new_since_2026-08-22,no,no,,,"Under the character on the result card when the board was filled. One sentence per food, so the noun can take whatever case, article and word order the language needs. Languages without a translation use the English food-specific sentence.",Add and review the translation for this language.
missing_translation,Localizable,game.end.completionSubtitle.peanut,mr,Marathi,मराठी,You collected all the peanuts,Je hebt alle pinda's verzameld,,new_since_2026-08-22,no,no,,,"Under the character on the result card when the board was filled. One sentence per food, so the noun can take whatever case, article and word order the language needs. Languages without a translation use the English food-specific sentence.",Add and review the translation for this language.
missing_translation,Localizable,game.end.completionSubtitle.peanut,ms,Malay,Melayu,You collected all the peanuts,Je hebt alle pinda's verzameld,,new_since_2026-08-22,no,no,,,"Under the character on the result card when the board was filled. One sentence per food, so the noun can take whatever case, article and word order the language needs. Languages without a translation use the English food-specific sentence.",Add and review the translation for this language.
missing_translation,Localizable,game.end.completionSubtitle.peanut,my,Burmese,မြန်မာ,You collected all the peanuts,Je hebt alle pinda's verzameld,,new_since_2026-08-22,no,no,,,"Under the character on the result card when the board was filled. One sentence per food, so the noun can take whatever case, article and word order the language needs. Languages without a translation use the English food-specific sentence.",Add and review the translation for this language.
missing_translation,Localizable,game.end.completionSubtitle.peanut,nb,Norwegian Bokmål,norsk bokmål,You collected all the peanuts,Je hebt alle pinda's verzameld,,new_since_2026-08-22,no,no,,,"Under the character on the result card when the board was filled. One sentence per food, so the noun can take whatever case, article and word order the language needs. Languages without a translation use the English food-specific sentence.",Add and review the translation for this language.
missing_translation,Localizable,game.end.completionSubtitle.peanut,ne,Nepali,नेपाली,You collected all the peanuts,Je hebt alle pinda's verzameld,,new_since_2026-08-22,no,no,,,"Under the character on the result card when the board was filled. One sentence per food, so the noun can take whatever case, article and word order the language needs. Languages without a translation use the English food-specific sentence.",Add and review the translation for this language.
missing_translation,Localizable,game.end.completionSubtitle.peanut,or,Odia,ଓଡ଼ିଆ,You collected all the peanuts,Je hebt alle pinda's verzameld,,new_since_2026-08-22,no,no,,,"Under the character on the result card when the board was filled. One sentence per food, so the noun can take whatever case, article and word order the language needs. Languages without a translation use the English food-specific sentence.",Add and review the translation for this language.
missing_translation,Localizable,game.end.completionSubtitle.peanut,pa,Punjabi,ਪੰਜਾਬੀ,You collected all the peanuts,Je hebt alle pinda's verzameld,,new_since_2026-08-22,no,no,,,"Under the character on the result card when the board was filled. One sentence per food, so the noun can take whatever case, article and word order the language needs. Languages without a translation use the English food-specific sentence.",Add and review the translation for this language.
missing_translation,Localizable,game.end.completionSubtitle.peanut,pl,Polish,polski,You collected all the peanuts,Je hebt alle pinda's verzameld,,new_since_2026-08-22,no,no,,,"Under the character on the result card when the board was filled. One sentence per food, so the noun can take whatever case, article and word order the language needs. Languages without a translation use the English food-specific sentence.",Add and review the translation for this language.
missing_translation,Localizable,game.end.completionSubtitle.peanut,pt,Portuguese,português,You collected all the peanuts,Je hebt alle pinda's verzameld,,new_since_2026-08-22,no,no,,,"Under the character on the result card when the board was filled. One sentence per food, so the noun can take whatever case, article and word order the language needs. Languages without a translation use the English food-specific sentence.",Add and review the translation for this language.
missing_translation,Localizable,game.end.completionSubtitle.peanut,ro,Romanian,română,You collected all the peanuts,Je hebt alle pinda's verzameld,,new_since_2026-08-22,no,no,,,"Under the character on the result card when the board was filled. One sentence per food, so the noun can take whatever case, article and word order the language needs. Languages without a translation use the English food-specific sentence.",Add and review the translation for this language.
missing_translation,Localizable,game.end.completionSubtitle.peanut,ru,Russian,русский,You collected all the peanuts,Je hebt alle pinda's verzameld,,new_since_2026-08-22,no,no,,,"Under the character on the result card when the board was filled. One sentence per food, so the noun can take whatever case, article and word order the language needs. Languages without a translation use the English food-specific sentence.",Add and review the translation for this language.
missing_translation,Localizable,game.end.completionSubtitle.peanut,si,Sinhala,සිංහල,You collected all the peanuts,Je hebt alle pinda's verzameld,,new_since_2026-08-22,no,no,,,"Under the character on the result card when the board was filled. One sentence per food, so the noun can take whatever case, article and word order the language needs. Languages without a translation use the English food-specific sentence.",Add and review the translation for this language.
missing_translation,Localizable,game.end.completionSubtitle.peanut,sk,Slovak,slovenčina,You collected all the peanuts,Je hebt alle pinda's verzameld,,new_since_2026-08-22,no,no,,,"Under the character on the result card when the board was filled. One sentence per food, so the noun can take whatever case, article and word order the language needs. Languages without a translation use the English food-specific sentence.",Add and review the translation for this language.
missing_translation,Localizable,game.end.completionSubtitle.peanut,sl,Slovenian,slovenščina,You collected all the peanuts,Je hebt alle pinda's verzameld,,new_since_2026-08-22,no,no,,,"Under the character on the result card when the board was filled. One sentence per food, so the noun can take whatever case, article and word order the language needs. Languages without a translation use the English food-specific sentence.",Add and review the translation for this language.
missing_translation,Localizable,game.end.completionSubtitle.peanut,sq,Albanian,shqip,You collected all the peanuts,Je hebt alle pinda's verzameld,,new_since_2026-08-22,no,no,,,"Under the character on the result card when the board was filled. One sentence per food, so the noun can take whatever case, article and word order the language needs. Languages without a translation use the English food-specific sentence.",Add and review the translation for this language.
missing_translation,Localizable,game.end.completionSubtitle.peanut,sr,Serbian,српски,You collected all the peanuts,Je hebt alle pinda's verzameld,,new_since_2026-08-22,no,no,,,"Under the character on the result card when the board was filled. One sentence per food, so the noun can take whatever case, article and word order the language needs. Languages without a translation use the English food-specific sentence.",Add and review the translation for this language.
missing_translation,Localizable,game.end.completionSubtitle.peanut,sv,Swedish,svenska,You collected all the peanuts,Je hebt alle pinda's verzameld,,new_since_2026-08-22,no,no,,,"Under the character on the result card when the board was filled. One sentence per food, so the noun can take whatever case, article and word order the language needs. Languages without a translation use the English food-specific sentence.",Add and review the translation for this language.
missing_translation,Localizable,game.end.completionSubtitle.peanut,sw,Swahili,Kiswahili,You collected all the peanuts,Je hebt alle pinda's verzameld,,new_since_2026-08-22,no,no,,,"Under the character on the result card when the board was filled. One sentence per food, so the noun can take whatever case, article and word order the language needs. Languages without a translation use the English food-specific sentence.",Add and review the translation for this language.
missing_translation,Localizable,game.end.completionSubtitle.peanut,ta,Tamil,தமிழ்,You collected all the peanuts,Je hebt alle pinda's verzameld,,new_since_2026-08-22,no,no,,,"Under the character on the result card when the board was filled. One sentence per food, so the noun can take whatever case, article and word order the language needs. Languages without a translation use the English food-specific sentence.",Add and review the translation for this language.
missing_translation,Localizable,game.end.completionSubtitle.peanut,te,Telugu,తెలుగు,You collected all the peanuts,Je hebt alle pinda's verzameld,,new_since_2026-08-22,no,no,,,"Under the character on the result card when the board was filled. One sentence per food, so the noun can take whatever case, article and word order the language needs. Languages without a translation use the English food-specific sentence.",Add and review the translation for this language.
missing_translation,Localizable,game.end.completionSubtitle.peanut,th,Thai,ไทย,You collected all the peanuts,Je hebt alle pinda's verzameld,,new_since_2026-08-22,no,no,,,"Under the character on the result card when the board was filled. One sentence per food, so the noun can take whatever case, article and word order the language needs. Languages without a translation use the English food-specific sentence.",Add and review the translation for this language.
missing_translation,Localizable,game.end.completionSubtitle.peanut,tr,Turkish,Türkçe,You collected all the peanuts,Je hebt alle pinda's verzameld,,new_since_2026-08-22,no,no,,,"Under the character on the result card when the board was filled. One sentence per food, so the noun can take whatever case, article and word order the language needs. Languages without a translation use the English food-specific sentence.",Add and review the translation for this language.
missing_translation,Localizable,game.end.completionSubtitle.peanut,ug,Uyghur,ئۇيغۇرچە,You collected all the peanuts,Je hebt alle pinda's verzameld,,new_since_2026-08-22,no,no,,,"Under the character on the result card when the board was filled. One sentence per food, so the noun can take whatever case, article and word order the language needs. Languages without a translation use the English food-specific sentence.",Add and review the translation for this language.
missing_translation,Localizable,game.end.completionSubtitle.peanut,uk,Ukrainian,українська,You collected all the peanuts,Je hebt alle pinda's verzameld,,new_since_2026-08-22,no,no,,,"Under the character on the result card when the board was filled. One sentence per food, so the noun can take whatever case, article and word order the language needs. Languages without a translation use the English food-specific sentence.",Add and review the translation for this language.
missing_translation,Localizable,game.end.completionSubtitle.peanut,ur,Urdu,اردو,You collected all the peanuts,Je hebt alle pinda's verzameld,,new_since_2026-08-22,no,no,,,"Under the character on the result card when the board was filled. One sentence per food, so the noun can take whatever case, article and word order the language needs. Languages without a translation use the English food-specific sentence.",Add and review the translation for this language.
missing_translation,Localizable,game.end.completionSubtitle.peanut,uz,Uzbek,o‘zbek,You collected all the peanuts,Je hebt alle pinda's verzameld,,new_since_2026-08-22,no,no,,,"Under the character on the result card when the board was filled. One sentence per food, so the noun can take whatever case, article and word order the language needs. Languages without a translation use the English food-specific sentence.",Add and review the translation for this language.
missing_translation,Localizable,game.end.completionSubtitle.peanut,vi,Vietnamese,Tiếng Việt,You collected all the peanuts,Je hebt alle pinda's verzameld,,new_since_2026-08-22,no,no,,,"Under the character on the result card when the board was filled. One sentence per food, so the noun can take whatever case, article and word order the language needs. Languages without a translation use the English food-specific sentence.",Add and review the translation for this language.
missing_translation,Localizable,game.end.completionSubtitle.peanut,zh,Chinese,中文,You collected all the peanuts,Je hebt alle pinda's verzameld,,new_since_2026-08-22,no,no,,,"Under the character on the result card when the board was filled. One sentence per food, so the noun can take whatever case, article and word order the language needs. Languages without a translation use the English food-specific sentence.",Add and review the translation for this language.
missing_translation,Localizable,game.end.completionSubtitle.peanut,zu,Zulu,isiZulu,You collected all the peanuts,Je hebt alle pinda's verzameld,,new_since_2026-08-22,no,no,,,"Under the character on the result card when the board was filled. One sentence per food, so the noun can take whatever case, article and word order the language needs. Languages without a translation use the English food-specific sentence.",Add and review the translation for this language.
missing_translation,Localizable,game.end.completionSubtitle.pearl,af,Afrikaans,Afrikaans,You collected all the pearls,Je hebt alle parels verzameld,,new_since_2026-08-22,no,no,,,"Under the character on the result card when the board was filled. One sentence per food, so the noun can take whatever case, article and word order the language needs. Languages without a translation use the English food-specific sentence.",Add and review the translation for this language.
missing_translation,Localizable,game.end.completionSubtitle.pearl,am,Amharic,አማርኛ,You collected all the pearls,Je hebt alle parels verzameld,,new_since_2026-08-22,no,no,,,"Under the character on the result card when the board was filled. One sentence per food, so the noun can take whatever case, article and word order the language needs. Languages without a translation use the English food-specific sentence.",Add and review the translation for this language.
missing_translation,Localizable,game.end.completionSubtitle.pearl,ar,Arabic,العربية,You collected all the pearls,Je hebt alle parels verzameld,,new_since_2026-08-22,no,no,,,"Under the character on the result card when the board was filled. One sentence per food, so the noun can take whatever case, article and word order the language needs. Languages without a translation use the English food-specific sentence.",Add and review the translation for this language.
missing_translation,Localizable,game.end.completionSubtitle.pearl,as,Assamese,অসমীয়া,You collected all the pearls,Je hebt alle parels verzameld,,new_since_2026-08-22,no,no,,,"Under the character on the result card when the board was filled. One sentence per food, so the noun can take whatever case, article and word order the language needs. Languages without a translation use the English food-specific sentence.",Add and review the translation for this language.
missing_translation,Localizable,game.end.completionSubtitle.pearl,az,Azerbaijani,azərbaycan,You collected all the pearls,Je hebt alle parels verzameld,,new_since_2026-08-22,no,no,,,"Under the character on the result card when the board was filled. One sentence per food, so the noun can take whatever case, article and word order the language needs. Languages without a translation use the English food-specific sentence.",Add and review the translation for this language.
missing_translation,Localizable,game.end.completionSubtitle.pearl,be,Belarusian,беларуская,You collected all the pearls,Je hebt alle parels verzameld,,new_since_2026-08-22,no,no,,,"Under the character on the result card when the board was filled. One sentence per food, so the noun can take whatever case, article and word order the language needs. Languages without a translation use the English food-specific sentence.",Add and review the translation for this language.
missing_translation,Localizable,game.end.completionSubtitle.pearl,bg,Bulgarian,български,You collected all the pearls,Je hebt alle parels verzameld,,new_since_2026-08-22,no,no,,,"Under the character on the result card when the board was filled. One sentence per food, so the noun can take whatever case, article and word order the language needs. Languages without a translation use the English food-specific sentence.",Add and review the translation for this language.
missing_translation,Localizable,game.end.completionSubtitle.pearl,bn,Bangla,বাংলা,You collected all the pearls,Je hebt alle parels verzameld,,new_since_2026-08-22,no,no,,,"Under the character on the result card when the board was filled. One sentence per food, so the noun can take whatever case, article and word order the language needs. Languages without a translation use the English food-specific sentence.",Add and review the translation for this language.
missing_translation,Localizable,game.end.completionSubtitle.pearl,bo,Tibetan,བོད་སྐད་,You collected all the pearls,Je hebt alle parels verzameld,,new_since_2026-08-22,no,no,,,"Under the character on the result card when the board was filled. One sentence per food, so the noun can take whatever case, article and word order the language needs. Languages without a translation use the English food-specific sentence.",Add and review the translation for this language.
missing_translation,Localizable,game.end.completionSubtitle.pearl,bs,Bosnian,bosanski,You collected all the pearls,Je hebt alle parels verzameld,,new_since_2026-08-22,no,no,,,"Under the character on the result card when the board was filled. One sentence per food, so the noun can take whatever case, article and word order the language needs. Languages without a translation use the English food-specific sentence.",Add and review the translation for this language.
missing_translation,Localizable,game.end.completionSubtitle.pearl,ca,Catalan,català,You collected all the pearls,Je hebt alle parels verzameld,,new_since_2026-08-22,no,no,,,"Under the character on the result card when the board was filled. One sentence per food, so the noun can take whatever case, article and word order the language needs. Languages without a translation use the English food-specific sentence.",Add and review the translation for this language.
missing_translation,Localizable,game.end.completionSubtitle.pearl,cs,Czech,čeština,You collected all the pearls,Je hebt alle parels verzameld,,new_since_2026-08-22,no,no,,,"Under the character on the result card when the board was filled. One sentence per food, so the noun can take whatever case, article and word order the language needs. Languages without a translation use the English food-specific sentence.",Add and review the translation for this language.
missing_translation,Localizable,game.end.completionSubtitle.pearl,cy,Welsh,Cymraeg,You collected all the pearls,Je hebt alle parels verzameld,,new_since_2026-08-22,no,no,,,"Under the character on the result card when the board was filled. One sentence per food, so the noun can take whatever case, article and word order the language needs. Languages without a translation use the English food-specific sentence.",Add and review the translation for this language.
missing_translation,Localizable,game.end.completionSubtitle.pearl,da,Danish,dansk,You collected all the pearls,Je hebt alle parels verzameld,,new_since_2026-08-22,no,no,,,"Under the character on the result card when the board was filled. One sentence per food, so the noun can take whatever case, article and word order the language needs. Languages without a translation use the English food-specific sentence.",Add and review the translation for this language.
missing_translation,Localizable,game.end.completionSubtitle.pearl,de,German,Deutsch,You collected all the pearls,Je hebt alle parels verzameld,,new_since_2026-08-22,no,no,,,"Under the character on the result card when the board was filled. One sentence per food, so the noun can take whatever case, article and word order the language needs. Languages without a translation use the English food-specific sentence.",Add and review the translation for this language.
missing_translation,Localizable,game.end.completionSubtitle.pearl,el,Greek,Ελληνικά,You collected all the pearls,Je hebt alle parels verzameld,,new_since_2026-08-22,no,no,,,"Under the character on the result card when the board was filled. One sentence per food, so the noun can take whatever case, article and word order the language needs. Languages without a translation use the English food-specific sentence.",Add and review the translation for this language.
missing_translation,Localizable,game.end.completionSubtitle.pearl,es,Spanish,español,You collected all the pearls,Je hebt alle parels verzameld,,new_since_2026-08-22,no,no,,,"Under the character on the result card when the board was filled. One sentence per food, so the noun can take whatever case, article and word order the language needs. Languages without a translation use the English food-specific sentence.",Add and review the translation for this language.
missing_translation,Localizable,game.end.completionSubtitle.pearl,et,Estonian,eesti,You collected all the pearls,Je hebt alle parels verzameld,,new_since_2026-08-22,no,no,,,"Under the character on the result card when the board was filled. One sentence per food, so the noun can take whatever case, article and word order the language needs. Languages without a translation use the English food-specific sentence.",Add and review the translation for this language.
missing_translation,Localizable,game.end.completionSubtitle.pearl,eu,Basque,euskara,You collected all the pearls,Je hebt alle parels verzameld,,new_since_2026-08-22,no,no,,,"Under the character on the result card when the board was filled. One sentence per food, so the noun can take whatever case, article and word order the language needs. Languages without a translation use the English food-specific sentence.",Add and review the translation for this language.
missing_translation,Localizable,game.end.completionSubtitle.pearl,fa,Persian,فارسی,You collected all the pearls,Je hebt alle parels verzameld,,new_since_2026-08-22,no,no,,,"Under the character on the result card when the board was filled. One sentence per food, so the noun can take whatever case, article and word order the language needs. Languages without a translation use the English food-specific sentence.",Add and review the translation for this language.
missing_translation,Localizable,game.end.completionSubtitle.pearl,fi,Finnish,suomi,You collected all the pearls,Je hebt alle parels verzameld,,new_since_2026-08-22,no,no,,,"Under the character on the result card when the board was filled. One sentence per food, so the noun can take whatever case, article and word order the language needs. Languages without a translation use the English food-specific sentence.",Add and review the translation for this language.
missing_translation,Localizable,game.end.completionSubtitle.pearl,fo,Faroese,føroyskt,You collected all the pearls,Je hebt alle parels verzameld,,new_since_2026-08-22,no,no,,,"Under the character on the result card when the board was filled. One sentence per food, so the noun can take whatever case, article and word order the language needs. Languages without a translation use the English food-specific sentence.",Add and review the translation for this language.
missing_translation,Localizable,game.end.completionSubtitle.pearl,fr,French,français,You collected all the pearls,Je hebt alle parels verzameld,,new_since_2026-08-22,no,no,,,"Under the character on the result card when the board was filled. One sentence per food, so the noun can take whatever case, article and word order the language needs. Languages without a translation use the English food-specific sentence.",Add and review the translation for this language.
missing_translation,Localizable,game.end.completionSubtitle.pearl,ga,Irish,Gaeilge,You collected all the pearls,Je hebt alle parels verzameld,,new_since_2026-08-22,no,no,,,"Under the character on the result card when the board was filled. One sentence per food, so the noun can take whatever case, article and word order the language needs. Languages without a translation use the English food-specific sentence.",Add and review the translation for this language.
missing_translation,Localizable,game.end.completionSubtitle.pearl,gl,Galician,galego,You collected all the pearls,Je hebt alle parels verzameld,,new_since_2026-08-22,no,no,,,"Under the character on the result card when the board was filled. One sentence per food, so the noun can take whatever case, article and word order the language needs. Languages without a translation use the English food-specific sentence.",Add and review the translation for this language.
missing_translation,Localizable,game.end.completionSubtitle.pearl,gu,Gujarati,ગુજરાતી,You collected all the pearls,Je hebt alle parels verzameld,,new_since_2026-08-22,no,no,,,"Under the character on the result card when the board was filled. One sentence per food, so the noun can take whatever case, article and word order the language needs. Languages without a translation use the English food-specific sentence.",Add and review the translation for this language.
missing_translation,Localizable,game.end.completionSubtitle.pearl,he,Hebrew,עברית,You collected all the pearls,Je hebt alle parels verzameld,,new_since_2026-08-22,no,no,,,"Under the character on the result card when the board was filled. One sentence per food, so the noun can take whatever case, article and word order the language needs. Languages without a translation use the English food-specific sentence.",Add and review the translation for this language.
missing_translation,Localizable,game.end.completionSubtitle.pearl,hi,Hindi,हिन्दी,You collected all the pearls,Je hebt alle parels verzameld,,new_since_2026-08-22,no,no,,,"Under the character on the result card when the board was filled. One sentence per food, so the noun can take whatever case, article and word order the language needs. Languages without a translation use the English food-specific sentence.",Add and review the translation for this language.
missing_translation,Localizable,game.end.completionSubtitle.pearl,hr,Croatian,hrvatski,You collected all the pearls,Je hebt alle parels verzameld,,new_since_2026-08-22,no,no,,,"Under the character on the result card when the board was filled. One sentence per food, so the noun can take whatever case, article and word order the language needs. Languages without a translation use the English food-specific sentence.",Add and review the translation for this language.
missing_translation,Localizable,game.end.completionSubtitle.pearl,hu,Hungarian,magyar,You collected all the pearls,Je hebt alle parels verzameld,,new_since_2026-08-22,no,no,,,"Under the character on the result card when the board was filled. One sentence per food, so the noun can take whatever case, article and word order the language needs. Languages without a translation use the English food-specific sentence.",Add and review the translation for this language.
missing_translation,Localizable,game.end.completionSubtitle.pearl,hy,Armenian,հայերեն,You collected all the pearls,Je hebt alle parels verzameld,,new_since_2026-08-22,no,no,,,"Under the character on the result card when the board was filled. One sentence per food, so the noun can take whatever case, article and word order the language needs. Languages without a translation use the English food-specific sentence.",Add and review the translation for this language.
missing_translation,Localizable,game.end.completionSubtitle.pearl,id,Indonesian,Indonesia,You collected all the pearls,Je hebt alle parels verzameld,,new_since_2026-08-22,no,no,,,"Under the character on the result card when the board was filled. One sentence per food, so the noun can take whatever case, article and word order the language needs. Languages without a translation use the English food-specific sentence.",Add and review the translation for this language.
missing_translation,Localizable,game.end.completionSubtitle.pearl,is,Icelandic,íslenska,You collected all the pearls,Je hebt alle parels verzameld,,new_since_2026-08-22,no,no,,,"Under the character on the result card when the board was filled. One sentence per food, so the noun can take whatever case, article and word order the language needs. Languages without a translation use the English food-specific sentence.",Add and review the translation for this language.
missing_translation,Localizable,game.end.completionSubtitle.pearl,it,Italian,italiano,You collected all the pearls,Je hebt alle parels verzameld,,new_since_2026-08-22,no,no,,,"Under the character on the result card when the board was filled. One sentence per food, so the noun can take whatever case, article and word order the language needs. Languages without a translation use the English food-specific sentence.",Add and review the translation for this language.
missing_translation,Localizable,game.end.completionSubtitle.pearl,ja,Japanese,日本語,You collected all the pearls,Je hebt alle parels verzameld,,new_since_2026-08-22,no,no,,,"Under the character on the result card when the board was filled. One sentence per food, so the noun can take whatever case, article and word order the language needs. Languages without a translation use the English food-specific sentence.",Add and review the translation for this language.
missing_translation,Localizable,game.end.completionSubtitle.pearl,ka,Georgian,ქართული,You collected all the pearls,Je hebt alle parels verzameld,,new_since_2026-08-22,no,no,,,"Under the character on the result card when the board was filled. One sentence per food, so the noun can take whatever case, article and word order the language needs. Languages without a translation use the English food-specific sentence.",Add and review the translation for this language.
missing_translation,Localizable,game.end.completionSubtitle.pearl,kk,Kazakh,қазақ тілі,You collected all the pearls,Je hebt alle parels verzameld,,new_since_2026-08-22,no,no,,,"Under the character on the result card when the board was filled. One sentence per food, so the noun can take whatever case, article and word order the language needs. Languages without a translation use the English food-specific sentence.",Add and review the translation for this language.
missing_translation,Localizable,game.end.completionSubtitle.pearl,km,Khmer,ខ្មែរ,You collected all the pearls,Je hebt alle parels verzameld,,new_since_2026-08-22,no,no,,,"Under the character on the result card when the board was filled. One sentence per food, so the noun can take whatever case, article and word order the language needs. Languages without a translation use the English food-specific sentence.",Add and review the translation for this language.
missing_translation,Localizable,game.end.completionSubtitle.pearl,kn,Kannada,ಕನ್ನಡ,You collected all the pearls,Je hebt alle parels verzameld,,new_since_2026-08-22,no,no,,,"Under the character on the result card when the board was filled. One sentence per food, so the noun can take whatever case, article and word order the language needs. Languages without a translation use the English food-specific sentence.",Add and review the translation for this language.
missing_translation,Localizable,game.end.completionSubtitle.pearl,ko,Korean,한국어,You collected all the pearls,Je hebt alle parels verzameld,,new_since_2026-08-22,no,no,,,"Under the character on the result card when the board was filled. One sentence per food, so the noun can take whatever case, article and word order the language needs. Languages without a translation use the English food-specific sentence.",Add and review the translation for this language.
missing_translation,Localizable,game.end.completionSubtitle.pearl,lo,Lao,ລາວ,You collected all the pearls,Je hebt alle parels verzameld,,new_since_2026-08-22,no,no,,,"Under the character on the result card when the board was filled. One sentence per food, so the noun can take whatever case, article and word order the language needs. Languages without a translation use the English food-specific sentence.",Add and review the translation for this language.
missing_translation,Localizable,game.end.completionSubtitle.pearl,lt,Lithuanian,lietuvių,You collected all the pearls,Je hebt alle parels verzameld,,new_since_2026-08-22,no,no,,,"Under the character on the result card when the board was filled. One sentence per food, so the noun can take whatever case, article and word order the language needs. Languages without a translation use the English food-specific sentence.",Add and review the translation for this language.
missing_translation,Localizable,game.end.completionSubtitle.pearl,lv,Latvian,latviešu,You collected all the pearls,Je hebt alle parels verzameld,,new_since_2026-08-22,no,no,,,"Under the character on the result card when the board was filled. One sentence per food, so the noun can take whatever case, article and word order the language needs. Languages without a translation use the English food-specific sentence.",Add and review the translation for this language.
missing_translation,Localizable,game.end.completionSubtitle.pearl,mk,Macedonian,македонски,You collected all the pearls,Je hebt alle parels verzameld,,new_since_2026-08-22,no,no,,,"Under the character on the result card when the board was filled. One sentence per food, so the noun can take whatever case, article and word order the language needs. Languages without a translation use the English food-specific sentence.",Add and review the translation for this language.
missing_translation,Localizable,game.end.completionSubtitle.pearl,ml,Malayalam,മലയാളം,You collected all the pearls,Je hebt alle parels verzameld,,new_since_2026-08-22,no,no,,,"Under the character on the result card when the board was filled. One sentence per food, so the noun can take whatever case, article and word order the language needs. Languages without a translation use the English food-specific sentence.",Add and review the translation for this language.
missing_translation,Localizable,game.end.completionSubtitle.pearl,mn,Mongolian,монгол,You collected all the pearls,Je hebt alle parels verzameld,,new_since_2026-08-22,no,no,,,"Under the character on the result card when the board was filled. One sentence per food, so the noun can take whatever case, article and word order the language needs. Languages without a translation use the English food-specific sentence.",Add and review the translation for this language.
missing_translation,Localizable,game.end.completionSubtitle.pearl,mr,Marathi,मराठी,You collected all the pearls,Je hebt alle parels verzameld,,new_since_2026-08-22,no,no,,,"Under the character on the result card when the board was filled. One sentence per food, so the noun can take whatever case, article and word order the language needs. Languages without a translation use the English food-specific sentence.",Add and review the translation for this language.
missing_translation,Localizable,game.end.completionSubtitle.pearl,ms,Malay,Melayu,You collected all the pearls,Je hebt alle parels verzameld,,new_since_2026-08-22,no,no,,,"Under the character on the result card when the board was filled. One sentence per food, so the noun can take whatever case, article and word order the language needs. Languages without a translation use the English food-specific sentence.",Add and review the translation for this language.
missing_translation,Localizable,game.end.completionSubtitle.pearl,my,Burmese,မြန်မာ,You collected all the pearls,Je hebt alle parels verzameld,,new_since_2026-08-22,no,no,,,"Under the character on the result card when the board was filled. One sentence per food, so the noun can take whatever case, article and word order the language needs. Languages without a translation use the English food-specific sentence.",Add and review the translation for this language.
missing_translation,Localizable,game.end.completionSubtitle.pearl,nb,Norwegian Bokmål,norsk bokmål,You collected all the pearls,Je hebt alle parels verzameld,,new_since_2026-08-22,no,no,,,"Under the character on the result card when the board was filled. One sentence per food, so the noun can take whatever case, article and word order the language needs. Languages without a translation use the English food-specific sentence.",Add and review the translation for this language.
missing_translation,Localizable,game.end.completionSubtitle.pearl,ne,Nepali,नेपाली,You collected all the pearls,Je hebt alle parels verzameld,,new_since_2026-08-22,no,no,,,"Under the character on the result card when the board was filled. One sentence per food, so the noun can take whatever case, article and word order the language needs. Languages without a translation use the English food-specific sentence.",Add and review the translation for this language.
missing_translation,Localizable,game.end.completionSubtitle.pearl,or,Odia,ଓଡ଼ିଆ,You collected all the pearls,Je hebt alle parels verzameld,,new_since_2026-08-22,no,no,,,"Under the character on the result card when the board was filled. One sentence per food, so the noun can take whatever case, article and word order the language needs. Languages without a translation use the English food-specific sentence.",Add and review the translation for this language.
missing_translation,Localizable,game.end.completionSubtitle.pearl,pa,Punjabi,ਪੰਜਾਬੀ,You collected all the pearls,Je hebt alle parels verzameld,,new_since_2026-08-22,no,no,,,"Under the character on the result card when the board was filled. One sentence per food, so the noun can take whatever case, article and word order the language needs. Languages without a translation use the English food-specific sentence.",Add and review the translation for this language.
missing_translation,Localizable,game.end.completionSubtitle.pearl,pl,Polish,polski,You collected all the pearls,Je hebt alle parels verzameld,,new_since_2026-08-22,no,no,,,"Under the character on the result card when the board was filled. One sentence per food, so the noun can take whatever case, article and word order the language needs. Languages without a translation use the English food-specific sentence.",Add and review the translation for this language.
missing_translation,Localizable,game.end.completionSubtitle.pearl,pt,Portuguese,português,You collected all the pearls,Je hebt alle parels verzameld,,new_since_2026-08-22,no,no,,,"Under the character on the result card when the board was filled. One sentence per food, so the noun can take whatever case, article and word order the language needs. Languages without a translation use the English food-specific sentence.",Add and review the translation for this language.
missing_translation,Localizable,game.end.completionSubtitle.pearl,ro,Romanian,română,You collected all the pearls,Je hebt alle parels verzameld,,new_since_2026-08-22,no,no,,,"Under the character on the result card when the board was filled. One sentence per food, so the noun can take whatever case, article and word order the language needs. Languages without a translation use the English food-specific sentence.",Add and review the translation for this language.
missing_translation,Localizable,game.end.completionSubtitle.pearl,ru,Russian,русский,You collected all the pearls,Je hebt alle parels verzameld,,new_since_2026-08-22,no,no,,,"Under the character on the result card when the board was filled. One sentence per food, so the noun can take whatever case, article and word order the language needs. Languages without a translation use the English food-specific sentence.",Add and review the translation for this language.
missing_translation,Localizable,game.end.completionSubtitle.pearl,si,Sinhala,සිංහල,You collected all the pearls,Je hebt alle parels verzameld,,new_since_2026-08-22,no,no,,,"Under the character on the result card when the board was filled. One sentence per food, so the noun can take whatever case, article and word order the language needs. Languages without a translation use the English food-specific sentence.",Add and review the translation for this language.
missing_translation,Localizable,game.end.completionSubtitle.pearl,sk,Slovak,slovenčina,You collected all the pearls,Je hebt alle parels verzameld,,new_since_2026-08-22,no,no,,,"Under the character on the result card when the board was filled. One sentence per food, so the noun can take whatever case, article and word order the language needs. Languages without a translation use the English food-specific sentence.",Add and review the translation for this language.
missing_translation,Localizable,game.end.completionSubtitle.pearl,sl,Slovenian,slovenščina,You collected all the pearls,Je hebt alle parels verzameld,,new_since_2026-08-22,no,no,,,"Under the character on the result card when the board was filled. One sentence per food, so the noun can take whatever case, article and word order the language needs. Languages without a translation use the English food-specific sentence.",Add and review the translation for this language.
missing_translation,Localizable,game.end.completionSubtitle.pearl,sq,Albanian,shqip,You collected all the pearls,Je hebt alle parels verzameld,,new_since_2026-08-22,no,no,,,"Under the character on the result card when the board was filled. One sentence per food, so the noun can take whatever case, article and word order the language needs. Languages without a translation use the English food-specific sentence.",Add and review the translation for this language.
missing_translation,Localizable,game.end.completionSubtitle.pearl,sr,Serbian,српски,You collected all the pearls,Je hebt alle parels verzameld,,new_since_2026-08-22,no,no,,,"Under the character on the result card when the board was filled. One sentence per food, so the noun can take whatever case, article and word order the language needs. Languages without a translation use the English food-specific sentence.",Add and review the translation for this language.
missing_translation,Localizable,game.end.completionSubtitle.pearl,sv,Swedish,svenska,You collected all the pearls,Je hebt alle parels verzameld,,new_since_2026-08-22,no,no,,,"Under the character on the result card when the board was filled. One sentence per food, so the noun can take whatever case, article and word order the language needs. Languages without a translation use the English food-specific sentence.",Add and review the translation for this language.
missing_translation,Localizable,game.end.completionSubtitle.pearl,sw,Swahili,Kiswahili,You collected all the pearls,Je hebt alle parels verzameld,,new_since_2026-08-22,no,no,,,"Under the character on the result card when the board was filled. One sentence per food, so the noun can take whatever case, article and word order the language needs. Languages without a translation use the English food-specific sentence.",Add and review the translation for this language.
missing_translation,Localizable,game.end.completionSubtitle.pearl,ta,Tamil,தமிழ்,You collected all the pearls,Je hebt alle parels verzameld,,new_since_2026-08-22,no,no,,,"Under the character on the result card when the board was filled. One sentence per food, so the noun can take whatever case, article and word order the language needs. Languages without a translation use the English food-specific sentence.",Add and review the translation for this language.
missing_translation,Localizable,game.end.completionSubtitle.pearl,te,Telugu,తెలుగు,You collected all the pearls,Je hebt alle parels verzameld,,new_since_2026-08-22,no,no,,,"Under the character on the result card when the board was filled. One sentence per food, so the noun can take whatever case, article and word order the language needs. Languages without a translation use the English food-specific sentence.",Add and review the translation for this language.
missing_translation,Localizable,game.end.completionSubtitle.pearl,th,Thai,ไทย,You collected all the pearls,Je hebt alle parels verzameld,,new_since_2026-08-22,no,no,,,"Under the character on the result card when the board was filled. One sentence per food, so the noun can take whatever case, article and word order the language needs. Languages without a translation use the English food-specific sentence.",Add and review the translation for this language.
missing_translation,Localizable,game.end.completionSubtitle.pearl,tr,Turkish,Türkçe,You collected all the pearls,Je hebt alle parels verzameld,,new_since_2026-08-22,no,no,,,"Under the character on the result card when the board was filled. One sentence per food, so the noun can take whatever case, article and word order the language needs. Languages without a translation use the English food-specific sentence.",Add and review the translation for this language.
missing_translation,Localizable,game.end.completionSubtitle.pearl,ug,Uyghur,ئۇيغۇرچە,You collected all the pearls,Je hebt alle parels verzameld,,new_since_2026-08-22,no,no,,,"Under the character on the result card when the board was filled. One sentence per food, so the noun can take whatever case, article and word order the language needs. Languages without a translation use the English food-specific sentence.",Add and review the translation for this language.
missing_translation,Localizable,game.end.completionSubtitle.pearl,uk,Ukrainian,українська,You collected all the pearls,Je hebt alle parels verzameld,,new_since_2026-08-22,no,no,,,"Under the character on the result card when the board was filled. One sentence per food, so the noun can take whatever case, article and word order the language needs. Languages without a translation use the English food-specific sentence.",Add and review the translation for this language.
missing_translation,Localizable,game.end.completionSubtitle.pearl,ur,Urdu,اردو,You collected all the pearls,Je hebt alle parels verzameld,,new_since_2026-08-22,no,no,,,"Under the character on the result card when the board was filled. One sentence per food, so the noun can take whatever case, article and word order the language needs. Languages without a translation use the English food-specific sentence.",Add and review the translation for this language.
missing_translation,Localizable,game.end.completionSubtitle.pearl,uz,Uzbek,o‘zbek,You collected all the pearls,Je hebt alle parels verzameld,,new_since_2026-08-22,no,no,,,"Under the character on the result card when the board was filled. One sentence per food, so the noun can take whatever case, article and word order the language needs. Languages without a translation use the English food-specific sentence.",Add and review the translation for this language.
missing_translation,Localizable,game.end.completionSubtitle.pearl,vi,Vietnamese,Tiếng Việt,You collected all the pearls,Je hebt alle parels verzameld,,new_since_2026-08-22,no,no,,,"Under the character on the result card when the board was filled. One sentence per food, so the noun can take whatever case, article and word order the language needs. Languages without a translation use the English food-specific sentence.",Add and review the translation for this language.
missing_translation,Localizable,game.end.completionSubtitle.pearl,zh,Chinese,中文,You collected all the pearls,Je hebt alle parels verzameld,,new_since_2026-08-22,no,no,,,"Under the character on the result card when the board was filled. One sentence per food, so the noun can take whatever case, article and word order the language needs. Languages without a translation use the English food-specific sentence.",Add and review the translation for this language.
missing_translation,Localizable,game.end.completionSubtitle.pearl,zu,Zulu,isiZulu,You collected all the pearls,Je hebt alle parels verzameld,,new_since_2026-08-22,no,no,,,"Under the character on the result card when the board was filled. One sentence per food, so the noun can take whatever case, article and word order the language needs. Languages without a translation use the English food-specific sentence.",Add and review the translation for this language.
missing_translation,Localizable,game.end.completionSubtitle.spider,af,Afrikaans,Afrikaans,You collected all the spiders,Je hebt alle spinnen verzameld,,new_since_2026-08-22,no,no,,,"Under the character on the result card when the board was filled. One sentence per food, so the noun can take whatever case, article and word order the language needs. Languages without a translation use the English food-specific sentence.",Add and review the translation for this language.
missing_translation,Localizable,game.end.completionSubtitle.spider,am,Amharic,አማርኛ,You collected all the spiders,Je hebt alle spinnen verzameld,,new_since_2026-08-22,no,no,,,"Under the character on the result card when the board was filled. One sentence per food, so the noun can take whatever case, article and word order the language needs. Languages without a translation use the English food-specific sentence.",Add and review the translation for this language.
missing_translation,Localizable,game.end.completionSubtitle.spider,ar,Arabic,العربية,You collected all the spiders,Je hebt alle spinnen verzameld,,new_since_2026-08-22,no,no,,,"Under the character on the result card when the board was filled. One sentence per food, so the noun can take whatever case, article and word order the language needs. Languages without a translation use the English food-specific sentence.",Add and review the translation for this language.
missing_translation,Localizable,game.end.completionSubtitle.spider,as,Assamese,অসমীয়া,You collected all the spiders,Je hebt alle spinnen verzameld,,new_since_2026-08-22,no,no,,,"Under the character on the result card when the board was filled. One sentence per food, so the noun can take whatever case, article and word order the language needs. Languages without a translation use the English food-specific sentence.",Add and review the translation for this language.
missing_translation,Localizable,game.end.completionSubtitle.spider,az,Azerbaijani,azərbaycan,You collected all the spiders,Je hebt alle spinnen verzameld,,new_since_2026-08-22,no,no,,,"Under the character on the result card when the board was filled. One sentence per food, so the noun can take whatever case, article and word order the language needs. Languages without a translation use the English food-specific sentence.",Add and review the translation for this language.
missing_translation,Localizable,game.end.completionSubtitle.spider,be,Belarusian,беларуская,You collected all the spiders,Je hebt alle spinnen verzameld,,new_since_2026-08-22,no,no,,,"Under the character on the result card when the board was filled. One sentence per food, so the noun can take whatever case, article and word order the language needs. Languages without a translation use the English food-specific sentence.",Add and review the translation for this language.
missing_translation,Localizable,game.end.completionSubtitle.spider,bg,Bulgarian,български,You collected all the spiders,Je hebt alle spinnen verzameld,,new_since_2026-08-22,no,no,,,"Under the character on the result card when the board was filled. One sentence per food, so the noun can take whatever case, article and word order the language needs. Languages without a translation use the English food-specific sentence.",Add and review the translation for this language.
missing_translation,Localizable,game.end.completionSubtitle.spider,bn,Bangla,বাংলা,You collected all the spiders,Je hebt alle spinnen verzameld,,new_since_2026-08-22,no,no,,,"Under the character on the result card when the board was filled. One sentence per food, so the noun can take whatever case, article and word order the language needs. Languages without a translation use the English food-specific sentence.",Add and review the translation for this language.
missing_translation,Localizable,game.end.completionSubtitle.spider,bo,Tibetan,བོད་སྐད་,You collected all the spiders,Je hebt alle spinnen verzameld,,new_since_2026-08-22,no,no,,,"Under the character on the result card when the board was filled. One sentence per food, so the noun can take whatever case, article and word order the language needs. Languages without a translation use the English food-specific sentence.",Add and review the translation for this language.
missing_translation,Localizable,game.end.completionSubtitle.spider,bs,Bosnian,bosanski,You collected all the spiders,Je hebt alle spinnen verzameld,,new_since_2026-08-22,no,no,,,"Under the character on the result card when the board was filled. One sentence per food, so the noun can take whatever case, article and word order the language needs. Languages without a translation use the English food-specific sentence.",Add and review the translation for this language.
missing_translation,Localizable,game.end.completionSubtitle.spider,ca,Catalan,català,You collected all the spiders,Je hebt alle spinnen verzameld,,new_since_2026-08-22,no,no,,,"Under the character on the result card when the board was filled. One sentence per food, so the noun can take whatever case, article and word order the language needs. Languages without a translation use the English food-specific sentence.",Add and review the translation for this language.
missing_translation,Localizable,game.end.completionSubtitle.spider,cs,Czech,čeština,You collected all the spiders,Je hebt alle spinnen verzameld,,new_since_2026-08-22,no,no,,,"Under the character on the result card when the board was filled. One sentence per food, so the noun can take whatever case, article and word order the language needs. Languages without a translation use the English food-specific sentence.",Add and review the translation for this language.
missing_translation,Localizable,game.end.completionSubtitle.spider,cy,Welsh,Cymraeg,You collected all the spiders,Je hebt alle spinnen verzameld,,new_since_2026-08-22,no,no,,,"Under the character on the result card when the board was filled. One sentence per food, so the noun can take whatever case, article and word order the language needs. Languages without a translation use the English food-specific sentence.",Add and review the translation for this language.
missing_translation,Localizable,game.end.completionSubtitle.spider,da,Danish,dansk,You collected all the spiders,Je hebt alle spinnen verzameld,,new_since_2026-08-22,no,no,,,"Under the character on the result card when the board was filled. One sentence per food, so the noun can take whatever case, article and word order the language needs. Languages without a translation use the English food-specific sentence.",Add and review the translation for this language.
missing_translation,Localizable,game.end.completionSubtitle.spider,de,German,Deutsch,You collected all the spiders,Je hebt alle spinnen verzameld,,new_since_2026-08-22,no,no,,,"Under the character on the result card when the board was filled. One sentence per food, so the noun can take whatever case, article and word order the language needs. Languages without a translation use the English food-specific sentence.",Add and review the translation for this language.
missing_translation,Localizable,game.end.completionSubtitle.spider,el,Greek,Ελληνικά,You collected all the spiders,Je hebt alle spinnen verzameld,,new_since_2026-08-22,no,no,,,"Under the character on the result card when the board was filled. One sentence per food, so the noun can take whatever case, article and word order the language needs. Languages without a translation use the English food-specific sentence.",Add and review the translation for this language.
missing_translation,Localizable,game.end.completionSubtitle.spider,es,Spanish,español,You collected all the spiders,Je hebt alle spinnen verzameld,,new_since_2026-08-22,no,no,,,"Under the character on the result card when the board was filled. One sentence per food, so the noun can take whatever case, article and word order the language needs. Languages without a translation use the English food-specific sentence.",Add and review the translation for this language.
missing_translation,Localizable,game.end.completionSubtitle.spider,et,Estonian,eesti,You collected all the spiders,Je hebt alle spinnen verzameld,,new_since_2026-08-22,no,no,,,"Under the character on the result card when the board was filled. One sentence per food, so the noun can take whatever case, article and word order the language needs. Languages without a translation use the English food-specific sentence.",Add and review the translation for this language.
missing_translation,Localizable,game.end.completionSubtitle.spider,eu,Basque,euskara,You collected all the spiders,Je hebt alle spinnen verzameld,,new_since_2026-08-22,no,no,,,"Under the character on the result card when the board was filled. One sentence per food, so the noun can take whatever case, article and word order the language needs. Languages without a translation use the English food-specific sentence.",Add and review the translation for this language.
missing_translation,Localizable,game.end.completionSubtitle.spider,fa,Persian,فارسی,You collected all the spiders,Je hebt alle spinnen verzameld,,new_since_2026-08-22,no,no,,,"Under the character on the result card when the board was filled. One sentence per food, so the noun can take whatever case, article and word order the language needs. Languages without a translation use the English food-specific sentence.",Add and review the translation for this language.
missing_translation,Localizable,game.end.completionSubtitle.spider,fi,Finnish,suomi,You collected all the spiders,Je hebt alle spinnen verzameld,,new_since_2026-08-22,no,no,,,"Under the character on the result card when the board was filled. One sentence per food, so the noun can take whatever case, article and word order the language needs. Languages without a translation use the English food-specific sentence.",Add and review the translation for this language.
missing_translation,Localizable,game.end.completionSubtitle.spider,fo,Faroese,føroyskt,You collected all the spiders,Je hebt alle spinnen verzameld,,new_since_2026-08-22,no,no,,,"Under the character on the result card when the board was filled. One sentence per food, so the noun can take whatever case, article and word order the language needs. Languages without a translation use the English food-specific sentence.",Add and review the translation for this language.
missing_translation,Localizable,game.end.completionSubtitle.spider,fr,French,français,You collected all the spiders,Je hebt alle spinnen verzameld,,new_since_2026-08-22,no,no,,,"Under the character on the result card when the board was filled. One sentence per food, so the noun can take whatever case, article and word order the language needs. Languages without a translation use the English food-specific sentence.",Add and review the translation for this language.
missing_translation,Localizable,game.end.completionSubtitle.spider,ga,Irish,Gaeilge,You collected all the spiders,Je hebt alle spinnen verzameld,,new_since_2026-08-22,no,no,,,"Under the character on the result card when the board was filled. One sentence per food, so the noun can take whatever case, article and word order the language needs. Languages without a translation use the English food-specific sentence.",Add and review the translation for this language.
missing_translation,Localizable,game.end.completionSubtitle.spider,gl,Galician,galego,You collected all the spiders,Je hebt alle spinnen verzameld,,new_since_2026-08-22,no,no,,,"Under the character on the result card when the board was filled. One sentence per food, so the noun can take whatever case, article and word order the language needs. Languages without a translation use the English food-specific sentence.",Add and review the translation for this language.
missing_translation,Localizable,game.end.completionSubtitle.spider,gu,Gujarati,ગુજરાતી,You collected all the spiders,Je hebt alle spinnen verzameld,,new_since_2026-08-22,no,no,,,"Under the character on the result card when the board was filled. One sentence per food, so the noun can take whatever case, article and word order the language needs. Languages without a translation use the English food-specific sentence.",Add and review the translation for this language.
missing_translation,Localizable,game.end.completionSubtitle.spider,he,Hebrew,עברית,You collected all the spiders,Je hebt alle spinnen verzameld,,new_since_2026-08-22,no,no,,,"Under the character on the result card when the board was filled. One sentence per food, so the noun can take whatever case, article and word order the language needs. Languages without a translation use the English food-specific sentence.",Add and review the translation for this language.
missing_translation,Localizable,game.end.completionSubtitle.spider,hi,Hindi,हिन्दी,You collected all the spiders,Je hebt alle spinnen verzameld,,new_since_2026-08-22,no,no,,,"Under the character on the result card when the board was filled. One sentence per food, so the noun can take whatever case, article and word order the language needs. Languages without a translation use the English food-specific sentence.",Add and review the translation for this language.
missing_translation,Localizable,game.end.completionSubtitle.spider,hr,Croatian,hrvatski,You collected all the spiders,Je hebt alle spinnen verzameld,,new_since_2026-08-22,no,no,,,"Under the character on the result card when the board was filled. One sentence per food, so the noun can take whatever case, article and word order the language needs. Languages without a translation use the English food-specific sentence.",Add and review the translation for this language.
missing_translation,Localizable,game.end.completionSubtitle.spider,hu,Hungarian,magyar,You collected all the spiders,Je hebt alle spinnen verzameld,,new_since_2026-08-22,no,no,,,"Under the character on the result card when the board was filled. One sentence per food, so the noun can take whatever case, article and word order the language needs. Languages without a translation use the English food-specific sentence.",Add and review the translation for this language.
missing_translation,Localizable,game.end.completionSubtitle.spider,hy,Armenian,հայերեն,You collected all the spiders,Je hebt alle spinnen verzameld,,new_since_2026-08-22,no,no,,,"Under the character on the result card when the board was filled. One sentence per food, so the noun can take whatever case, article and word order the language needs. Languages without a translation use the English food-specific sentence.",Add and review the translation for this language.
missing_translation,Localizable,game.end.completionSubtitle.spider,id,Indonesian,Indonesia,You collected all the spiders,Je hebt alle spinnen verzameld,,new_since_2026-08-22,no,no,,,"Under the character on the result card when the board was filled. One sentence per food, so the noun can take whatever case, article and word order the language needs. Languages without a translation use the English food-specific sentence.",Add and review the translation for this language.
missing_translation,Localizable,game.end.completionSubtitle.spider,is,Icelandic,íslenska,You collected all the spiders,Je hebt alle spinnen verzameld,,new_since_2026-08-22,no,no,,,"Under the character on the result card when the board was filled. One sentence per food, so the noun can take whatever case, article and word order the language needs. Languages without a translation use the English food-specific sentence.",Add and review the translation for this language.
missing_translation,Localizable,game.end.completionSubtitle.spider,it,Italian,italiano,You collected all the spiders,Je hebt alle spinnen verzameld,,new_since_2026-08-22,no,no,,,"Under the character on the result card when the board was filled. One sentence per food, so the noun can take whatever case, article and word order the language needs. Languages without a translation use the English food-specific sentence.",Add and review the translation for this language.
missing_translation,Localizable,game.end.completionSubtitle.spider,ja,Japanese,日本語,You collected all the spiders,Je hebt alle spinnen verzameld,,new_since_2026-08-22,no,no,,,"Under the character on the result card when the board was filled. One sentence per food, so the noun can take whatever case, article and word order the language needs. Languages without a translation use the English food-specific sentence.",Add and review the translation for this language.
missing_translation,Localizable,game.end.completionSubtitle.spider,ka,Georgian,ქართული,You collected all the spiders,Je hebt alle spinnen verzameld,,new_since_2026-08-22,no,no,,,"Under the character on the result card when the board was filled. One sentence per food, so the noun can take whatever case, article and word order the language needs. Languages without a translation use the English food-specific sentence.",Add and review the translation for this language.
missing_translation,Localizable,game.end.completionSubtitle.spider,kk,Kazakh,қазақ тілі,You collected all the spiders,Je hebt alle spinnen verzameld,,new_since_2026-08-22,no,no,,,"Under the character on the result card when the board was filled. One sentence per food, so the noun can take whatever case, article and word order the language needs. Languages without a translation use the English food-specific sentence.",Add and review the translation for this language.
missing_translation,Localizable,game.end.completionSubtitle.spider,km,Khmer,ខ្មែរ,You collected all the spiders,Je hebt alle spinnen verzameld,,new_since_2026-08-22,no,no,,,"Under the character on the result card when the board was filled. One sentence per food, so the noun can take whatever case, article and word order the language needs. Languages without a translation use the English food-specific sentence.",Add and review the translation for this language.
missing_translation,Localizable,game.end.completionSubtitle.spider,kn,Kannada,ಕನ್ನಡ,You collected all the spiders,Je hebt alle spinnen verzameld,,new_since_2026-08-22,no,no,,,"Under the character on the result card when the board was filled. One sentence per food, so the noun can take whatever case, article and word order the language needs. Languages without a translation use the English food-specific sentence.",Add and review the translation for this language.
missing_translation,Localizable,game.end.completionSubtitle.spider,ko,Korean,한국어,You collected all the spiders,Je hebt alle spinnen verzameld,,new_since_2026-08-22,no,no,,,"Under the character on the result card when the board was filled. One sentence per food, so the noun can take whatever case, article and word order the language needs. Languages without a translation use the English food-specific sentence.",Add and review the translation for this language.
missing_translation,Localizable,game.end.completionSubtitle.spider,lo,Lao,ລາວ,You collected all the spiders,Je hebt alle spinnen verzameld,,new_since_2026-08-22,no,no,,,"Under the character on the result card when the board was filled. One sentence per food, so the noun can take whatever case, article and word order the language needs. Languages without a translation use the English food-specific sentence.",Add and review the translation for this language.
missing_translation,Localizable,game.end.completionSubtitle.spider,lt,Lithuanian,lietuvių,You collected all the spiders,Je hebt alle spinnen verzameld,,new_since_2026-08-22,no,no,,,"Under the character on the result card when the board was filled. One sentence per food, so the noun can take whatever case, article and word order the language needs. Languages without a translation use the English food-specific sentence.",Add and review the translation for this language.
missing_translation,Localizable,game.end.completionSubtitle.spider,lv,Latvian,latviešu,You collected all the spiders,Je hebt alle spinnen verzameld,,new_since_2026-08-22,no,no,,,"Under the character on the result card when the board was filled. One sentence per food, so the noun can take whatever case, article and word order the language needs. Languages without a translation use the English food-specific sentence.",Add and review the translation for this language.
missing_translation,Localizable,game.end.completionSubtitle.spider,mk,Macedonian,македонски,You collected all the spiders,Je hebt alle spinnen verzameld,,new_since_2026-08-22,no,no,,,"Under the character on the result card when the board was filled. One sentence per food, so the noun can take whatever case, article and word order the language needs. Languages without a translation use the English food-specific sentence.",Add and review the translation for this language.
missing_translation,Localizable,game.end.completionSubtitle.spider,ml,Malayalam,മലയാളം,You collected all the spiders,Je hebt alle spinnen verzameld,,new_since_2026-08-22,no,no,,,"Under the character on the result card when the board was filled. One sentence per food, so the noun can take whatever case, article and word order the language needs. Languages without a translation use the English food-specific sentence.",Add and review the translation for this language.
missing_translation,Localizable,game.end.completionSubtitle.spider,mn,Mongolian,монгол,You collected all the spiders,Je hebt alle spinnen verzameld,,new_since_2026-08-22,no,no,,,"Under the character on the result card when the board was filled. One sentence per food, so the noun can take whatever case, article and word order the language needs. Languages without a translation use the English food-specific sentence.",Add and review the translation for this language.
missing_translation,Localizable,game.end.completionSubtitle.spider,mr,Marathi,मराठी,You collected all the spiders,Je hebt alle spinnen verzameld,,new_since_2026-08-22,no,no,,,"Under the character on the result card when the board was filled. One sentence per food, so the noun can take whatever case, article and word order the language needs. Languages without a translation use the English food-specific sentence.",Add and review the translation for this language.
missing_translation,Localizable,game.end.completionSubtitle.spider,ms,Malay,Melayu,You collected all the spiders,Je hebt alle spinnen verzameld,,new_since_2026-08-22,no,no,,,"Under the character on the result card when the board was filled. One sentence per food, so the noun can take whatever case, article and word order the language needs. Languages without a translation use the English food-specific sentence.",Add and review the translation for this language.
missing_translation,Localizable,game.end.completionSubtitle.spider,my,Burmese,မြန်မာ,You collected all the spiders,Je hebt alle spinnen verzameld,,new_since_2026-08-22,no,no,,,"Under the character on the result card when the board was filled. One sentence per food, so the noun can take whatever case, article and word order the language needs. Languages without a translation use the English food-specific sentence.",Add and review the translation for this language.
missing_translation,Localizable,game.end.completionSubtitle.spider,nb,Norwegian Bokmål,norsk bokmål,You collected all the spiders,Je hebt alle spinnen verzameld,,new_since_2026-08-22,no,no,,,"Under the character on the result card when the board was filled. One sentence per food, so the noun can take whatever case, article and word order the language needs. Languages without a translation use the English food-specific sentence.",Add and review the translation for this language.
missing_translation,Localizable,game.end.completionSubtitle.spider,ne,Nepali,नेपाली,You collected all the spiders,Je hebt alle spinnen verzameld,,new_since_2026-08-22,no,no,,,"Under the character on the result card when the board was filled. One sentence per food, so the noun can take whatever case, article and word order the language needs. Languages without a translation use the English food-specific sentence.",Add and review the translation for this language.
missing_translation,Localizable,game.end.completionSubtitle.spider,or,Odia,ଓଡ଼ିଆ,You collected all the spiders,Je hebt alle spinnen verzameld,,new_since_2026-08-22,no,no,,,"Under the character on the result card when the board was filled. One sentence per food, so the noun can take whatever case, article and word order the language needs. Languages without a translation use the English food-specific sentence.",Add and review the translation for this language.
missing_translation,Localizable,game.end.completionSubtitle.spider,pa,Punjabi,ਪੰਜਾਬੀ,You collected all the spiders,Je hebt alle spinnen verzameld,,new_since_2026-08-22,no,no,,,"Under the character on the result card when the board was filled. One sentence per food, so the noun can take whatever case, article and word order the language needs. Languages without a translation use the English food-specific sentence.",Add and review the translation for this language.
missing_translation,Localizable,game.end.completionSubtitle.spider,pl,Polish,polski,You collected all the spiders,Je hebt alle spinnen verzameld,,new_since_2026-08-22,no,no,,,"Under the character on the result card when the board was filled. One sentence per food, so the noun can take whatever case, article and word order the language needs. Languages without a translation use the English food-specific sentence.",Add and review the translation for this language.
missing_translation,Localizable,game.end.completionSubtitle.spider,pt,Portuguese,português,You collected all the spiders,Je hebt alle spinnen verzameld,,new_since_2026-08-22,no,no,,,"Under the character on the result card when the board was filled. One sentence per food, so the noun can take whatever case, article and word order the language needs. Languages without a translation use the English food-specific sentence.",Add and review the translation for this language.
missing_translation,Localizable,game.end.completionSubtitle.spider,ro,Romanian,română,You collected all the spiders,Je hebt alle spinnen verzameld,,new_since_2026-08-22,no,no,,,"Under the character on the result card when the board was filled. One sentence per food, so the noun can take whatever case, article and word order the language needs. Languages without a translation use the English food-specific sentence.",Add and review the translation for this language.
missing_translation,Localizable,game.end.completionSubtitle.spider,ru,Russian,русский,You collected all the spiders,Je hebt alle spinnen verzameld,,new_since_2026-08-22,no,no,,,"Under the character on the result card when the board was filled. One sentence per food, so the noun can take whatever case, article and word order the language needs. Languages without a translation use the English food-specific sentence.",Add and review the translation for this language.
missing_translation,Localizable,game.end.completionSubtitle.spider,si,Sinhala,සිංහල,You collected all the spiders,Je hebt alle spinnen verzameld,,new_since_2026-08-22,no,no,,,"Under the character on the result card when the board was filled. One sentence per food, so the noun can take whatever case, article and word order the language needs. Languages without a translation use the English food-specific sentence.",Add and review the translation for this language.
missing_translation,Localizable,game.end.completionSubtitle.spider,sk,Slovak,slovenčina,You collected all the spiders,Je hebt alle spinnen verzameld,,new_since_2026-08-22,no,no,,,"Under the character on the result card when the board was filled. One sentence per food, so the noun can take whatever case, article and word order the language needs. Languages without a translation use the English food-specific sentence.",Add and review the translation for this language.
missing_translation,Localizable,game.end.completionSubtitle.spider,sl,Slovenian,slovenščina,You collected all the spiders,Je hebt alle spinnen verzameld,,new_since_2026-08-22,no,no,,,"Under the character on the result card when the board was filled. One sentence per food, so the noun can take whatever case, article and word order the language needs. Languages without a translation use the English food-specific sentence.",Add and review the translation for this language.
missing_translation,Localizable,game.end.completionSubtitle.spider,sq,Albanian,shqip,You collected all the spiders,Je hebt alle spinnen verzameld,,new_since_2026-08-22,no,no,,,"Under the character on the result card when the board was filled. One sentence per food, so the noun can take whatever case, article and word order the language needs. Languages without a translation use the English food-specific sentence.",Add and review the translation for this language.
missing_translation,Localizable,game.end.completionSubtitle.spider,sr,Serbian,српски,You collected all the spiders,Je hebt alle spinnen verzameld,,new_since_2026-08-22,no,no,,,"Under the character on the result card when the board was filled. One sentence per food, so the noun can take whatever case, article and word order the language needs. Languages without a translation use the English food-specific sentence.",Add and review the translation for this language.
missing_translation,Localizable,game.end.completionSubtitle.spider,sv,Swedish,svenska,You collected all the spiders,Je hebt alle spinnen verzameld,,new_since_2026-08-22,no,no,,,"Under the character on the result card when the board was filled. One sentence per food, so the noun can take whatever case, article and word order the language needs. Languages without a translation use the English food-specific sentence.",Add and review the translation for this language.
missing_translation,Localizable,game.end.completionSubtitle.spider,sw,Swahili,Kiswahili,You collected all the spiders,Je hebt alle spinnen verzameld,,new_since_2026-08-22,no,no,,,"Under the character on the result card when the board was filled. One sentence per food, so the noun can take whatever case, article and word order the language needs. Languages without a translation use the English food-specific sentence.",Add and review the translation for this language.
missing_translation,Localizable,game.end.completionSubtitle.spider,ta,Tamil,தமிழ்,You collected all the spiders,Je hebt alle spinnen verzameld,,new_since_2026-08-22,no,no,,,"Under the character on the result card when the board was filled. One sentence per food, so the noun can take whatever case, article and word order the language needs. Languages without a translation use the English food-specific sentence.",Add and review the translation for this language.
missing_translation,Localizable,game.end.completionSubtitle.spider,te,Telugu,తెలుగు,You collected all the spiders,Je hebt alle spinnen verzameld,,new_since_2026-08-22,no,no,,,"Under the character on the result card when the board was filled. One sentence per food, so the noun can take whatever case, article and word order the language needs. Languages without a translation use the English food-specific sentence.",Add and review the translation for this language.
missing_translation,Localizable,game.end.completionSubtitle.spider,th,Thai,ไทย,You collected all the spiders,Je hebt alle spinnen verzameld,,new_since_2026-08-22,no,no,,,"Under the character on the result card when the board was filled. One sentence per food, so the noun can take whatever case, article and word order the language needs. Languages without a translation use the English food-specific sentence.",Add and review the translation for this language.
missing_translation,Localizable,game.end.completionSubtitle.spider,tr,Turkish,Türkçe,You collected all the spiders,Je hebt alle spinnen verzameld,,new_since_2026-08-22,no,no,,,"Under the character on the result card when the board was filled. One sentence per food, so the noun can take whatever case, article and word order the language needs. Languages without a translation use the English food-specific sentence.",Add and review the translation for this language.
missing_translation,Localizable,game.end.completionSubtitle.spider,ug,Uyghur,ئۇيغۇرچە,You collected all the spiders,Je hebt alle spinnen verzameld,,new_since_2026-08-22,no,no,,,"Under the character on the result card when the board was filled. One sentence per food, so the noun can take whatever case, article and word order the language needs. Languages without a translation use the English food-specific sentence.",Add and review the translation for this language.
missing_translation,Localizable,game.end.completionSubtitle.spider,uk,Ukrainian,українська,You collected all the spiders,Je hebt alle spinnen verzameld,,new_since_2026-08-22,no,no,,,"Under the character on the result card when the board was filled. One sentence per food, so the noun can take whatever case, article and word order the language needs. Languages without a translation use the English food-specific sentence.",Add and review the translation for this language.
missing_translation,Localizable,game.end.completionSubtitle.spider,ur,Urdu,اردو,You collected all the spiders,Je hebt alle spinnen verzameld,,new_since_2026-08-22,no,no,,,"Under the character on the result card when the board was filled. One sentence per food, so the noun can take whatever case, article and word order the language needs. Languages without a translation use the English food-specific sentence.",Add and review the translation for this language.
missing_translation,Localizable,game.end.completionSubtitle.spider,uz,Uzbek,o‘zbek,You collected all the spiders,Je hebt alle spinnen verzameld,,new_since_2026-08-22,no,no,,,"Under the character on the result card when the board was filled. One sentence per food, so the noun can take whatever case, article and word order the language needs. Languages without a translation use the English food-specific sentence.",Add and review the translation for this language.
missing_translation,Localizable,game.end.completionSubtitle.spider,vi,Vietnamese,Tiếng Việt,You collected all the spiders,Je hebt alle spinnen verzameld,,new_since_2026-08-22,no,no,,,"Under the character on the result card when the board was filled. One sentence per food, so the noun can take whatever case, article and word order the language needs. Languages without a translation use the English food-specific sentence.",Add and review the translation for this language.
missing_translation,Localizable,game.end.completionSubtitle.spider,zh,Chinese,中文,You collected all the spiders,Je hebt alle spinnen verzameld,,new_since_2026-08-22,no,no,,,"Under the character on the result card when the board was filled. One sentence per food, so the noun can take whatever case, article and word order the language needs. Languages without a translation use the English food-specific sentence.",Add and review the translation for this language.
missing_translation,Localizable,game.end.completionSubtitle.spider,zu,Zulu,isiZulu,You collected all the spiders,Je hebt alle spinnen verzameld,,new_since_2026-08-22,no,no,,,"Under the character on the result card when the board was filled. One sentence per food, so the noun can take whatever case, article and word order the language needs. Languages without a translation use the English food-specific sentence.",Add and review the translation for this language.
missing_translation,Localizable,game.end.completionSubtitle.worm,af,Afrikaans,Afrikaans,You collected all the worms,Je hebt alle wormen verzameld,,new_since_2026-08-22,no,no,,,"Under the character on the result card when the board was filled. One sentence per food, so the noun can take whatever case, article and word order the language needs. Languages without a translation use the English food-specific sentence.",Add and review the translation for this language.
missing_translation,Localizable,game.end.completionSubtitle.worm,am,Amharic,አማርኛ,You collected all the worms,Je hebt alle wormen verzameld,,new_since_2026-08-22,no,no,,,"Under the character on the result card when the board was filled. One sentence per food, so the noun can take whatever case, article and word order the language needs. Languages without a translation use the English food-specific sentence.",Add and review the translation for this language.
missing_translation,Localizable,game.end.completionSubtitle.worm,ar,Arabic,العربية,You collected all the worms,Je hebt alle wormen verzameld,,new_since_2026-08-22,no,no,,,"Under the character on the result card when the board was filled. One sentence per food, so the noun can take whatever case, article and word order the language needs. Languages without a translation use the English food-specific sentence.",Add and review the translation for this language.
missing_translation,Localizable,game.end.completionSubtitle.worm,as,Assamese,অসমীয়া,You collected all the worms,Je hebt alle wormen verzameld,,new_since_2026-08-22,no,no,,,"Under the character on the result card when the board was filled. One sentence per food, so the noun can take whatever case, article and word order the language needs. Languages without a translation use the English food-specific sentence.",Add and review the translation for this language.
missing_translation,Localizable,game.end.completionSubtitle.worm,az,Azerbaijani,azərbaycan,You collected all the worms,Je hebt alle wormen verzameld,,new_since_2026-08-22,no,no,,,"Under the character on the result card when the board was filled. One sentence per food, so the noun can take whatever case, article and word order the language needs. Languages without a translation use the English food-specific sentence.",Add and review the translation for this language.
missing_translation,Localizable,game.end.completionSubtitle.worm,be,Belarusian,беларуская,You collected all the worms,Je hebt alle wormen verzameld,,new_since_2026-08-22,no,no,,,"Under the character on the result card when the board was filled. One sentence per food, so the noun can take whatever case, article and word order the language needs. Languages without a translation use the English food-specific sentence.",Add and review the translation for this language.
missing_translation,Localizable,game.end.completionSubtitle.worm,bg,Bulgarian,български,You collected all the worms,Je hebt alle wormen verzameld,,new_since_2026-08-22,no,no,,,"Under the character on the result card when the board was filled. One sentence per food, so the noun can take whatever case, article and word order the language needs. Languages without a translation use the English food-specific sentence.",Add and review the translation for this language.
missing_translation,Localizable,game.end.completionSubtitle.worm,bn,Bangla,বাংলা,You collected all the worms,Je hebt alle wormen verzameld,,new_since_2026-08-22,no,no,,,"Under the character on the result card when the board was filled. One sentence per food, so the noun can take whatever case, article and word order the language needs. Languages without a translation use the English food-specific sentence.",Add and review the translation for this language.
missing_translation,Localizable,game.end.completionSubtitle.worm,bo,Tibetan,བོད་སྐད་,You collected all the worms,Je hebt alle wormen verzameld,,new_since_2026-08-22,no,no,,,"Under the character on the result card when the board was filled. One sentence per food, so the noun can take whatever case, article and word order the language needs. Languages without a translation use the English food-specific sentence.",Add and review the translation for this language.
missing_translation,Localizable,game.end.completionSubtitle.worm,bs,Bosnian,bosanski,You collected all the worms,Je hebt alle wormen verzameld,,new_since_2026-08-22,no,no,,,"Under the character on the result card when the board was filled. One sentence per food, so the noun can take whatever case, article and word order the language needs. Languages without a translation use the English food-specific sentence.",Add and review the translation for this language.
missing_translation,Localizable,game.end.completionSubtitle.worm,ca,Catalan,català,You collected all the worms,Je hebt alle wormen verzameld,,new_since_2026-08-22,no,no,,,"Under the character on the result card when the board was filled. One sentence per food, so the noun can take whatever case, article and word order the language needs. Languages without a translation use the English food-specific sentence.",Add and review the translation for this language.
missing_translation,Localizable,game.end.completionSubtitle.worm,cs,Czech,čeština,You collected all the worms,Je hebt alle wormen verzameld,,new_since_2026-08-22,no,no,,,"Under the character on the result card when the board was filled. One sentence per food, so the noun can take whatever case, article and word order the language needs. Languages without a translation use the English food-specific sentence.",Add and review the translation for this language.
missing_translation,Localizable,game.end.completionSubtitle.worm,cy,Welsh,Cymraeg,You collected all the worms,Je hebt alle wormen verzameld,,new_since_2026-08-22,no,no,,,"Under the character on the result card when the board was filled. One sentence per food, so the noun can take whatever case, article and word order the language needs. Languages without a translation use the English food-specific sentence.",Add and review the translation for this language.
missing_translation,Localizable,game.end.completionSubtitle.worm,da,Danish,dansk,You collected all the worms,Je hebt alle wormen verzameld,,new_since_2026-08-22,no,no,,,"Under the character on the result card when the board was filled. One sentence per food, so the noun can take whatever case, article and word order the language needs. Languages without a translation use the English food-specific sentence.",Add and review the translation for this language.
missing_translation,Localizable,game.end.completionSubtitle.worm,de,German,Deutsch,You collected all the worms,Je hebt alle wormen verzameld,,new_since_2026-08-22,no,no,,,"Under the character on the result card when the board was filled. One sentence per food, so the noun can take whatever case, article and word order the language needs. Languages without a translation use the English food-specific sentence.",Add and review the translation for this language.
missing_translation,Localizable,game.end.completionSubtitle.worm,el,Greek,Ελληνικά,You collected all the worms,Je hebt alle wormen verzameld,,new_since_2026-08-22,no,no,,,"Under the character on the result card when the board was filled. One sentence per food, so the noun can take whatever case, article and word order the language needs. Languages without a translation use the English food-specific sentence.",Add and review the translation for this language.
missing_translation,Localizable,game.end.completionSubtitle.worm,es,Spanish,español,You collected all the worms,Je hebt alle wormen verzameld,,new_since_2026-08-22,no,no,,,"Under the character on the result card when the board was filled. One sentence per food, so the noun can take whatever case, article and word order the language needs. Languages without a translation use the English food-specific sentence.",Add and review the translation for this language.
missing_translation,Localizable,game.end.completionSubtitle.worm,et,Estonian,eesti,You collected all the worms,Je hebt alle wormen verzameld,,new_since_2026-08-22,no,no,,,"Under the character on the result card when the board was filled. One sentence per food, so the noun can take whatever case, article and word order the language needs. Languages without a translation use the English food-specific sentence.",Add and review the translation for this language.
missing_translation,Localizable,game.end.completionSubtitle.worm,eu,Basque,euskara,You collected all the worms,Je hebt alle wormen verzameld,,new_since_2026-08-22,no,no,,,"Under the character on the result card when the board was filled. One sentence per food, so the noun can take whatever case, article and word order the language needs. Languages without a translation use the English food-specific sentence.",Add and review the translation for this language.
missing_translation,Localizable,game.end.completionSubtitle.worm,fa,Persian,فارسی,You collected all the worms,Je hebt alle wormen verzameld,,new_since_2026-08-22,no,no,,,"Under the character on the result card when the board was filled. One sentence per food, so the noun can take whatever case, article and word order the language needs. Languages without a translation use the English food-specific sentence.",Add and review the translation for this language.
missing_translation,Localizable,game.end.completionSubtitle.worm,fi,Finnish,suomi,You collected all the worms,Je hebt alle wormen verzameld,,new_since_2026-08-22,no,no,,,"Under the character on the result card when the board was filled. One sentence per food, so the noun can take whatever case, article and word order the language needs. Languages without a translation use the English food-specific sentence.",Add and review the translation for this language.
missing_translation,Localizable,game.end.completionSubtitle.worm,fo,Faroese,føroyskt,You collected all the worms,Je hebt alle wormen verzameld,,new_since_2026-08-22,no,no,,,"Under the character on the result card when the board was filled. One sentence per food, so the noun can take whatever case, article and word order the language needs. Languages without a translation use the English food-specific sentence.",Add and review the translation for this language.
missing_translation,Localizable,game.end.completionSubtitle.worm,fr,French,français,You collected all the worms,Je hebt alle wormen verzameld,,new_since_2026-08-22,no,no,,,"Under the character on the result card when the board was filled. One sentence per food, so the noun can take whatever case, article and word order the language needs. Languages without a translation use the English food-specific sentence.",Add and review the translation for this language.
missing_translation,Localizable,game.end.completionSubtitle.worm,ga,Irish,Gaeilge,You collected all the worms,Je hebt alle wormen verzameld,,new_since_2026-08-22,no,no,,,"Under the character on the result card when the board was filled. One sentence per food, so the noun can take whatever case, article and word order the language needs. Languages without a translation use the English food-specific sentence.",Add and review the translation for this language.
missing_translation,Localizable,game.end.completionSubtitle.worm,gl,Galician,galego,You collected all the worms,Je hebt alle wormen verzameld,,new_since_2026-08-22,no,no,,,"Under the character on the result card when the board was filled. One sentence per food, so the noun can take whatever case, article and word order the language needs. Languages without a translation use the English food-specific sentence.",Add and review the translation for this language.
missing_translation,Localizable,game.end.completionSubtitle.worm,gu,Gujarati,ગુજરાતી,You collected all the worms,Je hebt alle wormen verzameld,,new_since_2026-08-22,no,no,,,"Under the character on the result card when the board was filled. One sentence per food, so the noun can take whatever case, article and word order the language needs. Languages without a translation use the English food-specific sentence.",Add and review the translation for this language.
missing_translation,Localizable,game.end.completionSubtitle.worm,he,Hebrew,עברית,You collected all the worms,Je hebt alle wormen verzameld,,new_since_2026-08-22,no,no,,,"Under the character on the result card when the board was filled. One sentence per food, so the noun can take whatever case, article and word order the language needs. Languages without a translation use the English food-specific sentence.",Add and review the translation for this language.
missing_translation,Localizable,game.end.completionSubtitle.worm,hi,Hindi,हिन्दी,You collected all the worms,Je hebt alle wormen verzameld,,new_since_2026-08-22,no,no,,,"Under the character on the result card when the board was filled. One sentence per food, so the noun can take whatever case, article and word order the language needs. Languages without a translation use the English food-specific sentence.",Add and review the translation for this language.
missing_translation,Localizable,game.end.completionSubtitle.worm,hr,Croatian,hrvatski,You collected all the worms,Je hebt alle wormen verzameld,,new_since_2026-08-22,no,no,,,"Under the character on the result card when the board was filled. One sentence per food, so the noun can take whatever case, article and word order the language needs. Languages without a translation use the English food-specific sentence.",Add and review the translation for this language.
missing_translation,Localizable,game.end.completionSubtitle.worm,hu,Hungarian,magyar,You collected all the worms,Je hebt alle wormen verzameld,,new_since_2026-08-22,no,no,,,"Under the character on the result card when the board was filled. One sentence per food, so the noun can take whatever case, article and word order the language needs. Languages without a translation use the English food-specific sentence.",Add and review the translation for this language.
missing_translation,Localizable,game.end.completionSubtitle.worm,hy,Armenian,հայերեն,You collected all the worms,Je hebt alle wormen verzameld,,new_since_2026-08-22,no,no,,,"Under the character on the result card when the board was filled. One sentence per food, so the noun can take whatever case, article and word order the language needs. Languages without a translation use the English food-specific sentence.",Add and review the translation for this language.
missing_translation,Localizable,game.end.completionSubtitle.worm,id,Indonesian,Indonesia,You collected all the worms,Je hebt alle wormen verzameld,,new_since_2026-08-22,no,no,,,"Under the character on the result card when the board was filled. One sentence per food, so the noun can take whatever case, article and word order the language needs. Languages without a translation use the English food-specific sentence.",Add and review the translation for this language.
missing_translation,Localizable,game.end.completionSubtitle.worm,is,Icelandic,íslenska,You collected all the worms,Je hebt alle wormen verzameld,,new_since_2026-08-22,no,no,,,"Under the character on the result card when the board was filled. One sentence per food, so the noun can take whatever case, article and word order the language needs. Languages without a translation use the English food-specific sentence.",Add and review the translation for this language.
missing_translation,Localizable,game.end.completionSubtitle.worm,it,Italian,italiano,You collected all the worms,Je hebt alle wormen verzameld,,new_since_2026-08-22,no,no,,,"Under the character on the result card when the board was filled. One sentence per food, so the noun can take whatever case, article and word order the language needs. Languages without a translation use the English food-specific sentence.",Add and review the translation for this language.
missing_translation,Localizable,game.end.completionSubtitle.worm,ja,Japanese,日本語,You collected all the worms,Je hebt alle wormen verzameld,,new_since_2026-08-22,no,no,,,"Under the character on the result card when the board was filled. One sentence per food, so the noun can take whatever case, article and word order the language needs. Languages without a translation use the English food-specific sentence.",Add and review the translation for this language.
missing_translation,Localizable,game.end.completionSubtitle.worm,ka,Georgian,ქართული,You collected all the worms,Je hebt alle wormen verzameld,,new_since_2026-08-22,no,no,,,"Under the character on the result card when the board was filled. One sentence per food, so the noun can take whatever case, article and word order the language needs. Languages without a translation use the English food-specific sentence.",Add and review the translation for this language.
missing_translation,Localizable,game.end.completionSubtitle.worm,kk,Kazakh,қазақ тілі,You collected all the worms,Je hebt alle wormen verzameld,,new_since_2026-08-22,no,no,,,"Under the character on the result card when the board was filled. One sentence per food, so the noun can take whatever case, article and word order the language needs. Languages without a translation use the English food-specific sentence.",Add and review the translation for this language.
missing_translation,Localizable,game.end.completionSubtitle.worm,km,Khmer,ខ្មែរ,You collected all the worms,Je hebt alle wormen verzameld,,new_since_2026-08-22,no,no,,,"Under the character on the result card when the board was filled. One sentence per food, so the noun can take whatever case, article and word order the language needs. Languages without a translation use the English food-specific sentence.",Add and review the translation for this language.
missing_translation,Localizable,game.end.completionSubtitle.worm,kn,Kannada,ಕನ್ನಡ,You collected all the worms,Je hebt alle wormen verzameld,,new_since_2026-08-22,no,no,,,"Under the character on the result card when the board was filled. One sentence per food, so the noun can take whatever case, article and word order the language needs. Languages without a translation use the English food-specific sentence.",Add and review the translation for this language.
missing_translation,Localizable,game.end.completionSubtitle.worm,ko,Korean,한국어,You collected all the worms,Je hebt alle wormen verzameld,,new_since_2026-08-22,no,no,,,"Under the character on the result card when the board was filled. One sentence per food, so the noun can take whatever case, article and word order the language needs. Languages without a translation use the English food-specific sentence.",Add and review the translation for this language.
missing_translation,Localizable,game.end.completionSubtitle.worm,lo,Lao,ລາວ,You collected all the worms,Je hebt alle wormen verzameld,,new_since_2026-08-22,no,no,,,"Under the character on the result card when the board was filled. One sentence per food, so the noun can take whatever case, article and word order the language needs. Languages without a translation use the English food-specific sentence.",Add and review the translation for this language.
missing_translation,Localizable,game.end.completionSubtitle.worm,lt,Lithuanian,lietuvių,You collected all the worms,Je hebt alle wormen verzameld,,new_since_2026-08-22,no,no,,,"Under the character on the result card when the board was filled. One sentence per food, so the noun can take whatever case, article and word order the language needs. Languages without a translation use the English food-specific sentence.",Add and review the translation for this language.
missing_translation,Localizable,game.end.completionSubtitle.worm,lv,Latvian,latviešu,You collected all the worms,Je hebt alle wormen verzameld,,new_since_2026-08-22,no,no,,,"Under the character on the result card when the board was filled. One sentence per food, so the noun can take whatever case, article and word order the language needs. Languages without a translation use the English food-specific sentence.",Add and review the translation for this language.
missing_translation,Localizable,game.end.completionSubtitle.worm,mk,Macedonian,македонски,You collected all the worms,Je hebt alle wormen verzameld,,new_since_2026-08-22,no,no,,,"Under the character on the result card when the board was filled. One sentence per food, so the noun can take whatever case, article and word order the language needs. Languages without a translation use the English food-specific sentence.",Add and review the translation for this language.
missing_translation,Localizable,game.end.completionSubtitle.worm,ml,Malayalam,മലയാളം,You collected all the worms,Je hebt alle wormen verzameld,,new_since_2026-08-22,no,no,,,"Under the character on the result card when the board was filled. One sentence per food, so the noun can take whatever case, article and word order the language needs. Languages without a translation use the English food-specific sentence.",Add and review the translation for this language.
missing_translation,Localizable,game.end.completionSubtitle.worm,mn,Mongolian,монгол,You collected all the worms,Je hebt alle wormen verzameld,,new_since_2026-08-22,no,no,,,"Under the character on the result card when the board was filled. One sentence per food, so the noun can take whatever case, article and word order the language needs. Languages without a translation use the English food-specific sentence.",Add and review the translation for this language.
missing_translation,Localizable,game.end.completionSubtitle.worm,mr,Marathi,मराठी,You collected all the worms,Je hebt alle wormen verzameld,,new_since_2026-08-22,no,no,,,"Under the character on the result card when the board was filled. One sentence per food, so the noun can take whatever case, article and word order the language needs. Languages without a translation use the English food-specific sentence.",Add and review the translation for this language.
missing_translation,Localizable,game.end.completionSubtitle.worm,ms,Malay,Melayu,You collected all the worms,Je hebt alle wormen verzameld,,new_since_2026-08-22,no,no,,,"Under the character on the result card when the board was filled. One sentence per food, so the noun can take whatever case, article and word order the language needs. Languages without a translation use the English food-specific sentence.",Add and review the translation for this language.
missing_translation,Localizable,game.end.completionSubtitle.worm,my,Burmese,မြန်မာ,You collected all the worms,Je hebt alle wormen verzameld,,new_since_2026-08-22,no,no,,,"Under the character on the result card when the board was filled. One sentence per food, so the noun can take whatever case, article and word order the language needs. Languages without a translation use the English food-specific sentence.",Add and review the translation for this language.
missing_translation,Localizable,game.end.completionSubtitle.worm,nb,Norwegian Bokmål,norsk bokmål,You collected all the worms,Je hebt alle wormen verzameld,,new_since_2026-08-22,no,no,,,"Under the character on the result card when the board was filled. One sentence per food, so the noun can take whatever case, article and word order the language needs. Languages without a translation use the English food-specific sentence.",Add and review the translation for this language.
missing_translation,Localizable,game.end.completionSubtitle.worm,ne,Nepali,नेपाली,You collected all the worms,Je hebt alle wormen verzameld,,new_since_2026-08-22,no,no,,,"Under the character on the result card when the board was filled. One sentence per food, so the noun can take whatever case, article and word order the language needs. Languages without a translation use the English food-specific sentence.",Add and review the translation for this language.
missing_translation,Localizable,game.end.completionSubtitle.worm,or,Odia,ଓଡ଼ିଆ,You collected all the worms,Je hebt alle wormen verzameld,,new_since_2026-08-22,no,no,,,"Under the character on the result card when the board was filled. One sentence per food, so the noun can take whatever case, article and word order the language needs. Languages without a translation use the English food-specific sentence.",Add and review the translation for this language.
missing_translation,Localizable,game.end.completionSubtitle.worm,pa,Punjabi,ਪੰਜਾਬੀ,You collected all the worms,Je hebt alle wormen verzameld,,new_since_2026-08-22,no,no,,,"Under the character on the result card when the board was filled. One sentence per food, so the noun can take whatever case, article and word order the language needs. Languages without a translation use the English food-specific sentence.",Add and review the translation for this language.
missing_translation,Localizable,game.end.completionSubtitle.worm,pl,Polish,polski,You collected all the worms,Je hebt alle wormen verzameld,,new_since_2026-08-22,no,no,,,"Under the character on the result card when the board was filled. One sentence per food, so the noun can take whatever case, article and word order the language needs. Languages without a translation use the English food-specific sentence.",Add and review the translation for this language.
missing_translation,Localizable,game.end.completionSubtitle.worm,pt,Portuguese,português,You collected all the worms,Je hebt alle wormen verzameld,,new_since_2026-08-22,no,no,,,"Under the character on the result card when the board was filled. One sentence per food, so the noun can take whatever case, article and word order the language needs. Languages without a translation use the English food-specific sentence.",Add and review the translation for this language.
missing_translation,Localizable,game.end.completionSubtitle.worm,ro,Romanian,română,You collected all the worms,Je hebt alle wormen verzameld,,new_since_2026-08-22,no,no,,,"Under the character on the result card when the board was filled. One sentence per food, so the noun can take whatever case, article and word order the language needs. Languages without a translation use the English food-specific sentence.",Add and review the translation for this language.
missing_translation,Localizable,game.end.completionSubtitle.worm,ru,Russian,русский,You collected all the worms,Je hebt alle wormen verzameld,,new_since_2026-08-22,no,no,,,"Under the character on the result card when the board was filled. One sentence per food, so the noun can take whatever case, article and word order the language needs. Languages without a translation use the English food-specific sentence.",Add and review the translation for this language.
missing_translation,Localizable,game.end.completionSubtitle.worm,si,Sinhala,සිංහල,You collected all the worms,Je hebt alle wormen verzameld,,new_since_2026-08-22,no,no,,,"Under the character on the result card when the board was filled. One sentence per food, so the noun can take whatever case, article and word order the language needs. Languages without a translation use the English food-specific sentence.",Add and review the translation for this language.
missing_translation,Localizable,game.end.completionSubtitle.worm,sk,Slovak,slovenčina,You collected all the worms,Je hebt alle wormen verzameld,,new_since_2026-08-22,no,no,,,"Under the character on the result card when the board was filled. One sentence per food, so the noun can take whatever case, article and word order the language needs. Languages without a translation use the English food-specific sentence.",Add and review the translation for this language.
missing_translation,Localizable,game.end.completionSubtitle.worm,sl,Slovenian,slovenščina,You collected all the worms,Je hebt alle wormen verzameld,,new_since_2026-08-22,no,no,,,"Under the character on the result card when the board was filled. One sentence per food, so the noun can take whatever case, article and word order the language needs. Languages without a translation use the English food-specific sentence.",Add and review the translation for this language.
missing_translation,Localizable,game.end.completionSubtitle.worm,sq,Albanian,shqip,You collected all the worms,Je hebt alle wormen verzameld,,new_since_2026-08-22,no,no,,,"Under the character on the result card when the board was filled. One sentence per food, so the noun can take whatever case, article and word order the language needs. Languages without a translation use the English food-specific sentence.",Add and review the translation for this language.
missing_translation,Localizable,game.end.completionSubtitle.worm,sr,Serbian,српски,You collected all the worms,Je hebt alle wormen verzameld,,new_since_2026-08-22,no,no,,,"Under the character on the result card when the board was filled. One sentence per food, so the noun can take whatever case, article and word order the language needs. Languages without a translation use the English food-specific sentence.",Add and review the translation for this language.
missing_translation,Localizable,game.end.completionSubtitle.worm,sv,Swedish,svenska,You collected all the worms,Je hebt alle wormen verzameld,,new_since_2026-08-22,no,no,,,"Under the character on the result card when the board was filled. One sentence per food, so the noun can take whatever case, article and word order the language needs. Languages without a translation use the English food-specific sentence.",Add and review the translation for this language.
missing_translation,Localizable,game.end.completionSubtitle.worm,sw,Swahili,Kiswahili,You collected all the worms,Je hebt alle wormen verzameld,,new_since_2026-08-22,no,no,,,"Under the character on the result card when the board was filled. One sentence per food, so the noun can take whatever case, article and word order the language needs. Languages without a translation use the English food-specific sentence.",Add and review the translation for this language.
missing_translation,Localizable,game.end.completionSubtitle.worm,ta,Tamil,தமிழ்,You collected all the worms,Je hebt alle wormen verzameld,,new_since_2026-08-22,no,no,,,"Under the character on the result card when the board was filled. One sentence per food, so the noun can take whatever case, article and word order the language needs. Languages without a translation use the English food-specific sentence.",Add and review the translation for this language.
missing_translation,Localizable,game.end.completionSubtitle.worm,te,Telugu,తెలుగు,You collected all the worms,Je hebt alle wormen verzameld,,new_since_2026-08-22,no,no,,,"Under the character on the result card when the board was filled. One sentence per food, so the noun can take whatever case, article and word order the language needs. Languages without a translation use the English food-specific sentence.",Add and review the translation for this language.
missing_translation,Localizable,game.end.completionSubtitle.worm,th,Thai,ไทย,You collected all the worms,Je hebt alle wormen verzameld,,new_since_2026-08-22,no,no,,,"Under the character on the result card when the board was filled. One sentence per food, so the noun can take whatever case, article and word order the language needs. Languages without a translation use the English food-specific sentence.",Add and review the translation for this language.
missing_translation,Localizable,game.end.completionSubtitle.worm,tr,Turkish,Türkçe,You collected all the worms,Je hebt alle wormen verzameld,,new_since_2026-08-22,no,no,,,"Under the character on the result card when the board was filled. One sentence per food, so the noun can take whatever case, article and word order the language needs. Languages without a translation use the English food-specific sentence.",Add and review the translation for this language.
missing_translation,Localizable,game.end.completionSubtitle.worm,ug,Uyghur,ئۇيغۇرچە,You collected all the worms,Je hebt alle wormen verzameld,,new_since_2026-08-22,no,no,,,"Under the character on the result card when the board was filled. One sentence per food, so the noun can take whatever case, article and word order the language needs. Languages without a translation use the English food-specific sentence.",Add and review the translation for this language.
missing_translation,Localizable,game.end.completionSubtitle.worm,uk,Ukrainian,українська,You collected all the worms,Je hebt alle wormen verzameld,,new_since_2026-08-22,no,no,,,"Under the character on the result card when the board was filled. One sentence per food, so the noun can take whatever case, article and word order the language needs. Languages without a translation use the English food-specific sentence.",Add and review the translation for this language.
missing_translation,Localizable,game.end.completionSubtitle.worm,ur,Urdu,اردو,You collected all the worms,Je hebt alle wormen verzameld,,new_since_2026-08-22,no,no,,,"Under the character on the result card when the board was filled. One sentence per food, so the noun can take whatever case, article and word order the language needs. Languages without a translation use the English food-specific sentence.",Add and review the translation for this language.
missing_translation,Localizable,game.end.completionSubtitle.worm,uz,Uzbek,o‘zbek,You collected all the worms,Je hebt alle wormen verzameld,,new_since_2026-08-22,no,no,,,"Under the character on the result card when the board was filled. One sentence per food, so the noun can take whatever case, article and word order the language needs. Languages without a translation use the English food-specific sentence.",Add and review the translation for this language.
missing_translation,Localizable,game.end.completionSubtitle.worm,vi,Vietnamese,Tiếng Việt,You collected all the worms,Je hebt alle wormen verzameld,,new_since_2026-08-22,no,no,,,"Under the character on the result card when the board was filled. One sentence per food, so the noun can take whatever case, article and word order the language needs. Languages without a translation use the English food-specific sentence.",Add and review the translation for this language.
missing_translation,Localizable,game.end.completionSubtitle.worm,zh,Chinese,中文,You collected all the worms,Je hebt alle wormen verzameld,,new_since_2026-08-22,no,no,,,"Under the character on the result card when the board was filled. One sentence per food, so the noun can take whatever case, article and word order the language needs. Languages without a translation use the English food-specific sentence.",Add and review the translation for this language.
missing_translation,Localizable,game.end.completionSubtitle.worm,zu,Zulu,isiZulu,You collected all the worms,Je hebt alle wormen verzameld,,new_since_2026-08-22,no,no,,,"Under the character on the result card when the board was filled. One sentence per food, so the noun can take whatever case, article and word order the language needs. Languages without a translation use the English food-specific sentence.",Add and review the translation for this language.
missing_translation,Localizable,levelIntro.cardsBullet.egg %lld,af,Afrikaans,Afrikaans,You can collect up to **%lld eggs** in this level.,Je kunt in dit level maximaal **%lld eieren** verzamelen.,,new_since_2026-08-22,no,no,,,"The count is always 20, 30, 40 or 50 (GameConfig level maximums), which every language treats alike, so this needs no other plural form. Languages without a translation use English.",Add and review the translation for this language.
missing_translation,Localizable,levelIntro.cardsBullet.egg %lld,am,Amharic,አማርኛ,You can collect up to **%lld eggs** in this level.,Je kunt in dit level maximaal **%lld eieren** verzamelen.,,new_since_2026-08-22,no,no,,,"The count is always 20, 30, 40 or 50 (GameConfig level maximums), which every language treats alike, so this needs no other plural form. Languages without a translation use English.",Add and review the translation for this language.
missing_translation,Localizable,levelIntro.cardsBullet.egg %lld,ar,Arabic,العربية,You can collect up to **%lld eggs** in this level.,Je kunt in dit level maximaal **%lld eieren** verzamelen.,,new_since_2026-08-22,no,no,,,"The count is always 20, 30, 40 or 50 (GameConfig level maximums), which every language treats alike, so this needs no other plural form. Languages without a translation use English.",Add and review the translation for this language.
missing_translation,Localizable,levelIntro.cardsBullet.egg %lld,as,Assamese,অসমীয়া,You can collect up to **%lld eggs** in this level.,Je kunt in dit level maximaal **%lld eieren** verzamelen.,,new_since_2026-08-22,no,no,,,"The count is always 20, 30, 40 or 50 (GameConfig level maximums), which every language treats alike, so this needs no other plural form. Languages without a translation use English.",Add and review the translation for this language.
missing_translation,Localizable,levelIntro.cardsBullet.egg %lld,az,Azerbaijani,azərbaycan,You can collect up to **%lld eggs** in this level.,Je kunt in dit level maximaal **%lld eieren** verzamelen.,,new_since_2026-08-22,no,no,,,"The count is always 20, 30, 40 or 50 (GameConfig level maximums), which every language treats alike, so this needs no other plural form. Languages without a translation use English.",Add and review the translation for this language.
missing_translation,Localizable,levelIntro.cardsBullet.egg %lld,be,Belarusian,беларуская,You can collect up to **%lld eggs** in this level.,Je kunt in dit level maximaal **%lld eieren** verzamelen.,,new_since_2026-08-22,no,no,,,"The count is always 20, 30, 40 or 50 (GameConfig level maximums), which every language treats alike, so this needs no other plural form. Languages without a translation use English.",Add and review the translation for this language.
missing_translation,Localizable,levelIntro.cardsBullet.egg %lld,bg,Bulgarian,български,You can collect up to **%lld eggs** in this level.,Je kunt in dit level maximaal **%lld eieren** verzamelen.,,new_since_2026-08-22,no,no,,,"The count is always 20, 30, 40 or 50 (GameConfig level maximums), which every language treats alike, so this needs no other plural form. Languages without a translation use English.",Add and review the translation for this language.
missing_translation,Localizable,levelIntro.cardsBullet.egg %lld,bn,Bangla,বাংলা,You can collect up to **%lld eggs** in this level.,Je kunt in dit level maximaal **%lld eieren** verzamelen.,,new_since_2026-08-22,no,no,,,"The count is always 20, 30, 40 or 50 (GameConfig level maximums), which every language treats alike, so this needs no other plural form. Languages without a translation use English.",Add and review the translation for this language.
missing_translation,Localizable,levelIntro.cardsBullet.egg %lld,bo,Tibetan,བོད་སྐད་,You can collect up to **%lld eggs** in this level.,Je kunt in dit level maximaal **%lld eieren** verzamelen.,,new_since_2026-08-22,no,no,,,"The count is always 20, 30, 40 or 50 (GameConfig level maximums), which every language treats alike, so this needs no other plural form. Languages without a translation use English.",Add and review the translation for this language.
missing_translation,Localizable,levelIntro.cardsBullet.egg %lld,bs,Bosnian,bosanski,You can collect up to **%lld eggs** in this level.,Je kunt in dit level maximaal **%lld eieren** verzamelen.,,new_since_2026-08-22,no,no,,,"The count is always 20, 30, 40 or 50 (GameConfig level maximums), which every language treats alike, so this needs no other plural form. Languages without a translation use English.",Add and review the translation for this language.
missing_translation,Localizable,levelIntro.cardsBullet.egg %lld,ca,Catalan,català,You can collect up to **%lld eggs** in this level.,Je kunt in dit level maximaal **%lld eieren** verzamelen.,,new_since_2026-08-22,no,no,,,"The count is always 20, 30, 40 or 50 (GameConfig level maximums), which every language treats alike, so this needs no other plural form. Languages without a translation use English.",Add and review the translation for this language.
missing_translation,Localizable,levelIntro.cardsBullet.egg %lld,cs,Czech,čeština,You can collect up to **%lld eggs** in this level.,Je kunt in dit level maximaal **%lld eieren** verzamelen.,,new_since_2026-08-22,no,no,,,"The count is always 20, 30, 40 or 50 (GameConfig level maximums), which every language treats alike, so this needs no other plural form. Languages without a translation use English.",Add and review the translation for this language.
missing_translation,Localizable,levelIntro.cardsBullet.egg %lld,cy,Welsh,Cymraeg,You can collect up to **%lld eggs** in this level.,Je kunt in dit level maximaal **%lld eieren** verzamelen.,,new_since_2026-08-22,no,no,,,"The count is always 20, 30, 40 or 50 (GameConfig level maximums), which every language treats alike, so this needs no other plural form. Languages without a translation use English.",Add and review the translation for this language.
missing_translation,Localizable,levelIntro.cardsBullet.egg %lld,da,Danish,dansk,You can collect up to **%lld eggs** in this level.,Je kunt in dit level maximaal **%lld eieren** verzamelen.,,new_since_2026-08-22,no,no,,,"The count is always 20, 30, 40 or 50 (GameConfig level maximums), which every language treats alike, so this needs no other plural form. Languages without a translation use English.",Add and review the translation for this language.
missing_translation,Localizable,levelIntro.cardsBullet.egg %lld,de,German,Deutsch,You can collect up to **%lld eggs** in this level.,Je kunt in dit level maximaal **%lld eieren** verzamelen.,,new_since_2026-08-22,no,no,,,"The count is always 20, 30, 40 or 50 (GameConfig level maximums), which every language treats alike, so this needs no other plural form. Languages without a translation use English.",Add and review the translation for this language.
missing_translation,Localizable,levelIntro.cardsBullet.egg %lld,el,Greek,Ελληνικά,You can collect up to **%lld eggs** in this level.,Je kunt in dit level maximaal **%lld eieren** verzamelen.,,new_since_2026-08-22,no,no,,,"The count is always 20, 30, 40 or 50 (GameConfig level maximums), which every language treats alike, so this needs no other plural form. Languages without a translation use English.",Add and review the translation for this language.
missing_translation,Localizable,levelIntro.cardsBullet.egg %lld,es,Spanish,español,You can collect up to **%lld eggs** in this level.,Je kunt in dit level maximaal **%lld eieren** verzamelen.,,new_since_2026-08-22,no,no,,,"The count is always 20, 30, 40 or 50 (GameConfig level maximums), which every language treats alike, so this needs no other plural form. Languages without a translation use English.",Add and review the translation for this language.
missing_translation,Localizable,levelIntro.cardsBullet.egg %lld,et,Estonian,eesti,You can collect up to **%lld eggs** in this level.,Je kunt in dit level maximaal **%lld eieren** verzamelen.,,new_since_2026-08-22,no,no,,,"The count is always 20, 30, 40 or 50 (GameConfig level maximums), which every language treats alike, so this needs no other plural form. Languages without a translation use English.",Add and review the translation for this language.
missing_translation,Localizable,levelIntro.cardsBullet.egg %lld,eu,Basque,euskara,You can collect up to **%lld eggs** in this level.,Je kunt in dit level maximaal **%lld eieren** verzamelen.,,new_since_2026-08-22,no,no,,,"The count is always 20, 30, 40 or 50 (GameConfig level maximums), which every language treats alike, so this needs no other plural form. Languages without a translation use English.",Add and review the translation for this language.
missing_translation,Localizable,levelIntro.cardsBullet.egg %lld,fa,Persian,فارسی,You can collect up to **%lld eggs** in this level.,Je kunt in dit level maximaal **%lld eieren** verzamelen.,,new_since_2026-08-22,no,no,,,"The count is always 20, 30, 40 or 50 (GameConfig level maximums), which every language treats alike, so this needs no other plural form. Languages without a translation use English.",Add and review the translation for this language.
missing_translation,Localizable,levelIntro.cardsBullet.egg %lld,fi,Finnish,suomi,You can collect up to **%lld eggs** in this level.,Je kunt in dit level maximaal **%lld eieren** verzamelen.,,new_since_2026-08-22,no,no,,,"The count is always 20, 30, 40 or 50 (GameConfig level maximums), which every language treats alike, so this needs no other plural form. Languages without a translation use English.",Add and review the translation for this language.
missing_translation,Localizable,levelIntro.cardsBullet.egg %lld,fo,Faroese,føroyskt,You can collect up to **%lld eggs** in this level.,Je kunt in dit level maximaal **%lld eieren** verzamelen.,,new_since_2026-08-22,no,no,,,"The count is always 20, 30, 40 or 50 (GameConfig level maximums), which every language treats alike, so this needs no other plural form. Languages without a translation use English.",Add and review the translation for this language.
missing_translation,Localizable,levelIntro.cardsBullet.egg %lld,fr,French,français,You can collect up to **%lld eggs** in this level.,Je kunt in dit level maximaal **%lld eieren** verzamelen.,,new_since_2026-08-22,no,no,,,"The count is always 20, 30, 40 or 50 (GameConfig level maximums), which every language treats alike, so this needs no other plural form. Languages without a translation use English.",Add and review the translation for this language.
missing_translation,Localizable,levelIntro.cardsBullet.egg %lld,ga,Irish,Gaeilge,You can collect up to **%lld eggs** in this level.,Je kunt in dit level maximaal **%lld eieren** verzamelen.,,new_since_2026-08-22,no,no,,,"The count is always 20, 30, 40 or 50 (GameConfig level maximums), which every language treats alike, so this needs no other plural form. Languages without a translation use English.",Add and review the translation for this language.
missing_translation,Localizable,levelIntro.cardsBullet.egg %lld,gl,Galician,galego,You can collect up to **%lld eggs** in this level.,Je kunt in dit level maximaal **%lld eieren** verzamelen.,,new_since_2026-08-22,no,no,,,"The count is always 20, 30, 40 or 50 (GameConfig level maximums), which every language treats alike, so this needs no other plural form. Languages without a translation use English.",Add and review the translation for this language.
missing_translation,Localizable,levelIntro.cardsBullet.egg %lld,gu,Gujarati,ગુજરાતી,You can collect up to **%lld eggs** in this level.,Je kunt in dit level maximaal **%lld eieren** verzamelen.,,new_since_2026-08-22,no,no,,,"The count is always 20, 30, 40 or 50 (GameConfig level maximums), which every language treats alike, so this needs no other plural form. Languages without a translation use English.",Add and review the translation for this language.
missing_translation,Localizable,levelIntro.cardsBullet.egg %lld,he,Hebrew,עברית,You can collect up to **%lld eggs** in this level.,Je kunt in dit level maximaal **%lld eieren** verzamelen.,,new_since_2026-08-22,no,no,,,"The count is always 20, 30, 40 or 50 (GameConfig level maximums), which every language treats alike, so this needs no other plural form. Languages without a translation use English.",Add and review the translation for this language.
missing_translation,Localizable,levelIntro.cardsBullet.egg %lld,hi,Hindi,हिन्दी,You can collect up to **%lld eggs** in this level.,Je kunt in dit level maximaal **%lld eieren** verzamelen.,,new_since_2026-08-22,no,no,,,"The count is always 20, 30, 40 or 50 (GameConfig level maximums), which every language treats alike, so this needs no other plural form. Languages without a translation use English.",Add and review the translation for this language.
missing_translation,Localizable,levelIntro.cardsBullet.egg %lld,hr,Croatian,hrvatski,You can collect up to **%lld eggs** in this level.,Je kunt in dit level maximaal **%lld eieren** verzamelen.,,new_since_2026-08-22,no,no,,,"The count is always 20, 30, 40 or 50 (GameConfig level maximums), which every language treats alike, so this needs no other plural form. Languages without a translation use English.",Add and review the translation for this language.
missing_translation,Localizable,levelIntro.cardsBullet.egg %lld,hu,Hungarian,magyar,You can collect up to **%lld eggs** in this level.,Je kunt in dit level maximaal **%lld eieren** verzamelen.,,new_since_2026-08-22,no,no,,,"The count is always 20, 30, 40 or 50 (GameConfig level maximums), which every language treats alike, so this needs no other plural form. Languages without a translation use English.",Add and review the translation for this language.
missing_translation,Localizable,levelIntro.cardsBullet.egg %lld,hy,Armenian,հայերեն,You can collect up to **%lld eggs** in this level.,Je kunt in dit level maximaal **%lld eieren** verzamelen.,,new_since_2026-08-22,no,no,,,"The count is always 20, 30, 40 or 50 (GameConfig level maximums), which every language treats alike, so this needs no other plural form. Languages without a translation use English.",Add and review the translation for this language.
missing_translation,Localizable,levelIntro.cardsBullet.egg %lld,id,Indonesian,Indonesia,You can collect up to **%lld eggs** in this level.,Je kunt in dit level maximaal **%lld eieren** verzamelen.,,new_since_2026-08-22,no,no,,,"The count is always 20, 30, 40 or 50 (GameConfig level maximums), which every language treats alike, so this needs no other plural form. Languages without a translation use English.",Add and review the translation for this language.
missing_translation,Localizable,levelIntro.cardsBullet.egg %lld,is,Icelandic,íslenska,You can collect up to **%lld eggs** in this level.,Je kunt in dit level maximaal **%lld eieren** verzamelen.,,new_since_2026-08-22,no,no,,,"The count is always 20, 30, 40 or 50 (GameConfig level maximums), which every language treats alike, so this needs no other plural form. Languages without a translation use English.",Add and review the translation for this language.
missing_translation,Localizable,levelIntro.cardsBullet.egg %lld,it,Italian,italiano,You can collect up to **%lld eggs** in this level.,Je kunt in dit level maximaal **%lld eieren** verzamelen.,,new_since_2026-08-22,no,no,,,"The count is always 20, 30, 40 or 50 (GameConfig level maximums), which every language treats alike, so this needs no other plural form. Languages without a translation use English.",Add and review the translation for this language.
missing_translation,Localizable,levelIntro.cardsBullet.egg %lld,ja,Japanese,日本語,You can collect up to **%lld eggs** in this level.,Je kunt in dit level maximaal **%lld eieren** verzamelen.,,new_since_2026-08-22,no,no,,,"The count is always 20, 30, 40 or 50 (GameConfig level maximums), which every language treats alike, so this needs no other plural form. Languages without a translation use English.",Add and review the translation for this language.
missing_translation,Localizable,levelIntro.cardsBullet.egg %lld,ka,Georgian,ქართული,You can collect up to **%lld eggs** in this level.,Je kunt in dit level maximaal **%lld eieren** verzamelen.,,new_since_2026-08-22,no,no,,,"The count is always 20, 30, 40 or 50 (GameConfig level maximums), which every language treats alike, so this needs no other plural form. Languages without a translation use English.",Add and review the translation for this language.
missing_translation,Localizable,levelIntro.cardsBullet.egg %lld,kk,Kazakh,қазақ тілі,You can collect up to **%lld eggs** in this level.,Je kunt in dit level maximaal **%lld eieren** verzamelen.,,new_since_2026-08-22,no,no,,,"The count is always 20, 30, 40 or 50 (GameConfig level maximums), which every language treats alike, so this needs no other plural form. Languages without a translation use English.",Add and review the translation for this language.
missing_translation,Localizable,levelIntro.cardsBullet.egg %lld,km,Khmer,ខ្មែរ,You can collect up to **%lld eggs** in this level.,Je kunt in dit level maximaal **%lld eieren** verzamelen.,,new_since_2026-08-22,no,no,,,"The count is always 20, 30, 40 or 50 (GameConfig level maximums), which every language treats alike, so this needs no other plural form. Languages without a translation use English.",Add and review the translation for this language.
missing_translation,Localizable,levelIntro.cardsBullet.egg %lld,kn,Kannada,ಕನ್ನಡ,You can collect up to **%lld eggs** in this level.,Je kunt in dit level maximaal **%lld eieren** verzamelen.,,new_since_2026-08-22,no,no,,,"The count is always 20, 30, 40 or 50 (GameConfig level maximums), which every language treats alike, so this needs no other plural form. Languages without a translation use English.",Add and review the translation for this language.
missing_translation,Localizable,levelIntro.cardsBullet.egg %lld,ko,Korean,한국어,You can collect up to **%lld eggs** in this level.,Je kunt in dit level maximaal **%lld eieren** verzamelen.,,new_since_2026-08-22,no,no,,,"The count is always 20, 30, 40 or 50 (GameConfig level maximums), which every language treats alike, so this needs no other plural form. Languages without a translation use English.",Add and review the translation for this language.
missing_translation,Localizable,levelIntro.cardsBullet.egg %lld,lo,Lao,ລາວ,You can collect up to **%lld eggs** in this level.,Je kunt in dit level maximaal **%lld eieren** verzamelen.,,new_since_2026-08-22,no,no,,,"The count is always 20, 30, 40 or 50 (GameConfig level maximums), which every language treats alike, so this needs no other plural form. Languages without a translation use English.",Add and review the translation for this language.
missing_translation,Localizable,levelIntro.cardsBullet.egg %lld,lt,Lithuanian,lietuvių,You can collect up to **%lld eggs** in this level.,Je kunt in dit level maximaal **%lld eieren** verzamelen.,,new_since_2026-08-22,no,no,,,"The count is always 20, 30, 40 or 50 (GameConfig level maximums), which every language treats alike, so this needs no other plural form. Languages without a translation use English.",Add and review the translation for this language.
missing_translation,Localizable,levelIntro.cardsBullet.egg %lld,lv,Latvian,latviešu,You can collect up to **%lld eggs** in this level.,Je kunt in dit level maximaal **%lld eieren** verzamelen.,,new_since_2026-08-22,no,no,,,"The count is always 20, 30, 40 or 50 (GameConfig level maximums), which every language treats alike, so this needs no other plural form. Languages without a translation use English.",Add and review the translation for this language.
missing_translation,Localizable,levelIntro.cardsBullet.egg %lld,mk,Macedonian,македонски,You can collect up to **%lld eggs** in this level.,Je kunt in dit level maximaal **%lld eieren** verzamelen.,,new_since_2026-08-22,no,no,,,"The count is always 20, 30, 40 or 50 (GameConfig level maximums), which every language treats alike, so this needs no other plural form. Languages without a translation use English.",Add and review the translation for this language.
missing_translation,Localizable,levelIntro.cardsBullet.egg %lld,ml,Malayalam,മലയാളം,You can collect up to **%lld eggs** in this level.,Je kunt in dit level maximaal **%lld eieren** verzamelen.,,new_since_2026-08-22,no,no,,,"The count is always 20, 30, 40 or 50 (GameConfig level maximums), which every language treats alike, so this needs no other plural form. Languages without a translation use English.",Add and review the translation for this language.
missing_translation,Localizable,levelIntro.cardsBullet.egg %lld,mn,Mongolian,монгол,You can collect up to **%lld eggs** in this level.,Je kunt in dit level maximaal **%lld eieren** verzamelen.,,new_since_2026-08-22,no,no,,,"The count is always 20, 30, 40 or 50 (GameConfig level maximums), which every language treats alike, so this needs no other plural form. Languages without a translation use English.",Add and review the translation for this language.
missing_translation,Localizable,levelIntro.cardsBullet.egg %lld,mr,Marathi,मराठी,You can collect up to **%lld eggs** in this level.,Je kunt in dit level maximaal **%lld eieren** verzamelen.,,new_since_2026-08-22,no,no,,,"The count is always 20, 30, 40 or 50 (GameConfig level maximums), which every language treats alike, so this needs no other plural form. Languages without a translation use English.",Add and review the translation for this language.
missing_translation,Localizable,levelIntro.cardsBullet.egg %lld,ms,Malay,Melayu,You can collect up to **%lld eggs** in this level.,Je kunt in dit level maximaal **%lld eieren** verzamelen.,,new_since_2026-08-22,no,no,,,"The count is always 20, 30, 40 or 50 (GameConfig level maximums), which every language treats alike, so this needs no other plural form. Languages without a translation use English.",Add and review the translation for this language.
missing_translation,Localizable,levelIntro.cardsBullet.egg %lld,my,Burmese,မြန်မာ,You can collect up to **%lld eggs** in this level.,Je kunt in dit level maximaal **%lld eieren** verzamelen.,,new_since_2026-08-22,no,no,,,"The count is always 20, 30, 40 or 50 (GameConfig level maximums), which every language treats alike, so this needs no other plural form. Languages without a translation use English.",Add and review the translation for this language.
missing_translation,Localizable,levelIntro.cardsBullet.egg %lld,nb,Norwegian Bokmål,norsk bokmål,You can collect up to **%lld eggs** in this level.,Je kunt in dit level maximaal **%lld eieren** verzamelen.,,new_since_2026-08-22,no,no,,,"The count is always 20, 30, 40 or 50 (GameConfig level maximums), which every language treats alike, so this needs no other plural form. Languages without a translation use English.",Add and review the translation for this language.
missing_translation,Localizable,levelIntro.cardsBullet.egg %lld,ne,Nepali,नेपाली,You can collect up to **%lld eggs** in this level.,Je kunt in dit level maximaal **%lld eieren** verzamelen.,,new_since_2026-08-22,no,no,,,"The count is always 20, 30, 40 or 50 (GameConfig level maximums), which every language treats alike, so this needs no other plural form. Languages without a translation use English.",Add and review the translation for this language.
missing_translation,Localizable,levelIntro.cardsBullet.egg %lld,or,Odia,ଓଡ଼ିଆ,You can collect up to **%lld eggs** in this level.,Je kunt in dit level maximaal **%lld eieren** verzamelen.,,new_since_2026-08-22,no,no,,,"The count is always 20, 30, 40 or 50 (GameConfig level maximums), which every language treats alike, so this needs no other plural form. Languages without a translation use English.",Add and review the translation for this language.
missing_translation,Localizable,levelIntro.cardsBullet.egg %lld,pa,Punjabi,ਪੰਜਾਬੀ,You can collect up to **%lld eggs** in this level.,Je kunt in dit level maximaal **%lld eieren** verzamelen.,,new_since_2026-08-22,no,no,,,"The count is always 20, 30, 40 or 50 (GameConfig level maximums), which every language treats alike, so this needs no other plural form. Languages without a translation use English.",Add and review the translation for this language.
missing_translation,Localizable,levelIntro.cardsBullet.egg %lld,pl,Polish,polski,You can collect up to **%lld eggs** in this level.,Je kunt in dit level maximaal **%lld eieren** verzamelen.,,new_since_2026-08-22,no,no,,,"The count is always 20, 30, 40 or 50 (GameConfig level maximums), which every language treats alike, so this needs no other plural form. Languages without a translation use English.",Add and review the translation for this language.
missing_translation,Localizable,levelIntro.cardsBullet.egg %lld,pt,Portuguese,português,You can collect up to **%lld eggs** in this level.,Je kunt in dit level maximaal **%lld eieren** verzamelen.,,new_since_2026-08-22,no,no,,,"The count is always 20, 30, 40 or 50 (GameConfig level maximums), which every language treats alike, so this needs no other plural form. Languages without a translation use English.",Add and review the translation for this language.
missing_translation,Localizable,levelIntro.cardsBullet.egg %lld,ro,Romanian,română,You can collect up to **%lld eggs** in this level.,Je kunt in dit level maximaal **%lld eieren** verzamelen.,,new_since_2026-08-22,no,no,,,"The count is always 20, 30, 40 or 50 (GameConfig level maximums), which every language treats alike, so this needs no other plural form. Languages without a translation use English.",Add and review the translation for this language.
missing_translation,Localizable,levelIntro.cardsBullet.egg %lld,ru,Russian,русский,You can collect up to **%lld eggs** in this level.,Je kunt in dit level maximaal **%lld eieren** verzamelen.,,new_since_2026-08-22,no,no,,,"The count is always 20, 30, 40 or 50 (GameConfig level maximums), which every language treats alike, so this needs no other plural form. Languages without a translation use English.",Add and review the translation for this language.
missing_translation,Localizable,levelIntro.cardsBullet.egg %lld,si,Sinhala,සිංහල,You can collect up to **%lld eggs** in this level.,Je kunt in dit level maximaal **%lld eieren** verzamelen.,,new_since_2026-08-22,no,no,,,"The count is always 20, 30, 40 or 50 (GameConfig level maximums), which every language treats alike, so this needs no other plural form. Languages without a translation use English.",Add and review the translation for this language.
missing_translation,Localizable,levelIntro.cardsBullet.egg %lld,sk,Slovak,slovenčina,You can collect up to **%lld eggs** in this level.,Je kunt in dit level maximaal **%lld eieren** verzamelen.,,new_since_2026-08-22,no,no,,,"The count is always 20, 30, 40 or 50 (GameConfig level maximums), which every language treats alike, so this needs no other plural form. Languages without a translation use English.",Add and review the translation for this language.
missing_translation,Localizable,levelIntro.cardsBullet.egg %lld,sl,Slovenian,slovenščina,You can collect up to **%lld eggs** in this level.,Je kunt in dit level maximaal **%lld eieren** verzamelen.,,new_since_2026-08-22,no,no,,,"The count is always 20, 30, 40 or 50 (GameConfig level maximums), which every language treats alike, so this needs no other plural form. Languages without a translation use English.",Add and review the translation for this language.
missing_translation,Localizable,levelIntro.cardsBullet.egg %lld,sq,Albanian,shqip,You can collect up to **%lld eggs** in this level.,Je kunt in dit level maximaal **%lld eieren** verzamelen.,,new_since_2026-08-22,no,no,,,"The count is always 20, 30, 40 or 50 (GameConfig level maximums), which every language treats alike, so this needs no other plural form. Languages without a translation use English.",Add and review the translation for this language.
missing_translation,Localizable,levelIntro.cardsBullet.egg %lld,sr,Serbian,српски,You can collect up to **%lld eggs** in this level.,Je kunt in dit level maximaal **%lld eieren** verzamelen.,,new_since_2026-08-22,no,no,,,"The count is always 20, 30, 40 or 50 (GameConfig level maximums), which every language treats alike, so this needs no other plural form. Languages without a translation use English.",Add and review the translation for this language.
missing_translation,Localizable,levelIntro.cardsBullet.egg %lld,sv,Swedish,svenska,You can collect up to **%lld eggs** in this level.,Je kunt in dit level maximaal **%lld eieren** verzamelen.,,new_since_2026-08-22,no,no,,,"The count is always 20, 30, 40 or 50 (GameConfig level maximums), which every language treats alike, so this needs no other plural form. Languages without a translation use English.",Add and review the translation for this language.
missing_translation,Localizable,levelIntro.cardsBullet.egg %lld,sw,Swahili,Kiswahili,You can collect up to **%lld eggs** in this level.,Je kunt in dit level maximaal **%lld eieren** verzamelen.,,new_since_2026-08-22,no,no,,,"The count is always 20, 30, 40 or 50 (GameConfig level maximums), which every language treats alike, so this needs no other plural form. Languages without a translation use English.",Add and review the translation for this language.
missing_translation,Localizable,levelIntro.cardsBullet.egg %lld,ta,Tamil,தமிழ்,You can collect up to **%lld eggs** in this level.,Je kunt in dit level maximaal **%lld eieren** verzamelen.,,new_since_2026-08-22,no,no,,,"The count is always 20, 30, 40 or 50 (GameConfig level maximums), which every language treats alike, so this needs no other plural form. Languages without a translation use English.",Add and review the translation for this language.
missing_translation,Localizable,levelIntro.cardsBullet.egg %lld,te,Telugu,తెలుగు,You can collect up to **%lld eggs** in this level.,Je kunt in dit level maximaal **%lld eieren** verzamelen.,,new_since_2026-08-22,no,no,,,"The count is always 20, 30, 40 or 50 (GameConfig level maximums), which every language treats alike, so this needs no other plural form. Languages without a translation use English.",Add and review the translation for this language.
missing_translation,Localizable,levelIntro.cardsBullet.egg %lld,th,Thai,ไทย,You can collect up to **%lld eggs** in this level.,Je kunt in dit level maximaal **%lld eieren** verzamelen.,,new_since_2026-08-22,no,no,,,"The count is always 20, 30, 40 or 50 (GameConfig level maximums), which every language treats alike, so this needs no other plural form. Languages without a translation use English.",Add and review the translation for this language.
missing_translation,Localizable,levelIntro.cardsBullet.egg %lld,tr,Turkish,Türkçe,You can collect up to **%lld eggs** in this level.,Je kunt in dit level maximaal **%lld eieren** verzamelen.,,new_since_2026-08-22,no,no,,,"The count is always 20, 30, 40 or 50 (GameConfig level maximums), which every language treats alike, so this needs no other plural form. Languages without a translation use English.",Add and review the translation for this language.
missing_translation,Localizable,levelIntro.cardsBullet.egg %lld,ug,Uyghur,ئۇيغۇرچە,You can collect up to **%lld eggs** in this level.,Je kunt in dit level maximaal **%lld eieren** verzamelen.,,new_since_2026-08-22,no,no,,,"The count is always 20, 30, 40 or 50 (GameConfig level maximums), which every language treats alike, so this needs no other plural form. Languages without a translation use English.",Add and review the translation for this language.
missing_translation,Localizable,levelIntro.cardsBullet.egg %lld,uk,Ukrainian,українська,You can collect up to **%lld eggs** in this level.,Je kunt in dit level maximaal **%lld eieren** verzamelen.,,new_since_2026-08-22,no,no,,,"The count is always 20, 30, 40 or 50 (GameConfig level maximums), which every language treats alike, so this needs no other plural form. Languages without a translation use English.",Add and review the translation for this language.
missing_translation,Localizable,levelIntro.cardsBullet.egg %lld,ur,Urdu,اردو,You can collect up to **%lld eggs** in this level.,Je kunt in dit level maximaal **%lld eieren** verzamelen.,,new_since_2026-08-22,no,no,,,"The count is always 20, 30, 40 or 50 (GameConfig level maximums), which every language treats alike, so this needs no other plural form. Languages without a translation use English.",Add and review the translation for this language.
missing_translation,Localizable,levelIntro.cardsBullet.egg %lld,uz,Uzbek,o‘zbek,You can collect up to **%lld eggs** in this level.,Je kunt in dit level maximaal **%lld eieren** verzamelen.,,new_since_2026-08-22,no,no,,,"The count is always 20, 30, 40 or 50 (GameConfig level maximums), which every language treats alike, so this needs no other plural form. Languages without a translation use English.",Add and review the translation for this language.
missing_translation,Localizable,levelIntro.cardsBullet.egg %lld,vi,Vietnamese,Tiếng Việt,You can collect up to **%lld eggs** in this level.,Je kunt in dit level maximaal **%lld eieren** verzamelen.,,new_since_2026-08-22,no,no,,,"The count is always 20, 30, 40 or 50 (GameConfig level maximums), which every language treats alike, so this needs no other plural form. Languages without a translation use English.",Add and review the translation for this language.
missing_translation,Localizable,levelIntro.cardsBullet.egg %lld,zh,Chinese,中文,You can collect up to **%lld eggs** in this level.,Je kunt in dit level maximaal **%lld eieren** verzamelen.,,new_since_2026-08-22,no,no,,,"The count is always 20, 30, 40 or 50 (GameConfig level maximums), which every language treats alike, so this needs no other plural form. Languages without a translation use English.",Add and review the translation for this language.
missing_translation,Localizable,levelIntro.cardsBullet.egg %lld,zu,Zulu,isiZulu,You can collect up to **%lld eggs** in this level.,Je kunt in dit level maximaal **%lld eieren** verzamelen.,,new_since_2026-08-22,no,no,,,"The count is always 20, 30, 40 or 50 (GameConfig level maximums), which every language treats alike, so this needs no other plural form. Languages without a translation use English.",Add and review the translation for this language.
missing_translation,Localizable,levelIntro.cardsBullet.spider %lld,af,Afrikaans,Afrikaans,You can collect up to **%lld spiders** in this level.,Je kunt in dit level maximaal **%lld spinnen** verzamelen.,,new_since_2026-08-22,no,no,,,"The count is always 20, 30, 40 or 50 (GameConfig level maximums), which every language treats alike, so this needs no other plural form. Languages without a translation use English.",Add and review the translation for this language.
missing_translation,Localizable,levelIntro.cardsBullet.spider %lld,am,Amharic,አማርኛ,You can collect up to **%lld spiders** in this level.,Je kunt in dit level maximaal **%lld spinnen** verzamelen.,,new_since_2026-08-22,no,no,,,"The count is always 20, 30, 40 or 50 (GameConfig level maximums), which every language treats alike, so this needs no other plural form. Languages without a translation use English.",Add and review the translation for this language.
missing_translation,Localizable,levelIntro.cardsBullet.spider %lld,ar,Arabic,العربية,You can collect up to **%lld spiders** in this level.,Je kunt in dit level maximaal **%lld spinnen** verzamelen.,,new_since_2026-08-22,no,no,,,"The count is always 20, 30, 40 or 50 (GameConfig level maximums), which every language treats alike, so this needs no other plural form. Languages without a translation use English.",Add and review the translation for this language.
missing_translation,Localizable,levelIntro.cardsBullet.spider %lld,as,Assamese,অসমীয়া,You can collect up to **%lld spiders** in this level.,Je kunt in dit level maximaal **%lld spinnen** verzamelen.,,new_since_2026-08-22,no,no,,,"The count is always 20, 30, 40 or 50 (GameConfig level maximums), which every language treats alike, so this needs no other plural form. Languages without a translation use English.",Add and review the translation for this language.
missing_translation,Localizable,levelIntro.cardsBullet.spider %lld,az,Azerbaijani,azərbaycan,You can collect up to **%lld spiders** in this level.,Je kunt in dit level maximaal **%lld spinnen** verzamelen.,,new_since_2026-08-22,no,no,,,"The count is always 20, 30, 40 or 50 (GameConfig level maximums), which every language treats alike, so this needs no other plural form. Languages without a translation use English.",Add and review the translation for this language.
missing_translation,Localizable,levelIntro.cardsBullet.spider %lld,be,Belarusian,беларуская,You can collect up to **%lld spiders** in this level.,Je kunt in dit level maximaal **%lld spinnen** verzamelen.,,new_since_2026-08-22,no,no,,,"The count is always 20, 30, 40 or 50 (GameConfig level maximums), which every language treats alike, so this needs no other plural form. Languages without a translation use English.",Add and review the translation for this language.
missing_translation,Localizable,levelIntro.cardsBullet.spider %lld,bg,Bulgarian,български,You can collect up to **%lld spiders** in this level.,Je kunt in dit level maximaal **%lld spinnen** verzamelen.,,new_since_2026-08-22,no,no,,,"The count is always 20, 30, 40 or 50 (GameConfig level maximums), which every language treats alike, so this needs no other plural form. Languages without a translation use English.",Add and review the translation for this language.
missing_translation,Localizable,levelIntro.cardsBullet.spider %lld,bn,Bangla,বাংলা,You can collect up to **%lld spiders** in this level.,Je kunt in dit level maximaal **%lld spinnen** verzamelen.,,new_since_2026-08-22,no,no,,,"The count is always 20, 30, 40 or 50 (GameConfig level maximums), which every language treats alike, so this needs no other plural form. Languages without a translation use English.",Add and review the translation for this language.
missing_translation,Localizable,levelIntro.cardsBullet.spider %lld,bo,Tibetan,བོད་སྐད་,You can collect up to **%lld spiders** in this level.,Je kunt in dit level maximaal **%lld spinnen** verzamelen.,,new_since_2026-08-22,no,no,,,"The count is always 20, 30, 40 or 50 (GameConfig level maximums), which every language treats alike, so this needs no other plural form. Languages without a translation use English.",Add and review the translation for this language.
missing_translation,Localizable,levelIntro.cardsBullet.spider %lld,bs,Bosnian,bosanski,You can collect up to **%lld spiders** in this level.,Je kunt in dit level maximaal **%lld spinnen** verzamelen.,,new_since_2026-08-22,no,no,,,"The count is always 20, 30, 40 or 50 (GameConfig level maximums), which every language treats alike, so this needs no other plural form. Languages without a translation use English.",Add and review the translation for this language.
missing_translation,Localizable,levelIntro.cardsBullet.spider %lld,ca,Catalan,català,You can collect up to **%lld spiders** in this level.,Je kunt in dit level maximaal **%lld spinnen** verzamelen.,,new_since_2026-08-22,no,no,,,"The count is always 20, 30, 40 or 50 (GameConfig level maximums), which every language treats alike, so this needs no other plural form. Languages without a translation use English.",Add and review the translation for this language.
missing_translation,Localizable,levelIntro.cardsBullet.spider %lld,cs,Czech,čeština,You can collect up to **%lld spiders** in this level.,Je kunt in dit level maximaal **%lld spinnen** verzamelen.,,new_since_2026-08-22,no,no,,,"The count is always 20, 30, 40 or 50 (GameConfig level maximums), which every language treats alike, so this needs no other plural form. Languages without a translation use English.",Add and review the translation for this language.
missing_translation,Localizable,levelIntro.cardsBullet.spider %lld,cy,Welsh,Cymraeg,You can collect up to **%lld spiders** in this level.,Je kunt in dit level maximaal **%lld spinnen** verzamelen.,,new_since_2026-08-22,no,no,,,"The count is always 20, 30, 40 or 50 (GameConfig level maximums), which every language treats alike, so this needs no other plural form. Languages without a translation use English.",Add and review the translation for this language.
missing_translation,Localizable,levelIntro.cardsBullet.spider %lld,da,Danish,dansk,You can collect up to **%lld spiders** in this level.,Je kunt in dit level maximaal **%lld spinnen** verzamelen.,,new_since_2026-08-22,no,no,,,"The count is always 20, 30, 40 or 50 (GameConfig level maximums), which every language treats alike, so this needs no other plural form. Languages without a translation use English.",Add and review the translation for this language.
missing_translation,Localizable,levelIntro.cardsBullet.spider %lld,de,German,Deutsch,You can collect up to **%lld spiders** in this level.,Je kunt in dit level maximaal **%lld spinnen** verzamelen.,,new_since_2026-08-22,no,no,,,"The count is always 20, 30, 40 or 50 (GameConfig level maximums), which every language treats alike, so this needs no other plural form. Languages without a translation use English.",Add and review the translation for this language.
missing_translation,Localizable,levelIntro.cardsBullet.spider %lld,el,Greek,Ελληνικά,You can collect up to **%lld spiders** in this level.,Je kunt in dit level maximaal **%lld spinnen** verzamelen.,,new_since_2026-08-22,no,no,,,"The count is always 20, 30, 40 or 50 (GameConfig level maximums), which every language treats alike, so this needs no other plural form. Languages without a translation use English.",Add and review the translation for this language.
missing_translation,Localizable,levelIntro.cardsBullet.spider %lld,es,Spanish,español,You can collect up to **%lld spiders** in this level.,Je kunt in dit level maximaal **%lld spinnen** verzamelen.,,new_since_2026-08-22,no,no,,,"The count is always 20, 30, 40 or 50 (GameConfig level maximums), which every language treats alike, so this needs no other plural form. Languages without a translation use English.",Add and review the translation for this language.
missing_translation,Localizable,levelIntro.cardsBullet.spider %lld,et,Estonian,eesti,You can collect up to **%lld spiders** in this level.,Je kunt in dit level maximaal **%lld spinnen** verzamelen.,,new_since_2026-08-22,no,no,,,"The count is always 20, 30, 40 or 50 (GameConfig level maximums), which every language treats alike, so this needs no other plural form. Languages without a translation use English.",Add and review the translation for this language.
missing_translation,Localizable,levelIntro.cardsBullet.spider %lld,eu,Basque,euskara,You can collect up to **%lld spiders** in this level.,Je kunt in dit level maximaal **%lld spinnen** verzamelen.,,new_since_2026-08-22,no,no,,,"The count is always 20, 30, 40 or 50 (GameConfig level maximums), which every language treats alike, so this needs no other plural form. Languages without a translation use English.",Add and review the translation for this language.
missing_translation,Localizable,levelIntro.cardsBullet.spider %lld,fa,Persian,فارسی,You can collect up to **%lld spiders** in this level.,Je kunt in dit level maximaal **%lld spinnen** verzamelen.,,new_since_2026-08-22,no,no,,,"The count is always 20, 30, 40 or 50 (GameConfig level maximums), which every language treats alike, so this needs no other plural form. Languages without a translation use English.",Add and review the translation for this language.
missing_translation,Localizable,levelIntro.cardsBullet.spider %lld,fi,Finnish,suomi,You can collect up to **%lld spiders** in this level.,Je kunt in dit level maximaal **%lld spinnen** verzamelen.,,new_since_2026-08-22,no,no,,,"The count is always 20, 30, 40 or 50 (GameConfig level maximums), which every language treats alike, so this needs no other plural form. Languages without a translation use English.",Add and review the translation for this language.
missing_translation,Localizable,levelIntro.cardsBullet.spider %lld,fo,Faroese,føroyskt,You can collect up to **%lld spiders** in this level.,Je kunt in dit level maximaal **%lld spinnen** verzamelen.,,new_since_2026-08-22,no,no,,,"The count is always 20, 30, 40 or 50 (GameConfig level maximums), which every language treats alike, so this needs no other plural form. Languages without a translation use English.",Add and review the translation for this language.
missing_translation,Localizable,levelIntro.cardsBullet.spider %lld,fr,French,français,You can collect up to **%lld spiders** in this level.,Je kunt in dit level maximaal **%lld spinnen** verzamelen.,,new_since_2026-08-22,no,no,,,"The count is always 20, 30, 40 or 50 (GameConfig level maximums), which every language treats alike, so this needs no other plural form. Languages without a translation use English.",Add and review the translation for this language.
missing_translation,Localizable,levelIntro.cardsBullet.spider %lld,ga,Irish,Gaeilge,You can collect up to **%lld spiders** in this level.,Je kunt in dit level maximaal **%lld spinnen** verzamelen.,,new_since_2026-08-22,no,no,,,"The count is always 20, 30, 40 or 50 (GameConfig level maximums), which every language treats alike, so this needs no other plural form. Languages without a translation use English.",Add and review the translation for this language.
missing_translation,Localizable,levelIntro.cardsBullet.spider %lld,gl,Galician,galego,You can collect up to **%lld spiders** in this level.,Je kunt in dit level maximaal **%lld spinnen** verzamelen.,,new_since_2026-08-22,no,no,,,"The count is always 20, 30, 40 or 50 (GameConfig level maximums), which every language treats alike, so this needs no other plural form. Languages without a translation use English.",Add and review the translation for this language.
missing_translation,Localizable,levelIntro.cardsBullet.spider %lld,gu,Gujarati,ગુજરાતી,You can collect up to **%lld spiders** in this level.,Je kunt in dit level maximaal **%lld spinnen** verzamelen.,,new_since_2026-08-22,no,no,,,"The count is always 20, 30, 40 or 50 (GameConfig level maximums), which every language treats alike, so this needs no other plural form. Languages without a translation use English.",Add and review the translation for this language.
missing_translation,Localizable,levelIntro.cardsBullet.spider %lld,he,Hebrew,עברית,You can collect up to **%lld spiders** in this level.,Je kunt in dit level maximaal **%lld spinnen** verzamelen.,,new_since_2026-08-22,no,no,,,"The count is always 20, 30, 40 or 50 (GameConfig level maximums), which every language treats alike, so this needs no other plural form. Languages without a translation use English.",Add and review the translation for this language.
missing_translation,Localizable,levelIntro.cardsBullet.spider %lld,hi,Hindi,हिन्दी,You can collect up to **%lld spiders** in this level.,Je kunt in dit level maximaal **%lld spinnen** verzamelen.,,new_since_2026-08-22,no,no,,,"The count is always 20, 30, 40 or 50 (GameConfig level maximums), which every language treats alike, so this needs no other plural form. Languages without a translation use English.",Add and review the translation for this language.
missing_translation,Localizable,levelIntro.cardsBullet.spider %lld,hr,Croatian,hrvatski,You can collect up to **%lld spiders** in this level.,Je kunt in dit level maximaal **%lld spinnen** verzamelen.,,new_since_2026-08-22,no,no,,,"The count is always 20, 30, 40 or 50 (GameConfig level maximums), which every language treats alike, so this needs no other plural form. Languages without a translation use English.",Add and review the translation for this language.
missing_translation,Localizable,levelIntro.cardsBullet.spider %lld,hu,Hungarian,magyar,You can collect up to **%lld spiders** in this level.,Je kunt in dit level maximaal **%lld spinnen** verzamelen.,,new_since_2026-08-22,no,no,,,"The count is always 20, 30, 40 or 50 (GameConfig level maximums), which every language treats alike, so this needs no other plural form. Languages without a translation use English.",Add and review the translation for this language.
missing_translation,Localizable,levelIntro.cardsBullet.spider %lld,hy,Armenian,հայերեն,You can collect up to **%lld spiders** in this level.,Je kunt in dit level maximaal **%lld spinnen** verzamelen.,,new_since_2026-08-22,no,no,,,"The count is always 20, 30, 40 or 50 (GameConfig level maximums), which every language treats alike, so this needs no other plural form. Languages without a translation use English.",Add and review the translation for this language.
missing_translation,Localizable,levelIntro.cardsBullet.spider %lld,id,Indonesian,Indonesia,You can collect up to **%lld spiders** in this level.,Je kunt in dit level maximaal **%lld spinnen** verzamelen.,,new_since_2026-08-22,no,no,,,"The count is always 20, 30, 40 or 50 (GameConfig level maximums), which every language treats alike, so this needs no other plural form. Languages without a translation use English.",Add and review the translation for this language.
missing_translation,Localizable,levelIntro.cardsBullet.spider %lld,is,Icelandic,íslenska,You can collect up to **%lld spiders** in this level.,Je kunt in dit level maximaal **%lld spinnen** verzamelen.,,new_since_2026-08-22,no,no,,,"The count is always 20, 30, 40 or 50 (GameConfig level maximums), which every language treats alike, so this needs no other plural form. Languages without a translation use English.",Add and review the translation for this language.
missing_translation,Localizable,levelIntro.cardsBullet.spider %lld,it,Italian,italiano,You can collect up to **%lld spiders** in this level.,Je kunt in dit level maximaal **%lld spinnen** verzamelen.,,new_since_2026-08-22,no,no,,,"The count is always 20, 30, 40 or 50 (GameConfig level maximums), which every language treats alike, so this needs no other plural form. Languages without a translation use English.",Add and review the translation for this language.
missing_translation,Localizable,levelIntro.cardsBullet.spider %lld,ja,Japanese,日本語,You can collect up to **%lld spiders** in this level.,Je kunt in dit level maximaal **%lld spinnen** verzamelen.,,new_since_2026-08-22,no,no,,,"The count is always 20, 30, 40 or 50 (GameConfig level maximums), which every language treats alike, so this needs no other plural form. Languages without a translation use English.",Add and review the translation for this language.
missing_translation,Localizable,levelIntro.cardsBullet.spider %lld,ka,Georgian,ქართული,You can collect up to **%lld spiders** in this level.,Je kunt in dit level maximaal **%lld spinnen** verzamelen.,,new_since_2026-08-22,no,no,,,"The count is always 20, 30, 40 or 50 (GameConfig level maximums), which every language treats alike, so this needs no other plural form. Languages without a translation use English.",Add and review the translation for this language.
missing_translation,Localizable,levelIntro.cardsBullet.spider %lld,kk,Kazakh,қазақ тілі,You can collect up to **%lld spiders** in this level.,Je kunt in dit level maximaal **%lld spinnen** verzamelen.,,new_since_2026-08-22,no,no,,,"The count is always 20, 30, 40 or 50 (GameConfig level maximums), which every language treats alike, so this needs no other plural form. Languages without a translation use English.",Add and review the translation for this language.
missing_translation,Localizable,levelIntro.cardsBullet.spider %lld,km,Khmer,ខ្មែរ,You can collect up to **%lld spiders** in this level.,Je kunt in dit level maximaal **%lld spinnen** verzamelen.,,new_since_2026-08-22,no,no,,,"The count is always 20, 30, 40 or 50 (GameConfig level maximums), which every language treats alike, so this needs no other plural form. Languages without a translation use English.",Add and review the translation for this language.
missing_translation,Localizable,levelIntro.cardsBullet.spider %lld,kn,Kannada,ಕನ್ನಡ,You can collect up to **%lld spiders** in this level.,Je kunt in dit level maximaal **%lld spinnen** verzamelen.,,new_since_2026-08-22,no,no,,,"The count is always 20, 30, 40 or 50 (GameConfig level maximums), which every language treats alike, so this needs no other plural form. Languages without a translation use English.",Add and review the translation for this language.
missing_translation,Localizable,levelIntro.cardsBullet.spider %lld,ko,Korean,한국어,You can collect up to **%lld spiders** in this level.,Je kunt in dit level maximaal **%lld spinnen** verzamelen.,,new_since_2026-08-22,no,no,,,"The count is always 20, 30, 40 or 50 (GameConfig level maximums), which every language treats alike, so this needs no other plural form. Languages without a translation use English.",Add and review the translation for this language.
missing_translation,Localizable,levelIntro.cardsBullet.spider %lld,lo,Lao,ລາວ,You can collect up to **%lld spiders** in this level.,Je kunt in dit level maximaal **%lld spinnen** verzamelen.,,new_since_2026-08-22,no,no,,,"The count is always 20, 30, 40 or 50 (GameConfig level maximums), which every language treats alike, so this needs no other plural form. Languages without a translation use English.",Add and review the translation for this language.
missing_translation,Localizable,levelIntro.cardsBullet.spider %lld,lt,Lithuanian,lietuvių,You can collect up to **%lld spiders** in this level.,Je kunt in dit level maximaal **%lld spinnen** verzamelen.,,new_since_2026-08-22,no,no,,,"The count is always 20, 30, 40 or 50 (GameConfig level maximums), which every language treats alike, so this needs no other plural form. Languages without a translation use English.",Add and review the translation for this language.
missing_translation,Localizable,levelIntro.cardsBullet.spider %lld,lv,Latvian,latviešu,You can collect up to **%lld spiders** in this level.,Je kunt in dit level maximaal **%lld spinnen** verzamelen.,,new_since_2026-08-22,no,no,,,"The count is always 20, 30, 40 or 50 (GameConfig level maximums), which every language treats alike, so this needs no other plural form. Languages without a translation use English.",Add and review the translation for this language.
missing_translation,Localizable,levelIntro.cardsBullet.spider %lld,mk,Macedonian,македонски,You can collect up to **%lld spiders** in this level.,Je kunt in dit level maximaal **%lld spinnen** verzamelen.,,new_since_2026-08-22,no,no,,,"The count is always 20, 30, 40 or 50 (GameConfig level maximums), which every language treats alike, so this needs no other plural form. Languages without a translation use English.",Add and review the translation for this language.
missing_translation,Localizable,levelIntro.cardsBullet.spider %lld,ml,Malayalam,മലയാളം,You can collect up to **%lld spiders** in this level.,Je kunt in dit level maximaal **%lld spinnen** verzamelen.,,new_since_2026-08-22,no,no,,,"The count is always 20, 30, 40 or 50 (GameConfig level maximums), which every language treats alike, so this needs no other plural form. Languages without a translation use English.",Add and review the translation for this language.
missing_translation,Localizable,levelIntro.cardsBullet.spider %lld,mn,Mongolian,монгол,You can collect up to **%lld spiders** in this level.,Je kunt in dit level maximaal **%lld spinnen** verzamelen.,,new_since_2026-08-22,no,no,,,"The count is always 20, 30, 40 or 50 (GameConfig level maximums), which every language treats alike, so this needs no other plural form. Languages without a translation use English.",Add and review the translation for this language.
missing_translation,Localizable,levelIntro.cardsBullet.spider %lld,mr,Marathi,मराठी,You can collect up to **%lld spiders** in this level.,Je kunt in dit level maximaal **%lld spinnen** verzamelen.,,new_since_2026-08-22,no,no,,,"The count is always 20, 30, 40 or 50 (GameConfig level maximums), which every language treats alike, so this needs no other plural form. Languages without a translation use English.",Add and review the translation for this language.
missing_translation,Localizable,levelIntro.cardsBullet.spider %lld,ms,Malay,Melayu,You can collect up to **%lld spiders** in this level.,Je kunt in dit level maximaal **%lld spinnen** verzamelen.,,new_since_2026-08-22,no,no,,,"The count is always 20, 30, 40 or 50 (GameConfig level maximums), which every language treats alike, so this needs no other plural form. Languages without a translation use English.",Add and review the translation for this language.
missing_translation,Localizable,levelIntro.cardsBullet.spider %lld,my,Burmese,မြန်မာ,You can collect up to **%lld spiders** in this level.,Je kunt in dit level maximaal **%lld spinnen** verzamelen.,,new_since_2026-08-22,no,no,,,"The count is always 20, 30, 40 or 50 (GameConfig level maximums), which every language treats alike, so this needs no other plural form. Languages without a translation use English.",Add and review the translation for this language.
missing_translation,Localizable,levelIntro.cardsBullet.spider %lld,nb,Norwegian Bokmål,norsk bokmål,You can collect up to **%lld spiders** in this level.,Je kunt in dit level maximaal **%lld spinnen** verzamelen.,,new_since_2026-08-22,no,no,,,"The count is always 20, 30, 40 or 50 (GameConfig level maximums), which every language treats alike, so this needs no other plural form. Languages without a translation use English.",Add and review the translation for this language.
missing_translation,Localizable,levelIntro.cardsBullet.spider %lld,ne,Nepali,नेपाली,You can collect up to **%lld spiders** in this level.,Je kunt in dit level maximaal **%lld spinnen** verzamelen.,,new_since_2026-08-22,no,no,,,"The count is always 20, 30, 40 or 50 (GameConfig level maximums), which every language treats alike, so this needs no other plural form. Languages without a translation use English.",Add and review the translation for this language.
missing_translation,Localizable,levelIntro.cardsBullet.spider %lld,or,Odia,ଓଡ଼ିଆ,You can collect up to **%lld spiders** in this level.,Je kunt in dit level maximaal **%lld spinnen** verzamelen.,,new_since_2026-08-22,no,no,,,"The count is always 20, 30, 40 or 50 (GameConfig level maximums), which every language treats alike, so this needs no other plural form. Languages without a translation use English.",Add and review the translation for this language.
missing_translation,Localizable,levelIntro.cardsBullet.spider %lld,pa,Punjabi,ਪੰਜਾਬੀ,You can collect up to **%lld spiders** in this level.,Je kunt in dit level maximaal **%lld spinnen** verzamelen.,,new_since_2026-08-22,no,no,,,"The count is always 20, 30, 40 or 50 (GameConfig level maximums), which every language treats alike, so this needs no other plural form. Languages without a translation use English.",Add and review the translation for this language.
missing_translation,Localizable,levelIntro.cardsBullet.spider %lld,pl,Polish,polski,You can collect up to **%lld spiders** in this level.,Je kunt in dit level maximaal **%lld spinnen** verzamelen.,,new_since_2026-08-22,no,no,,,"The count is always 20, 30, 40 or 50 (GameConfig level maximums), which every language treats alike, so this needs no other plural form. Languages without a translation use English.",Add and review the translation for this language.
missing_translation,Localizable,levelIntro.cardsBullet.spider %lld,pt,Portuguese,português,You can collect up to **%lld spiders** in this level.,Je kunt in dit level maximaal **%lld spinnen** verzamelen.,,new_since_2026-08-22,no,no,,,"The count is always 20, 30, 40 or 50 (GameConfig level maximums), which every language treats alike, so this needs no other plural form. Languages without a translation use English.",Add and review the translation for this language.
missing_translation,Localizable,levelIntro.cardsBullet.spider %lld,ro,Romanian,română,You can collect up to **%lld spiders** in this level.,Je kunt in dit level maximaal **%lld spinnen** verzamelen.,,new_since_2026-08-22,no,no,,,"The count is always 20, 30, 40 or 50 (GameConfig level maximums), which every language treats alike, so this needs no other plural form. Languages without a translation use English.",Add and review the translation for this language.
missing_translation,Localizable,levelIntro.cardsBullet.spider %lld,ru,Russian,русский,You can collect up to **%lld spiders** in this level.,Je kunt in dit level maximaal **%lld spinnen** verzamelen.,,new_since_2026-08-22,no,no,,,"The count is always 20, 30, 40 or 50 (GameConfig level maximums), which every language treats alike, so this needs no other plural form. Languages without a translation use English.",Add and review the translation for this language.
missing_translation,Localizable,levelIntro.cardsBullet.spider %lld,si,Sinhala,සිංහල,You can collect up to **%lld spiders** in this level.,Je kunt in dit level maximaal **%lld spinnen** verzamelen.,,new_since_2026-08-22,no,no,,,"The count is always 20, 30, 40 or 50 (GameConfig level maximums), which every language treats alike, so this needs no other plural form. Languages without a translation use English.",Add and review the translation for this language.
missing_translation,Localizable,levelIntro.cardsBullet.spider %lld,sk,Slovak,slovenčina,You can collect up to **%lld spiders** in this level.,Je kunt in dit level maximaal **%lld spinnen** verzamelen.,,new_since_2026-08-22,no,no,,,"The count is always 20, 30, 40 or 50 (GameConfig level maximums), which every language treats alike, so this needs no other plural form. Languages without a translation use English.",Add and review the translation for this language.
missing_translation,Localizable,levelIntro.cardsBullet.spider %lld,sl,Slovenian,slovenščina,You can collect up to **%lld spiders** in this level.,Je kunt in dit level maximaal **%lld spinnen** verzamelen.,,new_since_2026-08-22,no,no,,,"The count is always 20, 30, 40 or 50 (GameConfig level maximums), which every language treats alike, so this needs no other plural form. Languages without a translation use English.",Add and review the translation for this language.
missing_translation,Localizable,levelIntro.cardsBullet.spider %lld,sq,Albanian,shqip,You can collect up to **%lld spiders** in this level.,Je kunt in dit level maximaal **%lld spinnen** verzamelen.,,new_since_2026-08-22,no,no,,,"The count is always 20, 30, 40 or 50 (GameConfig level maximums), which every language treats alike, so this needs no other plural form. Languages without a translation use English.",Add and review the translation for this language.
missing_translation,Localizable,levelIntro.cardsBullet.spider %lld,sr,Serbian,српски,You can collect up to **%lld spiders** in this level.,Je kunt in dit level maximaal **%lld spinnen** verzamelen.,,new_since_2026-08-22,no,no,,,"The count is always 20, 30, 40 or 50 (GameConfig level maximums), which every language treats alike, so this needs no other plural form. Languages without a translation use English.",Add and review the translation for this language.
missing_translation,Localizable,levelIntro.cardsBullet.spider %lld,sv,Swedish,svenska,You can collect up to **%lld spiders** in this level.,Je kunt in dit level maximaal **%lld spinnen** verzamelen.,,new_since_2026-08-22,no,no,,,"The count is always 20, 30, 40 or 50 (GameConfig level maximums), which every language treats alike, so this needs no other plural form. Languages without a translation use English.",Add and review the translation for this language.
missing_translation,Localizable,levelIntro.cardsBullet.spider %lld,sw,Swahili,Kiswahili,You can collect up to **%lld spiders** in this level.,Je kunt in dit level maximaal **%lld spinnen** verzamelen.,,new_since_2026-08-22,no,no,,,"The count is always 20, 30, 40 or 50 (GameConfig level maximums), which every language treats alike, so this needs no other plural form. Languages without a translation use English.",Add and review the translation for this language.
missing_translation,Localizable,levelIntro.cardsBullet.spider %lld,ta,Tamil,தமிழ்,You can collect up to **%lld spiders** in this level.,Je kunt in dit level maximaal **%lld spinnen** verzamelen.,,new_since_2026-08-22,no,no,,,"The count is always 20, 30, 40 or 50 (GameConfig level maximums), which every language treats alike, so this needs no other plural form. Languages without a translation use English.",Add and review the translation for this language.
missing_translation,Localizable,levelIntro.cardsBullet.spider %lld,te,Telugu,తెలుగు,You can collect up to **%lld spiders** in this level.,Je kunt in dit level maximaal **%lld spinnen** verzamelen.,,new_since_2026-08-22,no,no,,,"The count is always 20, 30, 40 or 50 (GameConfig level maximums), which every language treats alike, so this needs no other plural form. Languages without a translation use English.",Add and review the translation for this language.
missing_translation,Localizable,levelIntro.cardsBullet.spider %lld,th,Thai,ไทย,You can collect up to **%lld spiders** in this level.,Je kunt in dit level maximaal **%lld spinnen** verzamelen.,,new_since_2026-08-22,no,no,,,"The count is always 20, 30, 40 or 50 (GameConfig level maximums), which every language treats alike, so this needs no other plural form. Languages without a translation use English.",Add and review the translation for this language.
missing_translation,Localizable,levelIntro.cardsBullet.spider %lld,tr,Turkish,Türkçe,You can collect up to **%lld spiders** in this level.,Je kunt in dit level maximaal **%lld spinnen** verzamelen.,,new_since_2026-08-22,no,no,,,"The count is always 20, 30, 40 or 50 (GameConfig level maximums), which every language treats alike, so this needs no other plural form. Languages without a translation use English.",Add and review the translation for this language.
missing_translation,Localizable,levelIntro.cardsBullet.spider %lld,ug,Uyghur,ئۇيغۇرچە,You can collect up to **%lld spiders** in this level.,Je kunt in dit level maximaal **%lld spinnen** verzamelen.,,new_since_2026-08-22,no,no,,,"The count is always 20, 30, 40 or 50 (GameConfig level maximums), which every language treats alike, so this needs no other plural form. Languages without a translation use English.",Add and review the translation for this language.
missing_translation,Localizable,levelIntro.cardsBullet.spider %lld,uk,Ukrainian,українська,You can collect up to **%lld spiders** in this level.,Je kunt in dit level maximaal **%lld spinnen** verzamelen.,,new_since_2026-08-22,no,no,,,"The count is always 20, 30, 40 or 50 (GameConfig level maximums), which every language treats alike, so this needs no other plural form. Languages without a translation use English.",Add and review the translation for this language.
missing_translation,Localizable,levelIntro.cardsBullet.spider %lld,ur,Urdu,اردو,You can collect up to **%lld spiders** in this level.,Je kunt in dit level maximaal **%lld spinnen** verzamelen.,,new_since_2026-08-22,no,no,,,"The count is always 20, 30, 40 or 50 (GameConfig level maximums), which every language treats alike, so this needs no other plural form. Languages without a translation use English.",Add and review the translation for this language.
missing_translation,Localizable,levelIntro.cardsBullet.spider %lld,uz,Uzbek,o‘zbek,You can collect up to **%lld spiders** in this level.,Je kunt in dit level maximaal **%lld spinnen** verzamelen.,,new_since_2026-08-22,no,no,,,"The count is always 20, 30, 40 or 50 (GameConfig level maximums), which every language treats alike, so this needs no other plural form. Languages without a translation use English.",Add and review the translation for this language.
missing_translation,Localizable,levelIntro.cardsBullet.spider %lld,vi,Vietnamese,Tiếng Việt,You can collect up to **%lld spiders** in this level.,Je kunt in dit level maximaal **%lld spinnen** verzamelen.,,new_since_2026-08-22,no,no,,,"The count is always 20, 30, 40 or 50 (GameConfig level maximums), which every language treats alike, so this needs no other plural form. Languages without a translation use English.",Add and review the translation for this language.
missing_translation,Localizable,levelIntro.cardsBullet.spider %lld,zh,Chinese,中文,You can collect up to **%lld spiders** in this level.,Je kunt in dit level maximaal **%lld spinnen** verzamelen.,,new_since_2026-08-22,no,no,,,"The count is always 20, 30, 40 or 50 (GameConfig level maximums), which every language treats alike, so this needs no other plural form. Languages without a translation use English.",Add and review the translation for this language.
missing_translation,Localizable,levelIntro.cardsBullet.spider %lld,zu,Zulu,isiZulu,You can collect up to **%lld spiders** in this level.,Je kunt in dit level maximaal **%lld spinnen** verzamelen.,,new_since_2026-08-22,no,no,,,"The count is always 20, 30, 40 or 50 (GameConfig level maximums), which every language treats alike, so this needs no other plural form. Languages without a translation use English.",Add and review the translation for this language.
missing_translation,Localizable,levelIntro.cardsBullet.worm %lld,af,Afrikaans,Afrikaans,You can collect up to **%lld worms** in this level.,Je kunt in dit level maximaal **%lld wormen** verzamelen.,,new_since_2026-08-22,no,no,,,"The count is always 20, 30, 40 or 50 (GameConfig level maximums), which every language treats alike, so this needs no other plural form. Languages without a translation use English.",Add and review the translation for this language.
missing_translation,Localizable,levelIntro.cardsBullet.worm %lld,am,Amharic,አማርኛ,You can collect up to **%lld worms** in this level.,Je kunt in dit level maximaal **%lld wormen** verzamelen.,,new_since_2026-08-22,no,no,,,"The count is always 20, 30, 40 or 50 (GameConfig level maximums), which every language treats alike, so this needs no other plural form. Languages without a translation use English.",Add and review the translation for this language.
missing_translation,Localizable,levelIntro.cardsBullet.worm %lld,ar,Arabic,العربية,You can collect up to **%lld worms** in this level.,Je kunt in dit level maximaal **%lld wormen** verzamelen.,,new_since_2026-08-22,no,no,,,"The count is always 20, 30, 40 or 50 (GameConfig level maximums), which every language treats alike, so this needs no other plural form. Languages without a translation use English.",Add and review the translation for this language.
missing_translation,Localizable,levelIntro.cardsBullet.worm %lld,as,Assamese,অসমীয়া,You can collect up to **%lld worms** in this level.,Je kunt in dit level maximaal **%lld wormen** verzamelen.,,new_since_2026-08-22,no,no,,,"The count is always 20, 30, 40 or 50 (GameConfig level maximums), which every language treats alike, so this needs no other plural form. Languages without a translation use English.",Add and review the translation for this language.
missing_translation,Localizable,levelIntro.cardsBullet.worm %lld,az,Azerbaijani,azərbaycan,You can collect up to **%lld worms** in this level.,Je kunt in dit level maximaal **%lld wormen** verzamelen.,,new_since_2026-08-22,no,no,,,"The count is always 20, 30, 40 or 50 (GameConfig level maximums), which every language treats alike, so this needs no other plural form. Languages without a translation use English.",Add and review the translation for this language.
missing_translation,Localizable,levelIntro.cardsBullet.worm %lld,be,Belarusian,беларуская,You can collect up to **%lld worms** in this level.,Je kunt in dit level maximaal **%lld wormen** verzamelen.,,new_since_2026-08-22,no,no,,,"The count is always 20, 30, 40 or 50 (GameConfig level maximums), which every language treats alike, so this needs no other plural form. Languages without a translation use English.",Add and review the translation for this language.
missing_translation,Localizable,levelIntro.cardsBullet.worm %lld,bg,Bulgarian,български,You can collect up to **%lld worms** in this level.,Je kunt in dit level maximaal **%lld wormen** verzamelen.,,new_since_2026-08-22,no,no,,,"The count is always 20, 30, 40 or 50 (GameConfig level maximums), which every language treats alike, so this needs no other plural form. Languages without a translation use English.",Add and review the translation for this language.
missing_translation,Localizable,levelIntro.cardsBullet.worm %lld,bn,Bangla,বাংলা,You can collect up to **%lld worms** in this level.,Je kunt in dit level maximaal **%lld wormen** verzamelen.,,new_since_2026-08-22,no,no,,,"The count is always 20, 30, 40 or 50 (GameConfig level maximums), which every language treats alike, so this needs no other plural form. Languages without a translation use English.",Add and review the translation for this language.
missing_translation,Localizable,levelIntro.cardsBullet.worm %lld,bo,Tibetan,བོད་སྐད་,You can collect up to **%lld worms** in this level.,Je kunt in dit level maximaal **%lld wormen** verzamelen.,,new_since_2026-08-22,no,no,,,"The count is always 20, 30, 40 or 50 (GameConfig level maximums), which every language treats alike, so this needs no other plural form. Languages without a translation use English.",Add and review the translation for this language.
missing_translation,Localizable,levelIntro.cardsBullet.worm %lld,bs,Bosnian,bosanski,You can collect up to **%lld worms** in this level.,Je kunt in dit level maximaal **%lld wormen** verzamelen.,,new_since_2026-08-22,no,no,,,"The count is always 20, 30, 40 or 50 (GameConfig level maximums), which every language treats alike, so this needs no other plural form. Languages without a translation use English.",Add and review the translation for this language.
missing_translation,Localizable,levelIntro.cardsBullet.worm %lld,ca,Catalan,català,You can collect up to **%lld worms** in this level.,Je kunt in dit level maximaal **%lld wormen** verzamelen.,,new_since_2026-08-22,no,no,,,"The count is always 20, 30, 40 or 50 (GameConfig level maximums), which every language treats alike, so this needs no other plural form. Languages without a translation use English.",Add and review the translation for this language.
missing_translation,Localizable,levelIntro.cardsBullet.worm %lld,cs,Czech,čeština,You can collect up to **%lld worms** in this level.,Je kunt in dit level maximaal **%lld wormen** verzamelen.,,new_since_2026-08-22,no,no,,,"The count is always 20, 30, 40 or 50 (GameConfig level maximums), which every language treats alike, so this needs no other plural form. Languages without a translation use English.",Add and review the translation for this language.
missing_translation,Localizable,levelIntro.cardsBullet.worm %lld,cy,Welsh,Cymraeg,You can collect up to **%lld worms** in this level.,Je kunt in dit level maximaal **%lld wormen** verzamelen.,,new_since_2026-08-22,no,no,,,"The count is always 20, 30, 40 or 50 (GameConfig level maximums), which every language treats alike, so this needs no other plural form. Languages without a translation use English.",Add and review the translation for this language.
missing_translation,Localizable,levelIntro.cardsBullet.worm %lld,da,Danish,dansk,You can collect up to **%lld worms** in this level.,Je kunt in dit level maximaal **%lld wormen** verzamelen.,,new_since_2026-08-22,no,no,,,"The count is always 20, 30, 40 or 50 (GameConfig level maximums), which every language treats alike, so this needs no other plural form. Languages without a translation use English.",Add and review the translation for this language.
missing_translation,Localizable,levelIntro.cardsBullet.worm %lld,de,German,Deutsch,You can collect up to **%lld worms** in this level.,Je kunt in dit level maximaal **%lld wormen** verzamelen.,,new_since_2026-08-22,no,no,,,"The count is always 20, 30, 40 or 50 (GameConfig level maximums), which every language treats alike, so this needs no other plural form. Languages without a translation use English.",Add and review the translation for this language.
missing_translation,Localizable,levelIntro.cardsBullet.worm %lld,el,Greek,Ελληνικά,You can collect up to **%lld worms** in this level.,Je kunt in dit level maximaal **%lld wormen** verzamelen.,,new_since_2026-08-22,no,no,,,"The count is always 20, 30, 40 or 50 (GameConfig level maximums), which every language treats alike, so this needs no other plural form. Languages without a translation use English.",Add and review the translation for this language.
missing_translation,Localizable,levelIntro.cardsBullet.worm %lld,es,Spanish,español,You can collect up to **%lld worms** in this level.,Je kunt in dit level maximaal **%lld wormen** verzamelen.,,new_since_2026-08-22,no,no,,,"The count is always 20, 30, 40 or 50 (GameConfig level maximums), which every language treats alike, so this needs no other plural form. Languages without a translation use English.",Add and review the translation for this language.
missing_translation,Localizable,levelIntro.cardsBullet.worm %lld,et,Estonian,eesti,You can collect up to **%lld worms** in this level.,Je kunt in dit level maximaal **%lld wormen** verzamelen.,,new_since_2026-08-22,no,no,,,"The count is always 20, 30, 40 or 50 (GameConfig level maximums), which every language treats alike, so this needs no other plural form. Languages without a translation use English.",Add and review the translation for this language.
missing_translation,Localizable,levelIntro.cardsBullet.worm %lld,eu,Basque,euskara,You can collect up to **%lld worms** in this level.,Je kunt in dit level maximaal **%lld wormen** verzamelen.,,new_since_2026-08-22,no,no,,,"The count is always 20, 30, 40 or 50 (GameConfig level maximums), which every language treats alike, so this needs no other plural form. Languages without a translation use English.",Add and review the translation for this language.
missing_translation,Localizable,levelIntro.cardsBullet.worm %lld,fa,Persian,فارسی,You can collect up to **%lld worms** in this level.,Je kunt in dit level maximaal **%lld wormen** verzamelen.,,new_since_2026-08-22,no,no,,,"The count is always 20, 30, 40 or 50 (GameConfig level maximums), which every language treats alike, so this needs no other plural form. Languages without a translation use English.",Add and review the translation for this language.
missing_translation,Localizable,levelIntro.cardsBullet.worm %lld,fi,Finnish,suomi,You can collect up to **%lld worms** in this level.,Je kunt in dit level maximaal **%lld wormen** verzamelen.,,new_since_2026-08-22,no,no,,,"The count is always 20, 30, 40 or 50 (GameConfig level maximums), which every language treats alike, so this needs no other plural form. Languages without a translation use English.",Add and review the translation for this language.
missing_translation,Localizable,levelIntro.cardsBullet.worm %lld,fo,Faroese,føroyskt,You can collect up to **%lld worms** in this level.,Je kunt in dit level maximaal **%lld wormen** verzamelen.,,new_since_2026-08-22,no,no,,,"The count is always 20, 30, 40 or 50 (GameConfig level maximums), which every language treats alike, so this needs no other plural form. Languages without a translation use English.",Add and review the translation for this language.
missing_translation,Localizable,levelIntro.cardsBullet.worm %lld,fr,French,français,You can collect up to **%lld worms** in this level.,Je kunt in dit level maximaal **%lld wormen** verzamelen.,,new_since_2026-08-22,no,no,,,"The count is always 20, 30, 40 or 50 (GameConfig level maximums), which every language treats alike, so this needs no other plural form. Languages without a translation use English.",Add and review the translation for this language.
missing_translation,Localizable,levelIntro.cardsBullet.worm %lld,ga,Irish,Gaeilge,You can collect up to **%lld worms** in this level.,Je kunt in dit level maximaal **%lld wormen** verzamelen.,,new_since_2026-08-22,no,no,,,"The count is always 20, 30, 40 or 50 (GameConfig level maximums), which every language treats alike, so this needs no other plural form. Languages without a translation use English.",Add and review the translation for this language.
missing_translation,Localizable,levelIntro.cardsBullet.worm %lld,gl,Galician,galego,You can collect up to **%lld worms** in this level.,Je kunt in dit level maximaal **%lld wormen** verzamelen.,,new_since_2026-08-22,no,no,,,"The count is always 20, 30, 40 or 50 (GameConfig level maximums), which every language treats alike, so this needs no other plural form. Languages without a translation use English.",Add and review the translation for this language.
missing_translation,Localizable,levelIntro.cardsBullet.worm %lld,gu,Gujarati,ગુજરાતી,You can collect up to **%lld worms** in this level.,Je kunt in dit level maximaal **%lld wormen** verzamelen.,,new_since_2026-08-22,no,no,,,"The count is always 20, 30, 40 or 50 (GameConfig level maximums), which every language treats alike, so this needs no other plural form. Languages without a translation use English.",Add and review the translation for this language.
missing_translation,Localizable,levelIntro.cardsBullet.worm %lld,he,Hebrew,עברית,You can collect up to **%lld worms** in this level.,Je kunt in dit level maximaal **%lld wormen** verzamelen.,,new_since_2026-08-22,no,no,,,"The count is always 20, 30, 40 or 50 (GameConfig level maximums), which every language treats alike, so this needs no other plural form. Languages without a translation use English.",Add and review the translation for this language.
missing_translation,Localizable,levelIntro.cardsBullet.worm %lld,hi,Hindi,हिन्दी,You can collect up to **%lld worms** in this level.,Je kunt in dit level maximaal **%lld wormen** verzamelen.,,new_since_2026-08-22,no,no,,,"The count is always 20, 30, 40 or 50 (GameConfig level maximums), which every language treats alike, so this needs no other plural form. Languages without a translation use English.",Add and review the translation for this language.
missing_translation,Localizable,levelIntro.cardsBullet.worm %lld,hr,Croatian,hrvatski,You can collect up to **%lld worms** in this level.,Je kunt in dit level maximaal **%lld wormen** verzamelen.,,new_since_2026-08-22,no,no,,,"The count is always 20, 30, 40 or 50 (GameConfig level maximums), which every language treats alike, so this needs no other plural form. Languages without a translation use English.",Add and review the translation for this language.
missing_translation,Localizable,levelIntro.cardsBullet.worm %lld,hu,Hungarian,magyar,You can collect up to **%lld worms** in this level.,Je kunt in dit level maximaal **%lld wormen** verzamelen.,,new_since_2026-08-22,no,no,,,"The count is always 20, 30, 40 or 50 (GameConfig level maximums), which every language treats alike, so this needs no other plural form. Languages without a translation use English.",Add and review the translation for this language.
missing_translation,Localizable,levelIntro.cardsBullet.worm %lld,hy,Armenian,հայերեն,You can collect up to **%lld worms** in this level.,Je kunt in dit level maximaal **%lld wormen** verzamelen.,,new_since_2026-08-22,no,no,,,"The count is always 20, 30, 40 or 50 (GameConfig level maximums), which every language treats alike, so this needs no other plural form. Languages without a translation use English.",Add and review the translation for this language.
missing_translation,Localizable,levelIntro.cardsBullet.worm %lld,id,Indonesian,Indonesia,You can collect up to **%lld worms** in this level.,Je kunt in dit level maximaal **%lld wormen** verzamelen.,,new_since_2026-08-22,no,no,,,"The count is always 20, 30, 40 or 50 (GameConfig level maximums), which every language treats alike, so this needs no other plural form. Languages without a translation use English.",Add and review the translation for this language.
missing_translation,Localizable,levelIntro.cardsBullet.worm %lld,is,Icelandic,íslenska,You can collect up to **%lld worms** in this level.,Je kunt in dit level maximaal **%lld wormen** verzamelen.,,new_since_2026-08-22,no,no,,,"The count is always 20, 30, 40 or 50 (GameConfig level maximums), which every language treats alike, so this needs no other plural form. Languages without a translation use English.",Add and review the translation for this language.
missing_translation,Localizable,levelIntro.cardsBullet.worm %lld,it,Italian,italiano,You can collect up to **%lld worms** in this level.,Je kunt in dit level maximaal **%lld wormen** verzamelen.,,new_since_2026-08-22,no,no,,,"The count is always 20, 30, 40 or 50 (GameConfig level maximums), which every language treats alike, so this needs no other plural form. Languages without a translation use English.",Add and review the translation for this language.
missing_translation,Localizable,levelIntro.cardsBullet.worm %lld,ja,Japanese,日本語,You can collect up to **%lld worms** in this level.,Je kunt in dit level maximaal **%lld wormen** verzamelen.,,new_since_2026-08-22,no,no,,,"The count is always 20, 30, 40 or 50 (GameConfig level maximums), which every language treats alike, so this needs no other plural form. Languages without a translation use English.",Add and review the translation for this language.
missing_translation,Localizable,levelIntro.cardsBullet.worm %lld,ka,Georgian,ქართული,You can collect up to **%lld worms** in this level.,Je kunt in dit level maximaal **%lld wormen** verzamelen.,,new_since_2026-08-22,no,no,,,"The count is always 20, 30, 40 or 50 (GameConfig level maximums), which every language treats alike, so this needs no other plural form. Languages without a translation use English.",Add and review the translation for this language.
missing_translation,Localizable,levelIntro.cardsBullet.worm %lld,kk,Kazakh,қазақ тілі,You can collect up to **%lld worms** in this level.,Je kunt in dit level maximaal **%lld wormen** verzamelen.,,new_since_2026-08-22,no,no,,,"The count is always 20, 30, 40 or 50 (GameConfig level maximums), which every language treats alike, so this needs no other plural form. Languages without a translation use English.",Add and review the translation for this language.
missing_translation,Localizable,levelIntro.cardsBullet.worm %lld,km,Khmer,ខ្មែរ,You can collect up to **%lld worms** in this level.,Je kunt in dit level maximaal **%lld wormen** verzamelen.,,new_since_2026-08-22,no,no,,,"The count is always 20, 30, 40 or 50 (GameConfig level maximums), which every language treats alike, so this needs no other plural form. Languages without a translation use English.",Add and review the translation for this language.
missing_translation,Localizable,levelIntro.cardsBullet.worm %lld,kn,Kannada,ಕನ್ನಡ,You can collect up to **%lld worms** in this level.,Je kunt in dit level maximaal **%lld wormen** verzamelen.,,new_since_2026-08-22,no,no,,,"The count is always 20, 30, 40 or 50 (GameConfig level maximums), which every language treats alike, so this needs no other plural form. Languages without a translation use English.",Add and review the translation for this language.
missing_translation,Localizable,levelIntro.cardsBullet.worm %lld,ko,Korean,한국어,You can collect up to **%lld worms** in this level.,Je kunt in dit level maximaal **%lld wormen** verzamelen.,,new_since_2026-08-22,no,no,,,"The count is always 20, 30, 40 or 50 (GameConfig level maximums), which every language treats alike, so this needs no other plural form. Languages without a translation use English.",Add and review the translation for this language.
missing_translation,Localizable,levelIntro.cardsBullet.worm %lld,lo,Lao,ລາວ,You can collect up to **%lld worms** in this level.,Je kunt in dit level maximaal **%lld wormen** verzamelen.,,new_since_2026-08-22,no,no,,,"The count is always 20, 30, 40 or 50 (GameConfig level maximums), which every language treats alike, so this needs no other plural form. Languages without a translation use English.",Add and review the translation for this language.
missing_translation,Localizable,levelIntro.cardsBullet.worm %lld,lt,Lithuanian,lietuvių,You can collect up to **%lld worms** in this level.,Je kunt in dit level maximaal **%lld wormen** verzamelen.,,new_since_2026-08-22,no,no,,,"The count is always 20, 30, 40 or 50 (GameConfig level maximums), which every language treats alike, so this needs no other plural form. Languages without a translation use English.",Add and review the translation for this language.
missing_translation,Localizable,levelIntro.cardsBullet.worm %lld,lv,Latvian,latviešu,You can collect up to **%lld worms** in this level.,Je kunt in dit level maximaal **%lld wormen** verzamelen.,,new_since_2026-08-22,no,no,,,"The count is always 20, 30, 40 or 50 (GameConfig level maximums), which every language treats alike, so this needs no other plural form. Languages without a translation use English.",Add and review the translation for this language.
missing_translation,Localizable,levelIntro.cardsBullet.worm %lld,mk,Macedonian,македонски,You can collect up to **%lld worms** in this level.,Je kunt in dit level maximaal **%lld wormen** verzamelen.,,new_since_2026-08-22,no,no,,,"The count is always 20, 30, 40 or 50 (GameConfig level maximums), which every language treats alike, so this needs no other plural form. Languages without a translation use English.",Add and review the translation for this language.
missing_translation,Localizable,levelIntro.cardsBullet.worm %lld,ml,Malayalam,മലയാളം,You can collect up to **%lld worms** in this level.,Je kunt in dit level maximaal **%lld wormen** verzamelen.,,new_since_2026-08-22,no,no,,,"The count is always 20, 30, 40 or 50 (GameConfig level maximums), which every language treats alike, so this needs no other plural form. Languages without a translation use English.",Add and review the translation for this language.
missing_translation,Localizable,levelIntro.cardsBullet.worm %lld,mn,Mongolian,монгол,You can collect up to **%lld worms** in this level.,Je kunt in dit level maximaal **%lld wormen** verzamelen.,,new_since_2026-08-22,no,no,,,"The count is always 20, 30, 40 or 50 (GameConfig level maximums), which every language treats alike, so this needs no other plural form. Languages without a translation use English.",Add and review the translation for this language.
missing_translation,Localizable,levelIntro.cardsBullet.worm %lld,mr,Marathi,मराठी,You can collect up to **%lld worms** in this level.,Je kunt in dit level maximaal **%lld wormen** verzamelen.,,new_since_2026-08-22,no,no,,,"The count is always 20, 30, 40 or 50 (GameConfig level maximums), which every language treats alike, so this needs no other plural form. Languages without a translation use English.",Add and review the translation for this language.
missing_translation,Localizable,levelIntro.cardsBullet.worm %lld,ms,Malay,Melayu,You can collect up to **%lld worms** in this level.,Je kunt in dit level maximaal **%lld wormen** verzamelen.,,new_since_2026-08-22,no,no,,,"The count is always 20, 30, 40 or 50 (GameConfig level maximums), which every language treats alike, so this needs no other plural form. Languages without a translation use English.",Add and review the translation for this language.
missing_translation,Localizable,levelIntro.cardsBullet.worm %lld,my,Burmese,မြန်မာ,You can collect up to **%lld worms** in this level.,Je kunt in dit level maximaal **%lld wormen** verzamelen.,,new_since_2026-08-22,no,no,,,"The count is always 20, 30, 40 or 50 (GameConfig level maximums), which every language treats alike, so this needs no other plural form. Languages without a translation use English.",Add and review the translation for this language.
missing_translation,Localizable,levelIntro.cardsBullet.worm %lld,nb,Norwegian Bokmål,norsk bokmål,You can collect up to **%lld worms** in this level.,Je kunt in dit level maximaal **%lld wormen** verzamelen.,,new_since_2026-08-22,no,no,,,"The count is always 20, 30, 40 or 50 (GameConfig level maximums), which every language treats alike, so this needs no other plural form. Languages without a translation use English.",Add and review the translation for this language.
missing_translation,Localizable,levelIntro.cardsBullet.worm %lld,ne,Nepali,नेपाली,You can collect up to **%lld worms** in this level.,Je kunt in dit level maximaal **%lld wormen** verzamelen.,,new_since_2026-08-22,no,no,,,"The count is always 20, 30, 40 or 50 (GameConfig level maximums), which every language treats alike, so this needs no other plural form. Languages without a translation use English.",Add and review the translation for this language.
missing_translation,Localizable,levelIntro.cardsBullet.worm %lld,or,Odia,ଓଡ଼ିଆ,You can collect up to **%lld worms** in this level.,Je kunt in dit level maximaal **%lld wormen** verzamelen.,,new_since_2026-08-22,no,no,,,"The count is always 20, 30, 40 or 50 (GameConfig level maximums), which every language treats alike, so this needs no other plural form. Languages without a translation use English.",Add and review the translation for this language.
missing_translation,Localizable,levelIntro.cardsBullet.worm %lld,pa,Punjabi,ਪੰਜਾਬੀ,You can collect up to **%lld worms** in this level.,Je kunt in dit level maximaal **%lld wormen** verzamelen.,,new_since_2026-08-22,no,no,,,"The count is always 20, 30, 40 or 50 (GameConfig level maximums), which every language treats alike, so this needs no other plural form. Languages without a translation use English.",Add and review the translation for this language.
missing_translation,Localizable,levelIntro.cardsBullet.worm %lld,pl,Polish,polski,You can collect up to **%lld worms** in this level.,Je kunt in dit level maximaal **%lld wormen** verzamelen.,,new_since_2026-08-22,no,no,,,"The count is always 20, 30, 40 or 50 (GameConfig level maximums), which every language treats alike, so this needs no other plural form. Languages without a translation use English.",Add and review the translation for this language.
missing_translation,Localizable,levelIntro.cardsBullet.worm %lld,pt,Portuguese,português,You can collect up to **%lld worms** in this level.,Je kunt in dit level maximaal **%lld wormen** verzamelen.,,new_since_2026-08-22,no,no,,,"The count is always 20, 30, 40 or 50 (GameConfig level maximums), which every language treats alike, so this needs no other plural form. Languages without a translation use English.",Add and review the translation for this language.
missing_translation,Localizable,levelIntro.cardsBullet.worm %lld,ro,Romanian,română,You can collect up to **%lld worms** in this level.,Je kunt in dit level maximaal **%lld wormen** verzamelen.,,new_since_2026-08-22,no,no,,,"The count is always 20, 30, 40 or 50 (GameConfig level maximums), which every language treats alike, so this needs no other plural form. Languages without a translation use English.",Add and review the translation for this language.
missing_translation,Localizable,levelIntro.cardsBullet.worm %lld,ru,Russian,русский,You can collect up to **%lld worms** in this level.,Je kunt in dit level maximaal **%lld wormen** verzamelen.,,new_since_2026-08-22,no,no,,,"The count is always 20, 30, 40 or 50 (GameConfig level maximums), which every language treats alike, so this needs no other plural form. Languages without a translation use English.",Add and review the translation for this language.
missing_translation,Localizable,levelIntro.cardsBullet.worm %lld,si,Sinhala,සිංහල,You can collect up to **%lld worms** in this level.,Je kunt in dit level maximaal **%lld wormen** verzamelen.,,new_since_2026-08-22,no,no,,,"The count is always 20, 30, 40 or 50 (GameConfig level maximums), which every language treats alike, so this needs no other plural form. Languages without a translation use English.",Add and review the translation for this language.
missing_translation,Localizable,levelIntro.cardsBullet.worm %lld,sk,Slovak,slovenčina,You can collect up to **%lld worms** in this level.,Je kunt in dit level maximaal **%lld wormen** verzamelen.,,new_since_2026-08-22,no,no,,,"The count is always 20, 30, 40 or 50 (GameConfig level maximums), which every language treats alike, so this needs no other plural form. Languages without a translation use English.",Add and review the translation for this language.
missing_translation,Localizable,levelIntro.cardsBullet.worm %lld,sl,Slovenian,slovenščina,You can collect up to **%lld worms** in this level.,Je kunt in dit level maximaal **%lld wormen** verzamelen.,,new_since_2026-08-22,no,no,,,"The count is always 20, 30, 40 or 50 (GameConfig level maximums), which every language treats alike, so this needs no other plural form. Languages without a translation use English.",Add and review the translation for this language.
missing_translation,Localizable,levelIntro.cardsBullet.worm %lld,sq,Albanian,shqip,You can collect up to **%lld worms** in this level.,Je kunt in dit level maximaal **%lld wormen** verzamelen.,,new_since_2026-08-22,no,no,,,"The count is always 20, 30, 40 or 50 (GameConfig level maximums), which every language treats alike, so this needs no other plural form. Languages without a translation use English.",Add and review the translation for this language.
missing_translation,Localizable,levelIntro.cardsBullet.worm %lld,sr,Serbian,српски,You can collect up to **%lld worms** in this level.,Je kunt in dit level maximaal **%lld wormen** verzamelen.,,new_since_2026-08-22,no,no,,,"The count is always 20, 30, 40 or 50 (GameConfig level maximums), which every language treats alike, so this needs no other plural form. Languages without a translation use English.",Add and review the translation for this language.
missing_translation,Localizable,levelIntro.cardsBullet.worm %lld,sv,Swedish,svenska,You can collect up to **%lld worms** in this level.,Je kunt in dit level maximaal **%lld wormen** verzamelen.,,new_since_2026-08-22,no,no,,,"The count is always 20, 30, 40 or 50 (GameConfig level maximums), which every language treats alike, so this needs no other plural form. Languages without a translation use English.",Add and review the translation for this language.
missing_translation,Localizable,levelIntro.cardsBullet.worm %lld,sw,Swahili,Kiswahili,You can collect up to **%lld worms** in this level.,Je kunt in dit level maximaal **%lld wormen** verzamelen.,,new_since_2026-08-22,no,no,,,"The count is always 20, 30, 40 or 50 (GameConfig level maximums), which every language treats alike, so this needs no other plural form. Languages without a translation use English.",Add and review the translation for this language.
missing_translation,Localizable,levelIntro.cardsBullet.worm %lld,ta,Tamil,தமிழ்,You can collect up to **%lld worms** in this level.,Je kunt in dit level maximaal **%lld wormen** verzamelen.,,new_since_2026-08-22,no,no,,,"The count is always 20, 30, 40 or 50 (GameConfig level maximums), which every language treats alike, so this needs no other plural form. Languages without a translation use English.",Add and review the translation for this language.
missing_translation,Localizable,levelIntro.cardsBullet.worm %lld,te,Telugu,తెలుగు,You can collect up to **%lld worms** in this level.,Je kunt in dit level maximaal **%lld wormen** verzamelen.,,new_since_2026-08-22,no,no,,,"The count is always 20, 30, 40 or 50 (GameConfig level maximums), which every language treats alike, so this needs no other plural form. Languages without a translation use English.",Add and review the translation for this language.
missing_translation,Localizable,levelIntro.cardsBullet.worm %lld,th,Thai,ไทย,You can collect up to **%lld worms** in this level.,Je kunt in dit level maximaal **%lld wormen** verzamelen.,,new_since_2026-08-22,no,no,,,"The count is always 20, 30, 40 or 50 (GameConfig level maximums), which every language treats alike, so this needs no other plural form. Languages without a translation use English.",Add and review the translation for this language.
missing_translation,Localizable,levelIntro.cardsBullet.worm %lld,tr,Turkish,Türkçe,You can collect up to **%lld worms** in this level.,Je kunt in dit level maximaal **%lld wormen** verzamelen.,,new_since_2026-08-22,no,no,,,"The count is always 20, 30, 40 or 50 (GameConfig level maximums), which every language treats alike, so this needs no other plural form. Languages without a translation use English.",Add and review the translation for this language.
missing_translation,Localizable,levelIntro.cardsBullet.worm %lld,ug,Uyghur,ئۇيغۇرچە,You can collect up to **%lld worms** in this level.,Je kunt in dit level maximaal **%lld wormen** verzamelen.,,new_since_2026-08-22,no,no,,,"The count is always 20, 30, 40 or 50 (GameConfig level maximums), which every language treats alike, so this needs no other plural form. Languages without a translation use English.",Add and review the translation for this language.
missing_translation,Localizable,levelIntro.cardsBullet.worm %lld,uk,Ukrainian,українська,You can collect up to **%lld worms** in this level.,Je kunt in dit level maximaal **%lld wormen** verzamelen.,,new_since_2026-08-22,no,no,,,"The count is always 20, 30, 40 or 50 (GameConfig level maximums), which every language treats alike, so this needs no other plural form. Languages without a translation use English.",Add and review the translation for this language.
missing_translation,Localizable,levelIntro.cardsBullet.worm %lld,ur,Urdu,اردو,You can collect up to **%lld worms** in this level.,Je kunt in dit level maximaal **%lld wormen** verzamelen.,,new_since_2026-08-22,no,no,,,"The count is always 20, 30, 40 or 50 (GameConfig level maximums), which every language treats alike, so this needs no other plural form. Languages without a translation use English.",Add and review the translation for this language.
missing_translation,Localizable,levelIntro.cardsBullet.worm %lld,uz,Uzbek,o‘zbek,You can collect up to **%lld worms** in this level.,Je kunt in dit level maximaal **%lld wormen** verzamelen.,,new_since_2026-08-22,no,no,,,"The count is always 20, 30, 40 or 50 (GameConfig level maximums), which every language treats alike, so this needs no other plural form. Languages without a translation use English.",Add and review the translation for this language.
missing_translation,Localizable,levelIntro.cardsBullet.worm %lld,vi,Vietnamese,Tiếng Việt,You can collect up to **%lld worms** in this level.,Je kunt in dit level maximaal **%lld wormen** verzamelen.,,new_since_2026-08-22,no,no,,,"The count is always 20, 30, 40 or 50 (GameConfig level maximums), which every language treats alike, so this needs no other plural form. Languages without a translation use English.",Add and review the translation for this language.
missing_translation,Localizable,levelIntro.cardsBullet.worm %lld,zh,Chinese,中文,You can collect up to **%lld worms** in this level.,Je kunt in dit level maximaal **%lld wormen** verzamelen.,,new_since_2026-08-22,no,no,,,"The count is always 20, 30, 40 or 50 (GameConfig level maximums), which every language treats alike, so this needs no other plural form. Languages without a translation use English.",Add and review the translation for this language.
missing_translation,Localizable,levelIntro.cardsBullet.worm %lld,zu,Zulu,isiZulu,You can collect up to **%lld worms** in this level.,Je kunt in dit level maximaal **%lld wormen** verzamelen.,,new_since_2026-08-22,no,no,,,"The count is always 20, 30, 40 or 50 (GameConfig level maximums), which every language treats alike, so this needs no other plural form. Languages without a translation use English.",Add and review the translation for this language.
missing_translation,Localizable,tutorial.rabbitHole.step.1,af,Afrikaans,Afrikaans,Tap anywhere to launch your digging hook!,Klik ergens om je graafhaak af te schieten!,,new_since_2026-08-22,no,no,,,Rabbit Hole walkthrough step 1 of 5: practise launching the empty digging hook.,Add and review the translation for this language.
missing_translation,Localizable,tutorial.rabbitHole.step.1,am,Amharic,አማርኛ,Tap anywhere to launch your digging hook!,Klik ergens om je graafhaak af te schieten!,,new_since_2026-08-22,no,no,,,Rabbit Hole walkthrough step 1 of 5: practise launching the empty digging hook.,Add and review the translation for this language.
missing_translation,Localizable,tutorial.rabbitHole.step.1,ar,Arabic,العربية,Tap anywhere to launch your digging hook!,Klik ergens om je graafhaak af te schieten!,,new_since_2026-08-22,no,no,,,Rabbit Hole walkthrough step 1 of 5: practise launching the empty digging hook.,Add and review the translation for this language.
missing_translation,Localizable,tutorial.rabbitHole.step.1,as,Assamese,অসমীয়া,Tap anywhere to launch your digging hook!,Klik ergens om je graafhaak af te schieten!,,new_since_2026-08-22,no,no,,,Rabbit Hole walkthrough step 1 of 5: practise launching the empty digging hook.,Add and review the translation for this language.
missing_translation,Localizable,tutorial.rabbitHole.step.1,az,Azerbaijani,azərbaycan,Tap anywhere to launch your digging hook!,Klik ergens om je graafhaak af te schieten!,,new_since_2026-08-22,no,no,,,Rabbit Hole walkthrough step 1 of 5: practise launching the empty digging hook.,Add and review the translation for this language.
missing_translation,Localizable,tutorial.rabbitHole.step.1,be,Belarusian,беларуская,Tap anywhere to launch your digging hook!,Klik ergens om je graafhaak af te schieten!,,new_since_2026-08-22,no,no,,,Rabbit Hole walkthrough step 1 of 5: practise launching the empty digging hook.,Add and review the translation for this language.
missing_translation,Localizable,tutorial.rabbitHole.step.1,bg,Bulgarian,български,Tap anywhere to launch your digging hook!,Klik ergens om je graafhaak af te schieten!,,new_since_2026-08-22,no,no,,,Rabbit Hole walkthrough step 1 of 5: practise launching the empty digging hook.,Add and review the translation for this language.
missing_translation,Localizable,tutorial.rabbitHole.step.1,bn,Bangla,বাংলা,Tap anywhere to launch your digging hook!,Klik ergens om je graafhaak af te schieten!,,new_since_2026-08-22,no,no,,,Rabbit Hole walkthrough step 1 of 5: practise launching the empty digging hook.,Add and review the translation for this language.
missing_translation,Localizable,tutorial.rabbitHole.step.1,bo,Tibetan,བོད་སྐད་,Tap anywhere to launch your digging hook!,Klik ergens om je graafhaak af te schieten!,,new_since_2026-08-22,no,no,,,Rabbit Hole walkthrough step 1 of 5: practise launching the empty digging hook.,Add and review the translation for this language.
missing_translation,Localizable,tutorial.rabbitHole.step.1,bs,Bosnian,bosanski,Tap anywhere to launch your digging hook!,Klik ergens om je graafhaak af te schieten!,,new_since_2026-08-22,no,no,,,Rabbit Hole walkthrough step 1 of 5: practise launching the empty digging hook.,Add and review the translation for this language.
missing_translation,Localizable,tutorial.rabbitHole.step.1,ca,Catalan,català,Tap anywhere to launch your digging hook!,Klik ergens om je graafhaak af te schieten!,,new_since_2026-08-22,no,no,,,Rabbit Hole walkthrough step 1 of 5: practise launching the empty digging hook.,Add and review the translation for this language.
missing_translation,Localizable,tutorial.rabbitHole.step.1,cs,Czech,čeština,Tap anywhere to launch your digging hook!,Klik ergens om je graafhaak af te schieten!,,new_since_2026-08-22,no,no,,,Rabbit Hole walkthrough step 1 of 5: practise launching the empty digging hook.,Add and review the translation for this language.
missing_translation,Localizable,tutorial.rabbitHole.step.1,cy,Welsh,Cymraeg,Tap anywhere to launch your digging hook!,Klik ergens om je graafhaak af te schieten!,,new_since_2026-08-22,no,no,,,Rabbit Hole walkthrough step 1 of 5: practise launching the empty digging hook.,Add and review the translation for this language.
missing_translation,Localizable,tutorial.rabbitHole.step.1,da,Danish,dansk,Tap anywhere to launch your digging hook!,Klik ergens om je graafhaak af te schieten!,,new_since_2026-08-22,no,no,,,Rabbit Hole walkthrough step 1 of 5: practise launching the empty digging hook.,Add and review the translation for this language.
missing_translation,Localizable,tutorial.rabbitHole.step.1,de,German,Deutsch,Tap anywhere to launch your digging hook!,Klik ergens om je graafhaak af te schieten!,,new_since_2026-08-22,no,no,,,Rabbit Hole walkthrough step 1 of 5: practise launching the empty digging hook.,Add and review the translation for this language.
missing_translation,Localizable,tutorial.rabbitHole.step.1,el,Greek,Ελληνικά,Tap anywhere to launch your digging hook!,Klik ergens om je graafhaak af te schieten!,,new_since_2026-08-22,no,no,,,Rabbit Hole walkthrough step 1 of 5: practise launching the empty digging hook.,Add and review the translation for this language.
missing_translation,Localizable,tutorial.rabbitHole.step.1,es,Spanish,español,Tap anywhere to launch your digging hook!,Klik ergens om je graafhaak af te schieten!,,new_since_2026-08-22,no,no,,,Rabbit Hole walkthrough step 1 of 5: practise launching the empty digging hook.,Add and review the translation for this language.
missing_translation,Localizable,tutorial.rabbitHole.step.1,et,Estonian,eesti,Tap anywhere to launch your digging hook!,Klik ergens om je graafhaak af te schieten!,,new_since_2026-08-22,no,no,,,Rabbit Hole walkthrough step 1 of 5: practise launching the empty digging hook.,Add and review the translation for this language.
missing_translation,Localizable,tutorial.rabbitHole.step.1,eu,Basque,euskara,Tap anywhere to launch your digging hook!,Klik ergens om je graafhaak af te schieten!,,new_since_2026-08-22,no,no,,,Rabbit Hole walkthrough step 1 of 5: practise launching the empty digging hook.,Add and review the translation for this language.
missing_translation,Localizable,tutorial.rabbitHole.step.1,fa,Persian,فارسی,Tap anywhere to launch your digging hook!,Klik ergens om je graafhaak af te schieten!,,new_since_2026-08-22,no,no,,,Rabbit Hole walkthrough step 1 of 5: practise launching the empty digging hook.,Add and review the translation for this language.
missing_translation,Localizable,tutorial.rabbitHole.step.1,fi,Finnish,suomi,Tap anywhere to launch your digging hook!,Klik ergens om je graafhaak af te schieten!,,new_since_2026-08-22,no,no,,,Rabbit Hole walkthrough step 1 of 5: practise launching the empty digging hook.,Add and review the translation for this language.
missing_translation,Localizable,tutorial.rabbitHole.step.1,fo,Faroese,føroyskt,Tap anywhere to launch your digging hook!,Klik ergens om je graafhaak af te schieten!,,new_since_2026-08-22,no,no,,,Rabbit Hole walkthrough step 1 of 5: practise launching the empty digging hook.,Add and review the translation for this language.
missing_translation,Localizable,tutorial.rabbitHole.step.1,fr,French,français,Tap anywhere to launch your digging hook!,Klik ergens om je graafhaak af te schieten!,,new_since_2026-08-22,no,no,,,Rabbit Hole walkthrough step 1 of 5: practise launching the empty digging hook.,Add and review the translation for this language.
missing_translation,Localizable,tutorial.rabbitHole.step.1,ga,Irish,Gaeilge,Tap anywhere to launch your digging hook!,Klik ergens om je graafhaak af te schieten!,,new_since_2026-08-22,no,no,,,Rabbit Hole walkthrough step 1 of 5: practise launching the empty digging hook.,Add and review the translation for this language.
missing_translation,Localizable,tutorial.rabbitHole.step.1,gl,Galician,galego,Tap anywhere to launch your digging hook!,Klik ergens om je graafhaak af te schieten!,,new_since_2026-08-22,no,no,,,Rabbit Hole walkthrough step 1 of 5: practise launching the empty digging hook.,Add and review the translation for this language.
missing_translation,Localizable,tutorial.rabbitHole.step.1,gu,Gujarati,ગુજરાતી,Tap anywhere to launch your digging hook!,Klik ergens om je graafhaak af te schieten!,,new_since_2026-08-22,no,no,,,Rabbit Hole walkthrough step 1 of 5: practise launching the empty digging hook.,Add and review the translation for this language.
missing_translation,Localizable,tutorial.rabbitHole.step.1,he,Hebrew,עברית,Tap anywhere to launch your digging hook!,Klik ergens om je graafhaak af te schieten!,,new_since_2026-08-22,no,no,,,Rabbit Hole walkthrough step 1 of 5: practise launching the empty digging hook.,Add and review the translation for this language.
missing_translation,Localizable,tutorial.rabbitHole.step.1,hi,Hindi,हिन्दी,Tap anywhere to launch your digging hook!,Klik ergens om je graafhaak af te schieten!,,new_since_2026-08-22,no,no,,,Rabbit Hole walkthrough step 1 of 5: practise launching the empty digging hook.,Add and review the translation for this language.
missing_translation,Localizable,tutorial.rabbitHole.step.1,hr,Croatian,hrvatski,Tap anywhere to launch your digging hook!,Klik ergens om je graafhaak af te schieten!,,new_since_2026-08-22,no,no,,,Rabbit Hole walkthrough step 1 of 5: practise launching the empty digging hook.,Add and review the translation for this language.
missing_translation,Localizable,tutorial.rabbitHole.step.1,hu,Hungarian,magyar,Tap anywhere to launch your digging hook!,Klik ergens om je graafhaak af te schieten!,,new_since_2026-08-22,no,no,,,Rabbit Hole walkthrough step 1 of 5: practise launching the empty digging hook.,Add and review the translation for this language.
missing_translation,Localizable,tutorial.rabbitHole.step.1,hy,Armenian,հայերեն,Tap anywhere to launch your digging hook!,Klik ergens om je graafhaak af te schieten!,,new_since_2026-08-22,no,no,,,Rabbit Hole walkthrough step 1 of 5: practise launching the empty digging hook.,Add and review the translation for this language.
missing_translation,Localizable,tutorial.rabbitHole.step.1,id,Indonesian,Indonesia,Tap anywhere to launch your digging hook!,Klik ergens om je graafhaak af te schieten!,,new_since_2026-08-22,no,no,,,Rabbit Hole walkthrough step 1 of 5: practise launching the empty digging hook.,Add and review the translation for this language.
missing_translation,Localizable,tutorial.rabbitHole.step.1,is,Icelandic,íslenska,Tap anywhere to launch your digging hook!,Klik ergens om je graafhaak af te schieten!,,new_since_2026-08-22,no,no,,,Rabbit Hole walkthrough step 1 of 5: practise launching the empty digging hook.,Add and review the translation for this language.
missing_translation,Localizable,tutorial.rabbitHole.step.1,it,Italian,italiano,Tap anywhere to launch your digging hook!,Klik ergens om je graafhaak af te schieten!,,new_since_2026-08-22,no,no,,,Rabbit Hole walkthrough step 1 of 5: practise launching the empty digging hook.,Add and review the translation for this language.
missing_translation,Localizable,tutorial.rabbitHole.step.1,ja,Japanese,日本語,Tap anywhere to launch your digging hook!,Klik ergens om je graafhaak af te schieten!,,new_since_2026-08-22,no,no,,,Rabbit Hole walkthrough step 1 of 5: practise launching the empty digging hook.,Add and review the translation for this language.
missing_translation,Localizable,tutorial.rabbitHole.step.1,ka,Georgian,ქართული,Tap anywhere to launch your digging hook!,Klik ergens om je graafhaak af te schieten!,,new_since_2026-08-22,no,no,,,Rabbit Hole walkthrough step 1 of 5: practise launching the empty digging hook.,Add and review the translation for this language.
missing_translation,Localizable,tutorial.rabbitHole.step.1,kk,Kazakh,қазақ тілі,Tap anywhere to launch your digging hook!,Klik ergens om je graafhaak af te schieten!,,new_since_2026-08-22,no,no,,,Rabbit Hole walkthrough step 1 of 5: practise launching the empty digging hook.,Add and review the translation for this language.
missing_translation,Localizable,tutorial.rabbitHole.step.1,km,Khmer,ខ្មែរ,Tap anywhere to launch your digging hook!,Klik ergens om je graafhaak af te schieten!,,new_since_2026-08-22,no,no,,,Rabbit Hole walkthrough step 1 of 5: practise launching the empty digging hook.,Add and review the translation for this language.
missing_translation,Localizable,tutorial.rabbitHole.step.1,kn,Kannada,ಕನ್ನಡ,Tap anywhere to launch your digging hook!,Klik ergens om je graafhaak af te schieten!,,new_since_2026-08-22,no,no,,,Rabbit Hole walkthrough step 1 of 5: practise launching the empty digging hook.,Add and review the translation for this language.
missing_translation,Localizable,tutorial.rabbitHole.step.1,ko,Korean,한국어,Tap anywhere to launch your digging hook!,Klik ergens om je graafhaak af te schieten!,,new_since_2026-08-22,no,no,,,Rabbit Hole walkthrough step 1 of 5: practise launching the empty digging hook.,Add and review the translation for this language.
missing_translation,Localizable,tutorial.rabbitHole.step.1,lo,Lao,ລາວ,Tap anywhere to launch your digging hook!,Klik ergens om je graafhaak af te schieten!,,new_since_2026-08-22,no,no,,,Rabbit Hole walkthrough step 1 of 5: practise launching the empty digging hook.,Add and review the translation for this language.
missing_translation,Localizable,tutorial.rabbitHole.step.1,lt,Lithuanian,lietuvių,Tap anywhere to launch your digging hook!,Klik ergens om je graafhaak af te schieten!,,new_since_2026-08-22,no,no,,,Rabbit Hole walkthrough step 1 of 5: practise launching the empty digging hook.,Add and review the translation for this language.
missing_translation,Localizable,tutorial.rabbitHole.step.1,lv,Latvian,latviešu,Tap anywhere to launch your digging hook!,Klik ergens om je graafhaak af te schieten!,,new_since_2026-08-22,no,no,,,Rabbit Hole walkthrough step 1 of 5: practise launching the empty digging hook.,Add and review the translation for this language.
missing_translation,Localizable,tutorial.rabbitHole.step.1,mk,Macedonian,македонски,Tap anywhere to launch your digging hook!,Klik ergens om je graafhaak af te schieten!,,new_since_2026-08-22,no,no,,,Rabbit Hole walkthrough step 1 of 5: practise launching the empty digging hook.,Add and review the translation for this language.
missing_translation,Localizable,tutorial.rabbitHole.step.1,ml,Malayalam,മലയാളം,Tap anywhere to launch your digging hook!,Klik ergens om je graafhaak af te schieten!,,new_since_2026-08-22,no,no,,,Rabbit Hole walkthrough step 1 of 5: practise launching the empty digging hook.,Add and review the translation for this language.
missing_translation,Localizable,tutorial.rabbitHole.step.1,mn,Mongolian,монгол,Tap anywhere to launch your digging hook!,Klik ergens om je graafhaak af te schieten!,,new_since_2026-08-22,no,no,,,Rabbit Hole walkthrough step 1 of 5: practise launching the empty digging hook.,Add and review the translation for this language.
missing_translation,Localizable,tutorial.rabbitHole.step.1,mr,Marathi,मराठी,Tap anywhere to launch your digging hook!,Klik ergens om je graafhaak af te schieten!,,new_since_2026-08-22,no,no,,,Rabbit Hole walkthrough step 1 of 5: practise launching the empty digging hook.,Add and review the translation for this language.
missing_translation,Localizable,tutorial.rabbitHole.step.1,ms,Malay,Melayu,Tap anywhere to launch your digging hook!,Klik ergens om je graafhaak af te schieten!,,new_since_2026-08-22,no,no,,,Rabbit Hole walkthrough step 1 of 5: practise launching the empty digging hook.,Add and review the translation for this language.
missing_translation,Localizable,tutorial.rabbitHole.step.1,my,Burmese,မြန်မာ,Tap anywhere to launch your digging hook!,Klik ergens om je graafhaak af te schieten!,,new_since_2026-08-22,no,no,,,Rabbit Hole walkthrough step 1 of 5: practise launching the empty digging hook.,Add and review the translation for this language.
missing_translation,Localizable,tutorial.rabbitHole.step.1,nb,Norwegian Bokmål,norsk bokmål,Tap anywhere to launch your digging hook!,Klik ergens om je graafhaak af te schieten!,,new_since_2026-08-22,no,no,,,Rabbit Hole walkthrough step 1 of 5: practise launching the empty digging hook.,Add and review the translation for this language.
missing_translation,Localizable,tutorial.rabbitHole.step.1,ne,Nepali,नेपाली,Tap anywhere to launch your digging hook!,Klik ergens om je graafhaak af te schieten!,,new_since_2026-08-22,no,no,,,Rabbit Hole walkthrough step 1 of 5: practise launching the empty digging hook.,Add and review the translation for this language.
missing_translation,Localizable,tutorial.rabbitHole.step.1,or,Odia,ଓଡ଼ିଆ,Tap anywhere to launch your digging hook!,Klik ergens om je graafhaak af te schieten!,,new_since_2026-08-22,no,no,,,Rabbit Hole walkthrough step 1 of 5: practise launching the empty digging hook.,Add and review the translation for this language.
missing_translation,Localizable,tutorial.rabbitHole.step.1,pa,Punjabi,ਪੰਜਾਬੀ,Tap anywhere to launch your digging hook!,Klik ergens om je graafhaak af te schieten!,,new_since_2026-08-22,no,no,,,Rabbit Hole walkthrough step 1 of 5: practise launching the empty digging hook.,Add and review the translation for this language.
missing_translation,Localizable,tutorial.rabbitHole.step.1,pl,Polish,polski,Tap anywhere to launch your digging hook!,Klik ergens om je graafhaak af te schieten!,,new_since_2026-08-22,no,no,,,Rabbit Hole walkthrough step 1 of 5: practise launching the empty digging hook.,Add and review the translation for this language.
missing_translation,Localizable,tutorial.rabbitHole.step.1,pt,Portuguese,português,Tap anywhere to launch your digging hook!,Klik ergens om je graafhaak af te schieten!,,new_since_2026-08-22,no,no,,,Rabbit Hole walkthrough step 1 of 5: practise launching the empty digging hook.,Add and review the translation for this language.
missing_translation,Localizable,tutorial.rabbitHole.step.1,ro,Romanian,română,Tap anywhere to launch your digging hook!,Klik ergens om je graafhaak af te schieten!,,new_since_2026-08-22,no,no,,,Rabbit Hole walkthrough step 1 of 5: practise launching the empty digging hook.,Add and review the translation for this language.
missing_translation,Localizable,tutorial.rabbitHole.step.1,ru,Russian,русский,Tap anywhere to launch your digging hook!,Klik ergens om je graafhaak af te schieten!,,new_since_2026-08-22,no,no,,,Rabbit Hole walkthrough step 1 of 5: practise launching the empty digging hook.,Add and review the translation for this language.
missing_translation,Localizable,tutorial.rabbitHole.step.1,si,Sinhala,සිංහල,Tap anywhere to launch your digging hook!,Klik ergens om je graafhaak af te schieten!,,new_since_2026-08-22,no,no,,,Rabbit Hole walkthrough step 1 of 5: practise launching the empty digging hook.,Add and review the translation for this language.
missing_translation,Localizable,tutorial.rabbitHole.step.1,sk,Slovak,slovenčina,Tap anywhere to launch your digging hook!,Klik ergens om je graafhaak af te schieten!,,new_since_2026-08-22,no,no,,,Rabbit Hole walkthrough step 1 of 5: practise launching the empty digging hook.,Add and review the translation for this language.
missing_translation,Localizable,tutorial.rabbitHole.step.1,sl,Slovenian,slovenščina,Tap anywhere to launch your digging hook!,Klik ergens om je graafhaak af te schieten!,,new_since_2026-08-22,no,no,,,Rabbit Hole walkthrough step 1 of 5: practise launching the empty digging hook.,Add and review the translation for this language.
missing_translation,Localizable,tutorial.rabbitHole.step.1,sq,Albanian,shqip,Tap anywhere to launch your digging hook!,Klik ergens om je graafhaak af te schieten!,,new_since_2026-08-22,no,no,,,Rabbit Hole walkthrough step 1 of 5: practise launching the empty digging hook.,Add and review the translation for this language.
missing_translation,Localizable,tutorial.rabbitHole.step.1,sr,Serbian,српски,Tap anywhere to launch your digging hook!,Klik ergens om je graafhaak af te schieten!,,new_since_2026-08-22,no,no,,,Rabbit Hole walkthrough step 1 of 5: practise launching the empty digging hook.,Add and review the translation for this language.
missing_translation,Localizable,tutorial.rabbitHole.step.1,sv,Swedish,svenska,Tap anywhere to launch your digging hook!,Klik ergens om je graafhaak af te schieten!,,new_since_2026-08-22,no,no,,,Rabbit Hole walkthrough step 1 of 5: practise launching the empty digging hook.,Add and review the translation for this language.
missing_translation,Localizable,tutorial.rabbitHole.step.1,sw,Swahili,Kiswahili,Tap anywhere to launch your digging hook!,Klik ergens om je graafhaak af te schieten!,,new_since_2026-08-22,no,no,,,Rabbit Hole walkthrough step 1 of 5: practise launching the empty digging hook.,Add and review the translation for this language.
missing_translation,Localizable,tutorial.rabbitHole.step.1,ta,Tamil,தமிழ்,Tap anywhere to launch your digging hook!,Klik ergens om je graafhaak af te schieten!,,new_since_2026-08-22,no,no,,,Rabbit Hole walkthrough step 1 of 5: practise launching the empty digging hook.,Add and review the translation for this language.
missing_translation,Localizable,tutorial.rabbitHole.step.1,te,Telugu,తెలుగు,Tap anywhere to launch your digging hook!,Klik ergens om je graafhaak af te schieten!,,new_since_2026-08-22,no,no,,,Rabbit Hole walkthrough step 1 of 5: practise launching the empty digging hook.,Add and review the translation for this language.
missing_translation,Localizable,tutorial.rabbitHole.step.1,th,Thai,ไทย,Tap anywhere to launch your digging hook!,Klik ergens om je graafhaak af te schieten!,,new_since_2026-08-22,no,no,,,Rabbit Hole walkthrough step 1 of 5: practise launching the empty digging hook.,Add and review the translation for this language.
missing_translation,Localizable,tutorial.rabbitHole.step.1,tr,Turkish,Türkçe,Tap anywhere to launch your digging hook!,Klik ergens om je graafhaak af te schieten!,,new_since_2026-08-22,no,no,,,Rabbit Hole walkthrough step 1 of 5: practise launching the empty digging hook.,Add and review the translation for this language.
missing_translation,Localizable,tutorial.rabbitHole.step.1,ug,Uyghur,ئۇيغۇرچە,Tap anywhere to launch your digging hook!,Klik ergens om je graafhaak af te schieten!,,new_since_2026-08-22,no,no,,,Rabbit Hole walkthrough step 1 of 5: practise launching the empty digging hook.,Add and review the translation for this language.
missing_translation,Localizable,tutorial.rabbitHole.step.1,uk,Ukrainian,українська,Tap anywhere to launch your digging hook!,Klik ergens om je graafhaak af te schieten!,,new_since_2026-08-22,no,no,,,Rabbit Hole walkthrough step 1 of 5: practise launching the empty digging hook.,Add and review the translation for this language.
missing_translation,Localizable,tutorial.rabbitHole.step.1,ur,Urdu,اردو,Tap anywhere to launch your digging hook!,Klik ergens om je graafhaak af te schieten!,,new_since_2026-08-22,no,no,,,Rabbit Hole walkthrough step 1 of 5: practise launching the empty digging hook.,Add and review the translation for this language.
missing_translation,Localizable,tutorial.rabbitHole.step.1,uz,Uzbek,o‘zbek,Tap anywhere to launch your digging hook!,Klik ergens om je graafhaak af te schieten!,,new_since_2026-08-22,no,no,,,Rabbit Hole walkthrough step 1 of 5: practise launching the empty digging hook.,Add and review the translation for this language.
missing_translation,Localizable,tutorial.rabbitHole.step.1,vi,Vietnamese,Tiếng Việt,Tap anywhere to launch your digging hook!,Klik ergens om je graafhaak af te schieten!,,new_since_2026-08-22,no,no,,,Rabbit Hole walkthrough step 1 of 5: practise launching the empty digging hook.,Add and review the translation for this language.
missing_translation,Localizable,tutorial.rabbitHole.step.1,zh,Chinese,中文,Tap anywhere to launch your digging hook!,Klik ergens om je graafhaak af te schieten!,,new_since_2026-08-22,no,no,,,Rabbit Hole walkthrough step 1 of 5: practise launching the empty digging hook.,Add and review the translation for this language.
missing_translation,Localizable,tutorial.rabbitHole.step.1,zu,Zulu,isiZulu,Tap anywhere to launch your digging hook!,Klik ergens om je graafhaak af te schieten!,,new_since_2026-08-22,no,no,,,Rabbit Hole walkthrough step 1 of 5: practise launching the empty digging hook.,Add and review the translation for this language.
missing_translation,Localizable,tutorial.rabbitHole.step.2,af,Afrikaans,Afrikaans,There’s a carrot! Tap at the right moment to grab it.,Daar is een wortel! Klik op het juiste moment om hem te pakken.,,new_since_2026-08-22,no,no,,,Rabbit Hole walkthrough step 2 of 5: time the hook to catch the first carrot.,Add and review the translation for this language.
missing_translation,Localizable,tutorial.rabbitHole.step.2,am,Amharic,አማርኛ,There’s a carrot! Tap at the right moment to grab it.,Daar is een wortel! Klik op het juiste moment om hem te pakken.,,new_since_2026-08-22,no,no,,,Rabbit Hole walkthrough step 2 of 5: time the hook to catch the first carrot.,Add and review the translation for this language.
missing_translation,Localizable,tutorial.rabbitHole.step.2,ar,Arabic,العربية,There’s a carrot! Tap at the right moment to grab it.,Daar is een wortel! Klik op het juiste moment om hem te pakken.,,new_since_2026-08-22,no,no,,,Rabbit Hole walkthrough step 2 of 5: time the hook to catch the first carrot.,Add and review the translation for this language.
missing_translation,Localizable,tutorial.rabbitHole.step.2,as,Assamese,অসমীয়া,There’s a carrot! Tap at the right moment to grab it.,Daar is een wortel! Klik op het juiste moment om hem te pakken.,,new_since_2026-08-22,no,no,,,Rabbit Hole walkthrough step 2 of 5: time the hook to catch the first carrot.,Add and review the translation for this language.
missing_translation,Localizable,tutorial.rabbitHole.step.2,az,Azerbaijani,azərbaycan,There’s a carrot! Tap at the right moment to grab it.,Daar is een wortel! Klik op het juiste moment om hem te pakken.,,new_since_2026-08-22,no,no,,,Rabbit Hole walkthrough step 2 of 5: time the hook to catch the first carrot.,Add and review the translation for this language.
missing_translation,Localizable,tutorial.rabbitHole.step.2,be,Belarusian,беларуская,There’s a carrot! Tap at the right moment to grab it.,Daar is een wortel! Klik op het juiste moment om hem te pakken.,,new_since_2026-08-22,no,no,,,Rabbit Hole walkthrough step 2 of 5: time the hook to catch the first carrot.,Add and review the translation for this language.
missing_translation,Localizable,tutorial.rabbitHole.step.2,bg,Bulgarian,български,There’s a carrot! Tap at the right moment to grab it.,Daar is een wortel! Klik op het juiste moment om hem te pakken.,,new_since_2026-08-22,no,no,,,Rabbit Hole walkthrough step 2 of 5: time the hook to catch the first carrot.,Add and review the translation for this language.
missing_translation,Localizable,tutorial.rabbitHole.step.2,bn,Bangla,বাংলা,There’s a carrot! Tap at the right moment to grab it.,Daar is een wortel! Klik op het juiste moment om hem te pakken.,,new_since_2026-08-22,no,no,,,Rabbit Hole walkthrough step 2 of 5: time the hook to catch the first carrot.,Add and review the translation for this language.
missing_translation,Localizable,tutorial.rabbitHole.step.2,bo,Tibetan,བོད་སྐད་,There’s a carrot! Tap at the right moment to grab it.,Daar is een wortel! Klik op het juiste moment om hem te pakken.,,new_since_2026-08-22,no,no,,,Rabbit Hole walkthrough step 2 of 5: time the hook to catch the first carrot.,Add and review the translation for this language.
missing_translation,Localizable,tutorial.rabbitHole.step.2,bs,Bosnian,bosanski,There’s a carrot! Tap at the right moment to grab it.,Daar is een wortel! Klik op het juiste moment om hem te pakken.,,new_since_2026-08-22,no,no,,,Rabbit Hole walkthrough step 2 of 5: time the hook to catch the first carrot.,Add and review the translation for this language.
missing_translation,Localizable,tutorial.rabbitHole.step.2,ca,Catalan,català,There’s a carrot! Tap at the right moment to grab it.,Daar is een wortel! Klik op het juiste moment om hem te pakken.,,new_since_2026-08-22,no,no,,,Rabbit Hole walkthrough step 2 of 5: time the hook to catch the first carrot.,Add and review the translation for this language.
missing_translation,Localizable,tutorial.rabbitHole.step.2,cs,Czech,čeština,There’s a carrot! Tap at the right moment to grab it.,Daar is een wortel! Klik op het juiste moment om hem te pakken.,,new_since_2026-08-22,no,no,,,Rabbit Hole walkthrough step 2 of 5: time the hook to catch the first carrot.,Add and review the translation for this language.
missing_translation,Localizable,tutorial.rabbitHole.step.2,cy,Welsh,Cymraeg,There’s a carrot! Tap at the right moment to grab it.,Daar is een wortel! Klik op het juiste moment om hem te pakken.,,new_since_2026-08-22,no,no,,,Rabbit Hole walkthrough step 2 of 5: time the hook to catch the first carrot.,Add and review the translation for this language.
missing_translation,Localizable,tutorial.rabbitHole.step.2,da,Danish,dansk,There’s a carrot! Tap at the right moment to grab it.,Daar is een wortel! Klik op het juiste moment om hem te pakken.,,new_since_2026-08-22,no,no,,,Rabbit Hole walkthrough step 2 of 5: time the hook to catch the first carrot.,Add and review the translation for this language.
missing_translation,Localizable,tutorial.rabbitHole.step.2,de,German,Deutsch,There’s a carrot! Tap at the right moment to grab it.,Daar is een wortel! Klik op het juiste moment om hem te pakken.,,new_since_2026-08-22,no,no,,,Rabbit Hole walkthrough step 2 of 5: time the hook to catch the first carrot.,Add and review the translation for this language.
missing_translation,Localizable,tutorial.rabbitHole.step.2,el,Greek,Ελληνικά,There’s a carrot! Tap at the right moment to grab it.,Daar is een wortel! Klik op het juiste moment om hem te pakken.,,new_since_2026-08-22,no,no,,,Rabbit Hole walkthrough step 2 of 5: time the hook to catch the first carrot.,Add and review the translation for this language.
missing_translation,Localizable,tutorial.rabbitHole.step.2,es,Spanish,español,There’s a carrot! Tap at the right moment to grab it.,Daar is een wortel! Klik op het juiste moment om hem te pakken.,,new_since_2026-08-22,no,no,,,Rabbit Hole walkthrough step 2 of 5: time the hook to catch the first carrot.,Add and review the translation for this language.
missing_translation,Localizable,tutorial.rabbitHole.step.2,et,Estonian,eesti,There’s a carrot! Tap at the right moment to grab it.,Daar is een wortel! Klik op het juiste moment om hem te pakken.,,new_since_2026-08-22,no,no,,,Rabbit Hole walkthrough step 2 of 5: time the hook to catch the first carrot.,Add and review the translation for this language.
missing_translation,Localizable,tutorial.rabbitHole.step.2,eu,Basque,euskara,There’s a carrot! Tap at the right moment to grab it.,Daar is een wortel! Klik op het juiste moment om hem te pakken.,,new_since_2026-08-22,no,no,,,Rabbit Hole walkthrough step 2 of 5: time the hook to catch the first carrot.,Add and review the translation for this language.
missing_translation,Localizable,tutorial.rabbitHole.step.2,fa,Persian,فارسی,There’s a carrot! Tap at the right moment to grab it.,Daar is een wortel! Klik op het juiste moment om hem te pakken.,,new_since_2026-08-22,no,no,,,Rabbit Hole walkthrough step 2 of 5: time the hook to catch the first carrot.,Add and review the translation for this language.
missing_translation,Localizable,tutorial.rabbitHole.step.2,fi,Finnish,suomi,There’s a carrot! Tap at the right moment to grab it.,Daar is een wortel! Klik op het juiste moment om hem te pakken.,,new_since_2026-08-22,no,no,,,Rabbit Hole walkthrough step 2 of 5: time the hook to catch the first carrot.,Add and review the translation for this language.
missing_translation,Localizable,tutorial.rabbitHole.step.2,fo,Faroese,føroyskt,There’s a carrot! Tap at the right moment to grab it.,Daar is een wortel! Klik op het juiste moment om hem te pakken.,,new_since_2026-08-22,no,no,,,Rabbit Hole walkthrough step 2 of 5: time the hook to catch the first carrot.,Add and review the translation for this language.
missing_translation,Localizable,tutorial.rabbitHole.step.2,fr,French,français,There’s a carrot! Tap at the right moment to grab it.,Daar is een wortel! Klik op het juiste moment om hem te pakken.,,new_since_2026-08-22,no,no,,,Rabbit Hole walkthrough step 2 of 5: time the hook to catch the first carrot.,Add and review the translation for this language.
missing_translation,Localizable,tutorial.rabbitHole.step.2,ga,Irish,Gaeilge,There’s a carrot! Tap at the right moment to grab it.,Daar is een wortel! Klik op het juiste moment om hem te pakken.,,new_since_2026-08-22,no,no,,,Rabbit Hole walkthrough step 2 of 5: time the hook to catch the first carrot.,Add and review the translation for this language.
missing_translation,Localizable,tutorial.rabbitHole.step.2,gl,Galician,galego,There’s a carrot! Tap at the right moment to grab it.,Daar is een wortel! Klik op het juiste moment om hem te pakken.,,new_since_2026-08-22,no,no,,,Rabbit Hole walkthrough step 2 of 5: time the hook to catch the first carrot.,Add and review the translation for this language.
missing_translation,Localizable,tutorial.rabbitHole.step.2,gu,Gujarati,ગુજરાતી,There’s a carrot! Tap at the right moment to grab it.,Daar is een wortel! Klik op het juiste moment om hem te pakken.,,new_since_2026-08-22,no,no,,,Rabbit Hole walkthrough step 2 of 5: time the hook to catch the first carrot.,Add and review the translation for this language.
missing_translation,Localizable,tutorial.rabbitHole.step.2,he,Hebrew,עברית,There’s a carrot! Tap at the right moment to grab it.,Daar is een wortel! Klik op het juiste moment om hem te pakken.,,new_since_2026-08-22,no,no,,,Rabbit Hole walkthrough step 2 of 5: time the hook to catch the first carrot.,Add and review the translation for this language.
missing_translation,Localizable,tutorial.rabbitHole.step.2,hi,Hindi,हिन्दी,There’s a carrot! Tap at the right moment to grab it.,Daar is een wortel! Klik op het juiste moment om hem te pakken.,,new_since_2026-08-22,no,no,,,Rabbit Hole walkthrough step 2 of 5: time the hook to catch the first carrot.,Add and review the translation for this language.
missing_translation,Localizable,tutorial.rabbitHole.step.2,hr,Croatian,hrvatski,There’s a carrot! Tap at the right moment to grab it.,Daar is een wortel! Klik op het juiste moment om hem te pakken.,,new_since_2026-08-22,no,no,,,Rabbit Hole walkthrough step 2 of 5: time the hook to catch the first carrot.,Add and review the translation for this language.
missing_translation,Localizable,tutorial.rabbitHole.step.2,hu,Hungarian,magyar,There’s a carrot! Tap at the right moment to grab it.,Daar is een wortel! Klik op het juiste moment om hem te pakken.,,new_since_2026-08-22,no,no,,,Rabbit Hole walkthrough step 2 of 5: time the hook to catch the first carrot.,Add and review the translation for this language.
missing_translation,Localizable,tutorial.rabbitHole.step.2,hy,Armenian,հայերեն,There’s a carrot! Tap at the right moment to grab it.,Daar is een wortel! Klik op het juiste moment om hem te pakken.,,new_since_2026-08-22,no,no,,,Rabbit Hole walkthrough step 2 of 5: time the hook to catch the first carrot.,Add and review the translation for this language.
missing_translation,Localizable,tutorial.rabbitHole.step.2,id,Indonesian,Indonesia,There’s a carrot! Tap at the right moment to grab it.,Daar is een wortel! Klik op het juiste moment om hem te pakken.,,new_since_2026-08-22,no,no,,,Rabbit Hole walkthrough step 2 of 5: time the hook to catch the first carrot.,Add and review the translation for this language.
missing_translation,Localizable,tutorial.rabbitHole.step.2,is,Icelandic,íslenska,There’s a carrot! Tap at the right moment to grab it.,Daar is een wortel! Klik op het juiste moment om hem te pakken.,,new_since_2026-08-22,no,no,,,Rabbit Hole walkthrough step 2 of 5: time the hook to catch the first carrot.,Add and review the translation for this language.
missing_translation,Localizable,tutorial.rabbitHole.step.2,it,Italian,italiano,There’s a carrot! Tap at the right moment to grab it.,Daar is een wortel! Klik op het juiste moment om hem te pakken.,,new_since_2026-08-22,no,no,,,Rabbit Hole walkthrough step 2 of 5: time the hook to catch the first carrot.,Add and review the translation for this language.
missing_translation,Localizable,tutorial.rabbitHole.step.2,ja,Japanese,日本語,There’s a carrot! Tap at the right moment to grab it.,Daar is een wortel! Klik op het juiste moment om hem te pakken.,,new_since_2026-08-22,no,no,,,Rabbit Hole walkthrough step 2 of 5: time the hook to catch the first carrot.,Add and review the translation for this language.
missing_translation,Localizable,tutorial.rabbitHole.step.2,ka,Georgian,ქართული,There’s a carrot! Tap at the right moment to grab it.,Daar is een wortel! Klik op het juiste moment om hem te pakken.,,new_since_2026-08-22,no,no,,,Rabbit Hole walkthrough step 2 of 5: time the hook to catch the first carrot.,Add and review the translation for this language.
missing_translation,Localizable,tutorial.rabbitHole.step.2,kk,Kazakh,қазақ тілі,There’s a carrot! Tap at the right moment to grab it.,Daar is een wortel! Klik op het juiste moment om hem te pakken.,,new_since_2026-08-22,no,no,,,Rabbit Hole walkthrough step 2 of 5: time the hook to catch the first carrot.,Add and review the translation for this language.
missing_translation,Localizable,tutorial.rabbitHole.step.2,km,Khmer,ខ្មែរ,There’s a carrot! Tap at the right moment to grab it.,Daar is een wortel! Klik op het juiste moment om hem te pakken.,,new_since_2026-08-22,no,no,,,Rabbit Hole walkthrough step 2 of 5: time the hook to catch the first carrot.,Add and review the translation for this language.
missing_translation,Localizable,tutorial.rabbitHole.step.2,kn,Kannada,ಕನ್ನಡ,There’s a carrot! Tap at the right moment to grab it.,Daar is een wortel! Klik op het juiste moment om hem te pakken.,,new_since_2026-08-22,no,no,,,Rabbit Hole walkthrough step 2 of 5: time the hook to catch the first carrot.,Add and review the translation for this language.
missing_translation,Localizable,tutorial.rabbitHole.step.2,ko,Korean,한국어,There’s a carrot! Tap at the right moment to grab it.,Daar is een wortel! Klik op het juiste moment om hem te pakken.,,new_since_2026-08-22,no,no,,,Rabbit Hole walkthrough step 2 of 5: time the hook to catch the first carrot.,Add and review the translation for this language.
missing_translation,Localizable,tutorial.rabbitHole.step.2,lo,Lao,ລາວ,There’s a carrot! Tap at the right moment to grab it.,Daar is een wortel! Klik op het juiste moment om hem te pakken.,,new_since_2026-08-22,no,no,,,Rabbit Hole walkthrough step 2 of 5: time the hook to catch the first carrot.,Add and review the translation for this language.
missing_translation,Localizable,tutorial.rabbitHole.step.2,lt,Lithuanian,lietuvių,There’s a carrot! Tap at the right moment to grab it.,Daar is een wortel! Klik op het juiste moment om hem te pakken.,,new_since_2026-08-22,no,no,,,Rabbit Hole walkthrough step 2 of 5: time the hook to catch the first carrot.,Add and review the translation for this language.
missing_translation,Localizable,tutorial.rabbitHole.step.2,lv,Latvian,latviešu,There’s a carrot! Tap at the right moment to grab it.,Daar is een wortel! Klik op het juiste moment om hem te pakken.,,new_since_2026-08-22,no,no,,,Rabbit Hole walkthrough step 2 of 5: time the hook to catch the first carrot.,Add and review the translation for this language.
missing_translation,Localizable,tutorial.rabbitHole.step.2,mk,Macedonian,македонски,There’s a carrot! Tap at the right moment to grab it.,Daar is een wortel! Klik op het juiste moment om hem te pakken.,,new_since_2026-08-22,no,no,,,Rabbit Hole walkthrough step 2 of 5: time the hook to catch the first carrot.,Add and review the translation for this language.
missing_translation,Localizable,tutorial.rabbitHole.step.2,ml,Malayalam,മലയാളം,There’s a carrot! Tap at the right moment to grab it.,Daar is een wortel! Klik op het juiste moment om hem te pakken.,,new_since_2026-08-22,no,no,,,Rabbit Hole walkthrough step 2 of 5: time the hook to catch the first carrot.,Add and review the translation for this language.
missing_translation,Localizable,tutorial.rabbitHole.step.2,mn,Mongolian,монгол,There’s a carrot! Tap at the right moment to grab it.,Daar is een wortel! Klik op het juiste moment om hem te pakken.,,new_since_2026-08-22,no,no,,,Rabbit Hole walkthrough step 2 of 5: time the hook to catch the first carrot.,Add and review the translation for this language.
missing_translation,Localizable,tutorial.rabbitHole.step.2,mr,Marathi,मराठी,There’s a carrot! Tap at the right moment to grab it.,Daar is een wortel! Klik op het juiste moment om hem te pakken.,,new_since_2026-08-22,no,no,,,Rabbit Hole walkthrough step 2 of 5: time the hook to catch the first carrot.,Add and review the translation for this language.
missing_translation,Localizable,tutorial.rabbitHole.step.2,ms,Malay,Melayu,There’s a carrot! Tap at the right moment to grab it.,Daar is een wortel! Klik op het juiste moment om hem te pakken.,,new_since_2026-08-22,no,no,,,Rabbit Hole walkthrough step 2 of 5: time the hook to catch the first carrot.,Add and review the translation for this language.
missing_translation,Localizable,tutorial.rabbitHole.step.2,my,Burmese,မြန်မာ,There’s a carrot! Tap at the right moment to grab it.,Daar is een wortel! Klik op het juiste moment om hem te pakken.,,new_since_2026-08-22,no,no,,,Rabbit Hole walkthrough step 2 of 5: time the hook to catch the first carrot.,Add and review the translation for this language.
missing_translation,Localizable,tutorial.rabbitHole.step.2,nb,Norwegian Bokmål,norsk bokmål,There’s a carrot! Tap at the right moment to grab it.,Daar is een wortel! Klik op het juiste moment om hem te pakken.,,new_since_2026-08-22,no,no,,,Rabbit Hole walkthrough step 2 of 5: time the hook to catch the first carrot.,Add and review the translation for this language.
missing_translation,Localizable,tutorial.rabbitHole.step.2,ne,Nepali,नेपाली,There’s a carrot! Tap at the right moment to grab it.,Daar is een wortel! Klik op het juiste moment om hem te pakken.,,new_since_2026-08-22,no,no,,,Rabbit Hole walkthrough step 2 of 5: time the hook to catch the first carrot.,Add and review the translation for this language.
missing_translation,Localizable,tutorial.rabbitHole.step.2,or,Odia,ଓଡ଼ିଆ,There’s a carrot! Tap at the right moment to grab it.,Daar is een wortel! Klik op het juiste moment om hem te pakken.,,new_since_2026-08-22,no,no,,,Rabbit Hole walkthrough step 2 of 5: time the hook to catch the first carrot.,Add and review the translation for this language.
missing_translation,Localizable,tutorial.rabbitHole.step.2,pa,Punjabi,ਪੰਜਾਬੀ,There’s a carrot! Tap at the right moment to grab it.,Daar is een wortel! Klik op het juiste moment om hem te pakken.,,new_since_2026-08-22,no,no,,,Rabbit Hole walkthrough step 2 of 5: time the hook to catch the first carrot.,Add and review the translation for this language.
missing_translation,Localizable,tutorial.rabbitHole.step.2,pl,Polish,polski,There’s a carrot! Tap at the right moment to grab it.,Daar is een wortel! Klik op het juiste moment om hem te pakken.,,new_since_2026-08-22,no,no,,,Rabbit Hole walkthrough step 2 of 5: time the hook to catch the first carrot.,Add and review the translation for this language.
missing_translation,Localizable,tutorial.rabbitHole.step.2,pt,Portuguese,português,There’s a carrot! Tap at the right moment to grab it.,Daar is een wortel! Klik op het juiste moment om hem te pakken.,,new_since_2026-08-22,no,no,,,Rabbit Hole walkthrough step 2 of 5: time the hook to catch the first carrot.,Add and review the translation for this language.
missing_translation,Localizable,tutorial.rabbitHole.step.2,ro,Romanian,română,There’s a carrot! Tap at the right moment to grab it.,Daar is een wortel! Klik op het juiste moment om hem te pakken.,,new_since_2026-08-22,no,no,,,Rabbit Hole walkthrough step 2 of 5: time the hook to catch the first carrot.,Add and review the translation for this language.
missing_translation,Localizable,tutorial.rabbitHole.step.2,ru,Russian,русский,There’s a carrot! Tap at the right moment to grab it.,Daar is een wortel! Klik op het juiste moment om hem te pakken.,,new_since_2026-08-22,no,no,,,Rabbit Hole walkthrough step 2 of 5: time the hook to catch the first carrot.,Add and review the translation for this language.
missing_translation,Localizable,tutorial.rabbitHole.step.2,si,Sinhala,සිංහල,There’s a carrot! Tap at the right moment to grab it.,Daar is een wortel! Klik op het juiste moment om hem te pakken.,,new_since_2026-08-22,no,no,,,Rabbit Hole walkthrough step 2 of 5: time the hook to catch the first carrot.,Add and review the translation for this language.
missing_translation,Localizable,tutorial.rabbitHole.step.2,sk,Slovak,slovenčina,There’s a carrot! Tap at the right moment to grab it.,Daar is een wortel! Klik op het juiste moment om hem te pakken.,,new_since_2026-08-22,no,no,,,Rabbit Hole walkthrough step 2 of 5: time the hook to catch the first carrot.,Add and review the translation for this language.
missing_translation,Localizable,tutorial.rabbitHole.step.2,sl,Slovenian,slovenščina,There’s a carrot! Tap at the right moment to grab it.,Daar is een wortel! Klik op het juiste moment om hem te pakken.,,new_since_2026-08-22,no,no,,,Rabbit Hole walkthrough step 2 of 5: time the hook to catch the first carrot.,Add and review the translation for this language.
missing_translation,Localizable,tutorial.rabbitHole.step.2,sq,Albanian,shqip,There’s a carrot! Tap at the right moment to grab it.,Daar is een wortel! Klik op het juiste moment om hem te pakken.,,new_since_2026-08-22,no,no,,,Rabbit Hole walkthrough step 2 of 5: time the hook to catch the first carrot.,Add and review the translation for this language.
missing_translation,Localizable,tutorial.rabbitHole.step.2,sr,Serbian,српски,There’s a carrot! Tap at the right moment to grab it.,Daar is een wortel! Klik op het juiste moment om hem te pakken.,,new_since_2026-08-22,no,no,,,Rabbit Hole walkthrough step 2 of 5: time the hook to catch the first carrot.,Add and review the translation for this language.
missing_translation,Localizable,tutorial.rabbitHole.step.2,sv,Swedish,svenska,There’s a carrot! Tap at the right moment to grab it.,Daar is een wortel! Klik op het juiste moment om hem te pakken.,,new_since_2026-08-22,no,no,,,Rabbit Hole walkthrough step 2 of 5: time the hook to catch the first carrot.,Add and review the translation for this language.
missing_translation,Localizable,tutorial.rabbitHole.step.2,sw,Swahili,Kiswahili,There’s a carrot! Tap at the right moment to grab it.,Daar is een wortel! Klik op het juiste moment om hem te pakken.,,new_since_2026-08-22,no,no,,,Rabbit Hole walkthrough step 2 of 5: time the hook to catch the first carrot.,Add and review the translation for this language.
missing_translation,Localizable,tutorial.rabbitHole.step.2,ta,Tamil,தமிழ்,There’s a carrot! Tap at the right moment to grab it.,Daar is een wortel! Klik op het juiste moment om hem te pakken.,,new_since_2026-08-22,no,no,,,Rabbit Hole walkthrough step 2 of 5: time the hook to catch the first carrot.,Add and review the translation for this language.
missing_translation,Localizable,tutorial.rabbitHole.step.2,te,Telugu,తెలుగు,There’s a carrot! Tap at the right moment to grab it.,Daar is een wortel! Klik op het juiste moment om hem te pakken.,,new_since_2026-08-22,no,no,,,Rabbit Hole walkthrough step 2 of 5: time the hook to catch the first carrot.,Add and review the translation for this language.
missing_translation,Localizable,tutorial.rabbitHole.step.2,th,Thai,ไทย,There’s a carrot! Tap at the right moment to grab it.,Daar is een wortel! Klik op het juiste moment om hem te pakken.,,new_since_2026-08-22,no,no,,,Rabbit Hole walkthrough step 2 of 5: time the hook to catch the first carrot.,Add and review the translation for this language.
missing_translation,Localizable,tutorial.rabbitHole.step.2,tr,Turkish,Türkçe,There’s a carrot! Tap at the right moment to grab it.,Daar is een wortel! Klik op het juiste moment om hem te pakken.,,new_since_2026-08-22,no,no,,,Rabbit Hole walkthrough step 2 of 5: time the hook to catch the first carrot.,Add and review the translation for this language.
missing_translation,Localizable,tutorial.rabbitHole.step.2,ug,Uyghur,ئۇيغۇرچە,There’s a carrot! Tap at the right moment to grab it.,Daar is een wortel! Klik op het juiste moment om hem te pakken.,,new_since_2026-08-22,no,no,,,Rabbit Hole walkthrough step 2 of 5: time the hook to catch the first carrot.,Add and review the translation for this language.
missing_translation,Localizable,tutorial.rabbitHole.step.2,uk,Ukrainian,українська,There’s a carrot! Tap at the right moment to grab it.,Daar is een wortel! Klik op het juiste moment om hem te pakken.,,new_since_2026-08-22,no,no,,,Rabbit Hole walkthrough step 2 of 5: time the hook to catch the first carrot.,Add and review the translation for this language.
missing_translation,Localizable,tutorial.rabbitHole.step.2,ur,Urdu,اردو,There’s a carrot! Tap at the right moment to grab it.,Daar is een wortel! Klik op het juiste moment om hem te pakken.,,new_since_2026-08-22,no,no,,,Rabbit Hole walkthrough step 2 of 5: time the hook to catch the first carrot.,Add and review the translation for this language.
missing_translation,Localizable,tutorial.rabbitHole.step.2,uz,Uzbek,o‘zbek,There’s a carrot! Tap at the right moment to grab it.,Daar is een wortel! Klik op het juiste moment om hem te pakken.,,new_since_2026-08-22,no,no,,,Rabbit Hole walkthrough step 2 of 5: time the hook to catch the first carrot.,Add and review the translation for this language.
missing_translation,Localizable,tutorial.rabbitHole.step.2,vi,Vietnamese,Tiếng Việt,There’s a carrot! Tap at the right moment to grab it.,Daar is een wortel! Klik op het juiste moment om hem te pakken.,,new_since_2026-08-22,no,no,,,Rabbit Hole walkthrough step 2 of 5: time the hook to catch the first carrot.,Add and review the translation for this language.
missing_translation,Localizable,tutorial.rabbitHole.step.2,zh,Chinese,中文,There’s a carrot! Tap at the right moment to grab it.,Daar is een wortel! Klik op het juiste moment om hem te pakken.,,new_since_2026-08-22,no,no,,,Rabbit Hole walkthrough step 2 of 5: time the hook to catch the first carrot.,Add and review the translation for this language.
missing_translation,Localizable,tutorial.rabbitHole.step.2,zu,Zulu,isiZulu,There’s a carrot! Tap at the right moment to grab it.,Daar is een wortel! Klik op het juiste moment om hem te pakken.,,new_since_2026-08-22,no,no,,,Rabbit Hole walkthrough step 2 of 5: time the hook to catch the first carrot.,Add and review the translation for this language.
missing_translation,Localizable,tutorial.rabbitHole.step.3,af,Afrikaans,Afrikaans,Great job! Now grab the carrot that matches the question above.,Goed bezig! Pak nu steeds de wortel die bij de vraag hierboven past.,,new_since_2026-08-22,no,no,,,Rabbit Hole walkthrough step 3 of 5: collect the four carrots that match the current question.,Add and review the translation for this language.
missing_translation,Localizable,tutorial.rabbitHole.step.3,am,Amharic,አማርኛ,Great job! Now grab the carrot that matches the question above.,Goed bezig! Pak nu steeds de wortel die bij de vraag hierboven past.,,new_since_2026-08-22,no,no,,,Rabbit Hole walkthrough step 3 of 5: collect the four carrots that match the current question.,Add and review the translation for this language.
missing_translation,Localizable,tutorial.rabbitHole.step.3,ar,Arabic,العربية,Great job! Now grab the carrot that matches the question above.,Goed bezig! Pak nu steeds de wortel die bij de vraag hierboven past.,,new_since_2026-08-22,no,no,,,Rabbit Hole walkthrough step 3 of 5: collect the four carrots that match the current question.,Add and review the translation for this language.
missing_translation,Localizable,tutorial.rabbitHole.step.3,as,Assamese,অসমীয়া,Great job! Now grab the carrot that matches the question above.,Goed bezig! Pak nu steeds de wortel die bij de vraag hierboven past.,,new_since_2026-08-22,no,no,,,Rabbit Hole walkthrough step 3 of 5: collect the four carrots that match the current question.,Add and review the translation for this language.
missing_translation,Localizable,tutorial.rabbitHole.step.3,az,Azerbaijani,azərbaycan,Great job! Now grab the carrot that matches the question above.,Goed bezig! Pak nu steeds de wortel die bij de vraag hierboven past.,,new_since_2026-08-22,no,no,,,Rabbit Hole walkthrough step 3 of 5: collect the four carrots that match the current question.,Add and review the translation for this language.
missing_translation,Localizable,tutorial.rabbitHole.step.3,be,Belarusian,беларуская,Great job! Now grab the carrot that matches the question above.,Goed bezig! Pak nu steeds de wortel die bij de vraag hierboven past.,,new_since_2026-08-22,no,no,,,Rabbit Hole walkthrough step 3 of 5: collect the four carrots that match the current question.,Add and review the translation for this language.
missing_translation,Localizable,tutorial.rabbitHole.step.3,bg,Bulgarian,български,Great job! Now grab the carrot that matches the question above.,Goed bezig! Pak nu steeds de wortel die bij de vraag hierboven past.,,new_since_2026-08-22,no,no,,,Rabbit Hole walkthrough step 3 of 5: collect the four carrots that match the current question.,Add and review the translation for this language.
missing_translation,Localizable,tutorial.rabbitHole.step.3,bn,Bangla,বাংলা,Great job! Now grab the carrot that matches the question above.,Goed bezig! Pak nu steeds de wortel die bij de vraag hierboven past.,,new_since_2026-08-22,no,no,,,Rabbit Hole walkthrough step 3 of 5: collect the four carrots that match the current question.,Add and review the translation for this language.
missing_translation,Localizable,tutorial.rabbitHole.step.3,bo,Tibetan,བོད་སྐད་,Great job! Now grab the carrot that matches the question above.,Goed bezig! Pak nu steeds de wortel die bij de vraag hierboven past.,,new_since_2026-08-22,no,no,,,Rabbit Hole walkthrough step 3 of 5: collect the four carrots that match the current question.,Add and review the translation for this language.
missing_translation,Localizable,tutorial.rabbitHole.step.3,bs,Bosnian,bosanski,Great job! Now grab the carrot that matches the question above.,Goed bezig! Pak nu steeds de wortel die bij de vraag hierboven past.,,new_since_2026-08-22,no,no,,,Rabbit Hole walkthrough step 3 of 5: collect the four carrots that match the current question.,Add and review the translation for this language.
missing_translation,Localizable,tutorial.rabbitHole.step.3,ca,Catalan,català,Great job! Now grab the carrot that matches the question above.,Goed bezig! Pak nu steeds de wortel die bij de vraag hierboven past.,,new_since_2026-08-22,no,no,,,Rabbit Hole walkthrough step 3 of 5: collect the four carrots that match the current question.,Add and review the translation for this language.
missing_translation,Localizable,tutorial.rabbitHole.step.3,cs,Czech,čeština,Great job! Now grab the carrot that matches the question above.,Goed bezig! Pak nu steeds de wortel die bij de vraag hierboven past.,,new_since_2026-08-22,no,no,,,Rabbit Hole walkthrough step 3 of 5: collect the four carrots that match the current question.,Add and review the translation for this language.
missing_translation,Localizable,tutorial.rabbitHole.step.3,cy,Welsh,Cymraeg,Great job! Now grab the carrot that matches the question above.,Goed bezig! Pak nu steeds de wortel die bij de vraag hierboven past.,,new_since_2026-08-22,no,no,,,Rabbit Hole walkthrough step 3 of 5: collect the four carrots that match the current question.,Add and review the translation for this language.
missing_translation,Localizable,tutorial.rabbitHole.step.3,da,Danish,dansk,Great job! Now grab the carrot that matches the question above.,Goed bezig! Pak nu steeds de wortel die bij de vraag hierboven past.,,new_since_2026-08-22,no,no,,,Rabbit Hole walkthrough step 3 of 5: collect the four carrots that match the current question.,Add and review the translation for this language.
missing_translation,Localizable,tutorial.rabbitHole.step.3,de,German,Deutsch,Great job! Now grab the carrot that matches the question above.,Goed bezig! Pak nu steeds de wortel die bij de vraag hierboven past.,,new_since_2026-08-22,no,no,,,Rabbit Hole walkthrough step 3 of 5: collect the four carrots that match the current question.,Add and review the translation for this language.
missing_translation,Localizable,tutorial.rabbitHole.step.3,el,Greek,Ελληνικά,Great job! Now grab the carrot that matches the question above.,Goed bezig! Pak nu steeds de wortel die bij de vraag hierboven past.,,new_since_2026-08-22,no,no,,,Rabbit Hole walkthrough step 3 of 5: collect the four carrots that match the current question.,Add and review the translation for this language.
missing_translation,Localizable,tutorial.rabbitHole.step.3,es,Spanish,español,Great job! Now grab the carrot that matches the question above.,Goed bezig! Pak nu steeds de wortel die bij de vraag hierboven past.,,new_since_2026-08-22,no,no,,,Rabbit Hole walkthrough step 3 of 5: collect the four carrots that match the current question.,Add and review the translation for this language.
missing_translation,Localizable,tutorial.rabbitHole.step.3,et,Estonian,eesti,Great job! Now grab the carrot that matches the question above.,Goed bezig! Pak nu steeds de wortel die bij de vraag hierboven past.,,new_since_2026-08-22,no,no,,,Rabbit Hole walkthrough step 3 of 5: collect the four carrots that match the current question.,Add and review the translation for this language.
missing_translation,Localizable,tutorial.rabbitHole.step.3,eu,Basque,euskara,Great job! Now grab the carrot that matches the question above.,Goed bezig! Pak nu steeds de wortel die bij de vraag hierboven past.,,new_since_2026-08-22,no,no,,,Rabbit Hole walkthrough step 3 of 5: collect the four carrots that match the current question.,Add and review the translation for this language.
missing_translation,Localizable,tutorial.rabbitHole.step.3,fa,Persian,فارسی,Great job! Now grab the carrot that matches the question above.,Goed bezig! Pak nu steeds de wortel die bij de vraag hierboven past.,,new_since_2026-08-22,no,no,,,Rabbit Hole walkthrough step 3 of 5: collect the four carrots that match the current question.,Add and review the translation for this language.
missing_translation,Localizable,tutorial.rabbitHole.step.3,fi,Finnish,suomi,Great job! Now grab the carrot that matches the question above.,Goed bezig! Pak nu steeds de wortel die bij de vraag hierboven past.,,new_since_2026-08-22,no,no,,,Rabbit Hole walkthrough step 3 of 5: collect the four carrots that match the current question.,Add and review the translation for this language.
missing_translation,Localizable,tutorial.rabbitHole.step.3,fo,Faroese,føroyskt,Great job! Now grab the carrot that matches the question above.,Goed bezig! Pak nu steeds de wortel die bij de vraag hierboven past.,,new_since_2026-08-22,no,no,,,Rabbit Hole walkthrough step 3 of 5: collect the four carrots that match the current question.,Add and review the translation for this language.
missing_translation,Localizable,tutorial.rabbitHole.step.3,fr,French,français,Great job! Now grab the carrot that matches the question above.,Goed bezig! Pak nu steeds de wortel die bij de vraag hierboven past.,,new_since_2026-08-22,no,no,,,Rabbit Hole walkthrough step 3 of 5: collect the four carrots that match the current question.,Add and review the translation for this language.
missing_translation,Localizable,tutorial.rabbitHole.step.3,ga,Irish,Gaeilge,Great job! Now grab the carrot that matches the question above.,Goed bezig! Pak nu steeds de wortel die bij de vraag hierboven past.,,new_since_2026-08-22,no,no,,,Rabbit Hole walkthrough step 3 of 5: collect the four carrots that match the current question.,Add and review the translation for this language.
missing_translation,Localizable,tutorial.rabbitHole.step.3,gl,Galician,galego,Great job! Now grab the carrot that matches the question above.,Goed bezig! Pak nu steeds de wortel die bij de vraag hierboven past.,,new_since_2026-08-22,no,no,,,Rabbit Hole walkthrough step 3 of 5: collect the four carrots that match the current question.,Add and review the translation for this language.
missing_translation,Localizable,tutorial.rabbitHole.step.3,gu,Gujarati,ગુજરાતી,Great job! Now grab the carrot that matches the question above.,Goed bezig! Pak nu steeds de wortel die bij de vraag hierboven past.,,new_since_2026-08-22,no,no,,,Rabbit Hole walkthrough step 3 of 5: collect the four carrots that match the current question.,Add and review the translation for this language.
missing_translation,Localizable,tutorial.rabbitHole.step.3,he,Hebrew,עברית,Great job! Now grab the carrot that matches the question above.,Goed bezig! Pak nu steeds de wortel die bij de vraag hierboven past.,,new_since_2026-08-22,no,no,,,Rabbit Hole walkthrough step 3 of 5: collect the four carrots that match the current question.,Add and review the translation for this language.
missing_translation,Localizable,tutorial.rabbitHole.step.3,hi,Hindi,हिन्दी,Great job! Now grab the carrot that matches the question above.,Goed bezig! Pak nu steeds de wortel die bij de vraag hierboven past.,,new_since_2026-08-22,no,no,,,Rabbit Hole walkthrough step 3 of 5: collect the four carrots that match the current question.,Add and review the translation for this language.
missing_translation,Localizable,tutorial.rabbitHole.step.3,hr,Croatian,hrvatski,Great job! Now grab the carrot that matches the question above.,Goed bezig! Pak nu steeds de wortel die bij de vraag hierboven past.,,new_since_2026-08-22,no,no,,,Rabbit Hole walkthrough step 3 of 5: collect the four carrots that match the current question.,Add and review the translation for this language.
missing_translation,Localizable,tutorial.rabbitHole.step.3,hu,Hungarian,magyar,Great job! Now grab the carrot that matches the question above.,Goed bezig! Pak nu steeds de wortel die bij de vraag hierboven past.,,new_since_2026-08-22,no,no,,,Rabbit Hole walkthrough step 3 of 5: collect the four carrots that match the current question.,Add and review the translation for this language.
missing_translation,Localizable,tutorial.rabbitHole.step.3,hy,Armenian,հայերեն,Great job! Now grab the carrot that matches the question above.,Goed bezig! Pak nu steeds de wortel die bij de vraag hierboven past.,,new_since_2026-08-22,no,no,,,Rabbit Hole walkthrough step 3 of 5: collect the four carrots that match the current question.,Add and review the translation for this language.
missing_translation,Localizable,tutorial.rabbitHole.step.3,id,Indonesian,Indonesia,Great job! Now grab the carrot that matches the question above.,Goed bezig! Pak nu steeds de wortel die bij de vraag hierboven past.,,new_since_2026-08-22,no,no,,,Rabbit Hole walkthrough step 3 of 5: collect the four carrots that match the current question.,Add and review the translation for this language.
missing_translation,Localizable,tutorial.rabbitHole.step.3,is,Icelandic,íslenska,Great job! Now grab the carrot that matches the question above.,Goed bezig! Pak nu steeds de wortel die bij de vraag hierboven past.,,new_since_2026-08-22,no,no,,,Rabbit Hole walkthrough step 3 of 5: collect the four carrots that match the current question.,Add and review the translation for this language.
missing_translation,Localizable,tutorial.rabbitHole.step.3,it,Italian,italiano,Great job! Now grab the carrot that matches the question above.,Goed bezig! Pak nu steeds de wortel die bij de vraag hierboven past.,,new_since_2026-08-22,no,no,,,Rabbit Hole walkthrough step 3 of 5: collect the four carrots that match the current question.,Add and review the translation for this language.
missing_translation,Localizable,tutorial.rabbitHole.step.3,ja,Japanese,日本語,Great job! Now grab the carrot that matches the question above.,Goed bezig! Pak nu steeds de wortel die bij de vraag hierboven past.,,new_since_2026-08-22,no,no,,,Rabbit Hole walkthrough step 3 of 5: collect the four carrots that match the current question.,Add and review the translation for this language.
missing_translation,Localizable,tutorial.rabbitHole.step.3,ka,Georgian,ქართული,Great job! Now grab the carrot that matches the question above.,Goed bezig! Pak nu steeds de wortel die bij de vraag hierboven past.,,new_since_2026-08-22,no,no,,,Rabbit Hole walkthrough step 3 of 5: collect the four carrots that match the current question.,Add and review the translation for this language.
missing_translation,Localizable,tutorial.rabbitHole.step.3,kk,Kazakh,қазақ тілі,Great job! Now grab the carrot that matches the question above.,Goed bezig! Pak nu steeds de wortel die bij de vraag hierboven past.,,new_since_2026-08-22,no,no,,,Rabbit Hole walkthrough step 3 of 5: collect the four carrots that match the current question.,Add and review the translation for this language.
missing_translation,Localizable,tutorial.rabbitHole.step.3,km,Khmer,ខ្មែរ,Great job! Now grab the carrot that matches the question above.,Goed bezig! Pak nu steeds de wortel die bij de vraag hierboven past.,,new_since_2026-08-22,no,no,,,Rabbit Hole walkthrough step 3 of 5: collect the four carrots that match the current question.,Add and review the translation for this language.
missing_translation,Localizable,tutorial.rabbitHole.step.3,kn,Kannada,ಕನ್ನಡ,Great job! Now grab the carrot that matches the question above.,Goed bezig! Pak nu steeds de wortel die bij de vraag hierboven past.,,new_since_2026-08-22,no,no,,,Rabbit Hole walkthrough step 3 of 5: collect the four carrots that match the current question.,Add and review the translation for this language.
missing_translation,Localizable,tutorial.rabbitHole.step.3,ko,Korean,한국어,Great job! Now grab the carrot that matches the question above.,Goed bezig! Pak nu steeds de wortel die bij de vraag hierboven past.,,new_since_2026-08-22,no,no,,,Rabbit Hole walkthrough step 3 of 5: collect the four carrots that match the current question.,Add and review the translation for this language.
missing_translation,Localizable,tutorial.rabbitHole.step.3,lo,Lao,ລາວ,Great job! Now grab the carrot that matches the question above.,Goed bezig! Pak nu steeds de wortel die bij de vraag hierboven past.,,new_since_2026-08-22,no,no,,,Rabbit Hole walkthrough step 3 of 5: collect the four carrots that match the current question.,Add and review the translation for this language.
missing_translation,Localizable,tutorial.rabbitHole.step.3,lt,Lithuanian,lietuvių,Great job! Now grab the carrot that matches the question above.,Goed bezig! Pak nu steeds de wortel die bij de vraag hierboven past.,,new_since_2026-08-22,no,no,,,Rabbit Hole walkthrough step 3 of 5: collect the four carrots that match the current question.,Add and review the translation for this language.
missing_translation,Localizable,tutorial.rabbitHole.step.3,lv,Latvian,latviešu,Great job! Now grab the carrot that matches the question above.,Goed bezig! Pak nu steeds de wortel die bij de vraag hierboven past.,,new_since_2026-08-22,no,no,,,Rabbit Hole walkthrough step 3 of 5: collect the four carrots that match the current question.,Add and review the translation for this language.
missing_translation,Localizable,tutorial.rabbitHole.step.3,mk,Macedonian,македонски,Great job! Now grab the carrot that matches the question above.,Goed bezig! Pak nu steeds de wortel die bij de vraag hierboven past.,,new_since_2026-08-22,no,no,,,Rabbit Hole walkthrough step 3 of 5: collect the four carrots that match the current question.,Add and review the translation for this language.
missing_translation,Localizable,tutorial.rabbitHole.step.3,ml,Malayalam,മലയാളം,Great job! Now grab the carrot that matches the question above.,Goed bezig! Pak nu steeds de wortel die bij de vraag hierboven past.,,new_since_2026-08-22,no,no,,,Rabbit Hole walkthrough step 3 of 5: collect the four carrots that match the current question.,Add and review the translation for this language.
missing_translation,Localizable,tutorial.rabbitHole.step.3,mn,Mongolian,монгол,Great job! Now grab the carrot that matches the question above.,Goed bezig! Pak nu steeds de wortel die bij de vraag hierboven past.,,new_since_2026-08-22,no,no,,,Rabbit Hole walkthrough step 3 of 5: collect the four carrots that match the current question.,Add and review the translation for this language.
missing_translation,Localizable,tutorial.rabbitHole.step.3,mr,Marathi,मराठी,Great job! Now grab the carrot that matches the question above.,Goed bezig! Pak nu steeds de wortel die bij de vraag hierboven past.,,new_since_2026-08-22,no,no,,,Rabbit Hole walkthrough step 3 of 5: collect the four carrots that match the current question.,Add and review the translation for this language.
missing_translation,Localizable,tutorial.rabbitHole.step.3,ms,Malay,Melayu,Great job! Now grab the carrot that matches the question above.,Goed bezig! Pak nu steeds de wortel die bij de vraag hierboven past.,,new_since_2026-08-22,no,no,,,Rabbit Hole walkthrough step 3 of 5: collect the four carrots that match the current question.,Add and review the translation for this language.
missing_translation,Localizable,tutorial.rabbitHole.step.3,my,Burmese,မြန်မာ,Great job! Now grab the carrot that matches the question above.,Goed bezig! Pak nu steeds de wortel die bij de vraag hierboven past.,,new_since_2026-08-22,no,no,,,Rabbit Hole walkthrough step 3 of 5: collect the four carrots that match the current question.,Add and review the translation for this language.
missing_translation,Localizable,tutorial.rabbitHole.step.3,nb,Norwegian Bokmål,norsk bokmål,Great job! Now grab the carrot that matches the question above.,Goed bezig! Pak nu steeds de wortel die bij de vraag hierboven past.,,new_since_2026-08-22,no,no,,,Rabbit Hole walkthrough step 3 of 5: collect the four carrots that match the current question.,Add and review the translation for this language.
missing_translation,Localizable,tutorial.rabbitHole.step.3,ne,Nepali,नेपाली,Great job! Now grab the carrot that matches the question above.,Goed bezig! Pak nu steeds de wortel die bij de vraag hierboven past.,,new_since_2026-08-22,no,no,,,Rabbit Hole walkthrough step 3 of 5: collect the four carrots that match the current question.,Add and review the translation for this language.
missing_translation,Localizable,tutorial.rabbitHole.step.3,or,Odia,ଓଡ଼ିଆ,Great job! Now grab the carrot that matches the question above.,Goed bezig! Pak nu steeds de wortel die bij de vraag hierboven past.,,new_since_2026-08-22,no,no,,,Rabbit Hole walkthrough step 3 of 5: collect the four carrots that match the current question.,Add and review the translation for this language.
missing_translation,Localizable,tutorial.rabbitHole.step.3,pa,Punjabi,ਪੰਜਾਬੀ,Great job! Now grab the carrot that matches the question above.,Goed bezig! Pak nu steeds de wortel die bij de vraag hierboven past.,,new_since_2026-08-22,no,no,,,Rabbit Hole walkthrough step 3 of 5: collect the four carrots that match the current question.,Add and review the translation for this language.
missing_translation,Localizable,tutorial.rabbitHole.step.3,pl,Polish,polski,Great job! Now grab the carrot that matches the question above.,Goed bezig! Pak nu steeds de wortel die bij de vraag hierboven past.,,new_since_2026-08-22,no,no,,,Rabbit Hole walkthrough step 3 of 5: collect the four carrots that match the current question.,Add and review the translation for this language.
missing_translation,Localizable,tutorial.rabbitHole.step.3,pt,Portuguese,português,Great job! Now grab the carrot that matches the question above.,Goed bezig! Pak nu steeds de wortel die bij de vraag hierboven past.,,new_since_2026-08-22,no,no,,,Rabbit Hole walkthrough step 3 of 5: collect the four carrots that match the current question.,Add and review the translation for this language.
missing_translation,Localizable,tutorial.rabbitHole.step.3,ro,Romanian,română,Great job! Now grab the carrot that matches the question above.,Goed bezig! Pak nu steeds de wortel die bij de vraag hierboven past.,,new_since_2026-08-22,no,no,,,Rabbit Hole walkthrough step 3 of 5: collect the four carrots that match the current question.,Add and review the translation for this language.
missing_translation,Localizable,tutorial.rabbitHole.step.3,ru,Russian,русский,Great job! Now grab the carrot that matches the question above.,Goed bezig! Pak nu steeds de wortel die bij de vraag hierboven past.,,new_since_2026-08-22,no,no,,,Rabbit Hole walkthrough step 3 of 5: collect the four carrots that match the current question.,Add and review the translation for this language.
missing_translation,Localizable,tutorial.rabbitHole.step.3,si,Sinhala,සිංහල,Great job! Now grab the carrot that matches the question above.,Goed bezig! Pak nu steeds de wortel die bij de vraag hierboven past.,,new_since_2026-08-22,no,no,,,Rabbit Hole walkthrough step 3 of 5: collect the four carrots that match the current question.,Add and review the translation for this language.
missing_translation,Localizable,tutorial.rabbitHole.step.3,sk,Slovak,slovenčina,Great job! Now grab the carrot that matches the question above.,Goed bezig! Pak nu steeds de wortel die bij de vraag hierboven past.,,new_since_2026-08-22,no,no,,,Rabbit Hole walkthrough step 3 of 5: collect the four carrots that match the current question.,Add and review the translation for this language.
missing_translation,Localizable,tutorial.rabbitHole.step.3,sl,Slovenian,slovenščina,Great job! Now grab the carrot that matches the question above.,Goed bezig! Pak nu steeds de wortel die bij de vraag hierboven past.,,new_since_2026-08-22,no,no,,,Rabbit Hole walkthrough step 3 of 5: collect the four carrots that match the current question.,Add and review the translation for this language.
missing_translation,Localizable,tutorial.rabbitHole.step.3,sq,Albanian,shqip,Great job! Now grab the carrot that matches the question above.,Goed bezig! Pak nu steeds de wortel die bij de vraag hierboven past.,,new_since_2026-08-22,no,no,,,Rabbit Hole walkthrough step 3 of 5: collect the four carrots that match the current question.,Add and review the translation for this language.
missing_translation,Localizable,tutorial.rabbitHole.step.3,sr,Serbian,српски,Great job! Now grab the carrot that matches the question above.,Goed bezig! Pak nu steeds de wortel die bij de vraag hierboven past.,,new_since_2026-08-22,no,no,,,Rabbit Hole walkthrough step 3 of 5: collect the four carrots that match the current question.,Add and review the translation for this language.
missing_translation,Localizable,tutorial.rabbitHole.step.3,sv,Swedish,svenska,Great job! Now grab the carrot that matches the question above.,Goed bezig! Pak nu steeds de wortel die bij de vraag hierboven past.,,new_since_2026-08-22,no,no,,,Rabbit Hole walkthrough step 3 of 5: collect the four carrots that match the current question.,Add and review the translation for this language.
missing_translation,Localizable,tutorial.rabbitHole.step.3,sw,Swahili,Kiswahili,Great job! Now grab the carrot that matches the question above.,Goed bezig! Pak nu steeds de wortel die bij de vraag hierboven past.,,new_since_2026-08-22,no,no,,,Rabbit Hole walkthrough step 3 of 5: collect the four carrots that match the current question.,Add and review the translation for this language.
missing_translation,Localizable,tutorial.rabbitHole.step.3,ta,Tamil,தமிழ்,Great job! Now grab the carrot that matches the question above.,Goed bezig! Pak nu steeds de wortel die bij de vraag hierboven past.,,new_since_2026-08-22,no,no,,,Rabbit Hole walkthrough step 3 of 5: collect the four carrots that match the current question.,Add and review the translation for this language.
missing_translation,Localizable,tutorial.rabbitHole.step.3,te,Telugu,తెలుగు,Great job! Now grab the carrot that matches the question above.,Goed bezig! Pak nu steeds de wortel die bij de vraag hierboven past.,,new_since_2026-08-22,no,no,,,Rabbit Hole walkthrough step 3 of 5: collect the four carrots that match the current question.,Add and review the translation for this language.
missing_translation,Localizable,tutorial.rabbitHole.step.3,th,Thai,ไทย,Great job! Now grab the carrot that matches the question above.,Goed bezig! Pak nu steeds de wortel die bij de vraag hierboven past.,,new_since_2026-08-22,no,no,,,Rabbit Hole walkthrough step 3 of 5: collect the four carrots that match the current question.,Add and review the translation for this language.
missing_translation,Localizable,tutorial.rabbitHole.step.3,tr,Turkish,Türkçe,Great job! Now grab the carrot that matches the question above.,Goed bezig! Pak nu steeds de wortel die bij de vraag hierboven past.,,new_since_2026-08-22,no,no,,,Rabbit Hole walkthrough step 3 of 5: collect the four carrots that match the current question.,Add and review the translation for this language.
missing_translation,Localizable,tutorial.rabbitHole.step.3,ug,Uyghur,ئۇيغۇرچە,Great job! Now grab the carrot that matches the question above.,Goed bezig! Pak nu steeds de wortel die bij de vraag hierboven past.,,new_since_2026-08-22,no,no,,,Rabbit Hole walkthrough step 3 of 5: collect the four carrots that match the current question.,Add and review the translation for this language.
missing_translation,Localizable,tutorial.rabbitHole.step.3,uk,Ukrainian,українська,Great job! Now grab the carrot that matches the question above.,Goed bezig! Pak nu steeds de wortel die bij de vraag hierboven past.,,new_since_2026-08-22,no,no,,,Rabbit Hole walkthrough step 3 of 5: collect the four carrots that match the current question.,Add and review the translation for this language.
missing_translation,Localizable,tutorial.rabbitHole.step.3,ur,Urdu,اردو,Great job! Now grab the carrot that matches the question above.,Goed bezig! Pak nu steeds de wortel die bij de vraag hierboven past.,,new_since_2026-08-22,no,no,,,Rabbit Hole walkthrough step 3 of 5: collect the four carrots that match the current question.,Add and review the translation for this language.
missing_translation,Localizable,tutorial.rabbitHole.step.3,uz,Uzbek,o‘zbek,Great job! Now grab the carrot that matches the question above.,Goed bezig! Pak nu steeds de wortel die bij de vraag hierboven past.,,new_since_2026-08-22,no,no,,,Rabbit Hole walkthrough step 3 of 5: collect the four carrots that match the current question.,Add and review the translation for this language.
missing_translation,Localizable,tutorial.rabbitHole.step.3,vi,Vietnamese,Tiếng Việt,Great job! Now grab the carrot that matches the question above.,Goed bezig! Pak nu steeds de wortel die bij de vraag hierboven past.,,new_since_2026-08-22,no,no,,,Rabbit Hole walkthrough step 3 of 5: collect the four carrots that match the current question.,Add and review the translation for this language.
missing_translation,Localizable,tutorial.rabbitHole.step.3,zh,Chinese,中文,Great job! Now grab the carrot that matches the question above.,Goed bezig! Pak nu steeds de wortel die bij de vraag hierboven past.,,new_since_2026-08-22,no,no,,,Rabbit Hole walkthrough step 3 of 5: collect the four carrots that match the current question.,Add and review the translation for this language.
missing_translation,Localizable,tutorial.rabbitHole.step.3,zu,Zulu,isiZulu,Great job! Now grab the carrot that matches the question above.,Goed bezig! Pak nu steeds de wortel die bij de vraag hierboven past.,,new_since_2026-08-22,no,no,,,Rabbit Hole walkthrough step 3 of 5: collect the four carrots that match the current question.,Add and review the translation for this language.
missing_translation,Localizable,tutorial.rabbitHole.step.4,af,Afrikaans,Afrikaans,Watch out for dynamite! Touch it to see what happens… or wait for the timer to run out!,Pas op voor dynamiet! Raak het aan om te zien wat er gebeurt… of wacht tot de timer afloopt!,,new_since_2026-08-22,yes,yes,"2026-08-26 e907a45 en: Watch out, dynamite! Touch it to see what happens… or wait for the timer to run out! -> Watch out for dynamite! Touch it to see what happens… or wait for the timer to run out! | 2026-08-26 e907a45 nl: Pas op, dynamiet! Raak het aan om te zien wat er gebeurt… of wacht tot de timer afloopt! -> Pas op voor dynamiet! Raak het aan om te zien wat er gebeurt… of wacht tot de timer afloopt!",,Rabbit Hole walkthrough step 4 of 5: touch the dynamite or wait for its 60-second timer.,Add and review the translation for this language.
missing_translation,Localizable,tutorial.rabbitHole.step.4,am,Amharic,አማርኛ,Watch out for dynamite! Touch it to see what happens… or wait for the timer to run out!,Pas op voor dynamiet! Raak het aan om te zien wat er gebeurt… of wacht tot de timer afloopt!,,new_since_2026-08-22,yes,yes,"2026-08-26 e907a45 en: Watch out, dynamite! Touch it to see what happens… or wait for the timer to run out! -> Watch out for dynamite! Touch it to see what happens… or wait for the timer to run out! | 2026-08-26 e907a45 nl: Pas op, dynamiet! Raak het aan om te zien wat er gebeurt… of wacht tot de timer afloopt! -> Pas op voor dynamiet! Raak het aan om te zien wat er gebeurt… of wacht tot de timer afloopt!",,Rabbit Hole walkthrough step 4 of 5: touch the dynamite or wait for its 60-second timer.,Add and review the translation for this language.
missing_translation,Localizable,tutorial.rabbitHole.step.4,ar,Arabic,العربية,Watch out for dynamite! Touch it to see what happens… or wait for the timer to run out!,Pas op voor dynamiet! Raak het aan om te zien wat er gebeurt… of wacht tot de timer afloopt!,,new_since_2026-08-22,yes,yes,"2026-08-26 e907a45 en: Watch out, dynamite! Touch it to see what happens… or wait for the timer to run out! -> Watch out for dynamite! Touch it to see what happens… or wait for the timer to run out! | 2026-08-26 e907a45 nl: Pas op, dynamiet! Raak het aan om te zien wat er gebeurt… of wacht tot de timer afloopt! -> Pas op voor dynamiet! Raak het aan om te zien wat er gebeurt… of wacht tot de timer afloopt!",,Rabbit Hole walkthrough step 4 of 5: touch the dynamite or wait for its 60-second timer.,Add and review the translation for this language.
missing_translation,Localizable,tutorial.rabbitHole.step.4,as,Assamese,অসমীয়া,Watch out for dynamite! Touch it to see what happens… or wait for the timer to run out!,Pas op voor dynamiet! Raak het aan om te zien wat er gebeurt… of wacht tot de timer afloopt!,,new_since_2026-08-22,yes,yes,"2026-08-26 e907a45 en: Watch out, dynamite! Touch it to see what happens… or wait for the timer to run out! -> Watch out for dynamite! Touch it to see what happens… or wait for the timer to run out! | 2026-08-26 e907a45 nl: Pas op, dynamiet! Raak het aan om te zien wat er gebeurt… of wacht tot de timer afloopt! -> Pas op voor dynamiet! Raak het aan om te zien wat er gebeurt… of wacht tot de timer afloopt!",,Rabbit Hole walkthrough step 4 of 5: touch the dynamite or wait for its 60-second timer.,Add and review the translation for this language.
missing_translation,Localizable,tutorial.rabbitHole.step.4,az,Azerbaijani,azərbaycan,Watch out for dynamite! Touch it to see what happens… or wait for the timer to run out!,Pas op voor dynamiet! Raak het aan om te zien wat er gebeurt… of wacht tot de timer afloopt!,,new_since_2026-08-22,yes,yes,"2026-08-26 e907a45 en: Watch out, dynamite! Touch it to see what happens… or wait for the timer to run out! -> Watch out for dynamite! Touch it to see what happens… or wait for the timer to run out! | 2026-08-26 e907a45 nl: Pas op, dynamiet! Raak het aan om te zien wat er gebeurt… of wacht tot de timer afloopt! -> Pas op voor dynamiet! Raak het aan om te zien wat er gebeurt… of wacht tot de timer afloopt!",,Rabbit Hole walkthrough step 4 of 5: touch the dynamite or wait for its 60-second timer.,Add and review the translation for this language.
missing_translation,Localizable,tutorial.rabbitHole.step.4,be,Belarusian,беларуская,Watch out for dynamite! Touch it to see what happens… or wait for the timer to run out!,Pas op voor dynamiet! Raak het aan om te zien wat er gebeurt… of wacht tot de timer afloopt!,,new_since_2026-08-22,yes,yes,"2026-08-26 e907a45 en: Watch out, dynamite! Touch it to see what happens… or wait for the timer to run out! -> Watch out for dynamite! Touch it to see what happens… or wait for the timer to run out! | 2026-08-26 e907a45 nl: Pas op, dynamiet! Raak het aan om te zien wat er gebeurt… of wacht tot de timer afloopt! -> Pas op voor dynamiet! Raak het aan om te zien wat er gebeurt… of wacht tot de timer afloopt!",,Rabbit Hole walkthrough step 4 of 5: touch the dynamite or wait for its 60-second timer.,Add and review the translation for this language.
missing_translation,Localizable,tutorial.rabbitHole.step.4,bg,Bulgarian,български,Watch out for dynamite! Touch it to see what happens… or wait for the timer to run out!,Pas op voor dynamiet! Raak het aan om te zien wat er gebeurt… of wacht tot de timer afloopt!,,new_since_2026-08-22,yes,yes,"2026-08-26 e907a45 en: Watch out, dynamite! Touch it to see what happens… or wait for the timer to run out! -> Watch out for dynamite! Touch it to see what happens… or wait for the timer to run out! | 2026-08-26 e907a45 nl: Pas op, dynamiet! Raak het aan om te zien wat er gebeurt… of wacht tot de timer afloopt! -> Pas op voor dynamiet! Raak het aan om te zien wat er gebeurt… of wacht tot de timer afloopt!",,Rabbit Hole walkthrough step 4 of 5: touch the dynamite or wait for its 60-second timer.,Add and review the translation for this language.
missing_translation,Localizable,tutorial.rabbitHole.step.4,bn,Bangla,বাংলা,Watch out for dynamite! Touch it to see what happens… or wait for the timer to run out!,Pas op voor dynamiet! Raak het aan om te zien wat er gebeurt… of wacht tot de timer afloopt!,,new_since_2026-08-22,yes,yes,"2026-08-26 e907a45 en: Watch out, dynamite! Touch it to see what happens… or wait for the timer to run out! -> Watch out for dynamite! Touch it to see what happens… or wait for the timer to run out! | 2026-08-26 e907a45 nl: Pas op, dynamiet! Raak het aan om te zien wat er gebeurt… of wacht tot de timer afloopt! -> Pas op voor dynamiet! Raak het aan om te zien wat er gebeurt… of wacht tot de timer afloopt!",,Rabbit Hole walkthrough step 4 of 5: touch the dynamite or wait for its 60-second timer.,Add and review the translation for this language.
missing_translation,Localizable,tutorial.rabbitHole.step.4,bo,Tibetan,བོད་སྐད་,Watch out for dynamite! Touch it to see what happens… or wait for the timer to run out!,Pas op voor dynamiet! Raak het aan om te zien wat er gebeurt… of wacht tot de timer afloopt!,,new_since_2026-08-22,yes,yes,"2026-08-26 e907a45 en: Watch out, dynamite! Touch it to see what happens… or wait for the timer to run out! -> Watch out for dynamite! Touch it to see what happens… or wait for the timer to run out! | 2026-08-26 e907a45 nl: Pas op, dynamiet! Raak het aan om te zien wat er gebeurt… of wacht tot de timer afloopt! -> Pas op voor dynamiet! Raak het aan om te zien wat er gebeurt… of wacht tot de timer afloopt!",,Rabbit Hole walkthrough step 4 of 5: touch the dynamite or wait for its 60-second timer.,Add and review the translation for this language.
missing_translation,Localizable,tutorial.rabbitHole.step.4,bs,Bosnian,bosanski,Watch out for dynamite! Touch it to see what happens… or wait for the timer to run out!,Pas op voor dynamiet! Raak het aan om te zien wat er gebeurt… of wacht tot de timer afloopt!,,new_since_2026-08-22,yes,yes,"2026-08-26 e907a45 en: Watch out, dynamite! Touch it to see what happens… or wait for the timer to run out! -> Watch out for dynamite! Touch it to see what happens… or wait for the timer to run out! | 2026-08-26 e907a45 nl: Pas op, dynamiet! Raak het aan om te zien wat er gebeurt… of wacht tot de timer afloopt! -> Pas op voor dynamiet! Raak het aan om te zien wat er gebeurt… of wacht tot de timer afloopt!",,Rabbit Hole walkthrough step 4 of 5: touch the dynamite or wait for its 60-second timer.,Add and review the translation for this language.
missing_translation,Localizable,tutorial.rabbitHole.step.4,ca,Catalan,català,Watch out for dynamite! Touch it to see what happens… or wait for the timer to run out!,Pas op voor dynamiet! Raak het aan om te zien wat er gebeurt… of wacht tot de timer afloopt!,,new_since_2026-08-22,yes,yes,"2026-08-26 e907a45 en: Watch out, dynamite! Touch it to see what happens… or wait for the timer to run out! -> Watch out for dynamite! Touch it to see what happens… or wait for the timer to run out! | 2026-08-26 e907a45 nl: Pas op, dynamiet! Raak het aan om te zien wat er gebeurt… of wacht tot de timer afloopt! -> Pas op voor dynamiet! Raak het aan om te zien wat er gebeurt… of wacht tot de timer afloopt!",,Rabbit Hole walkthrough step 4 of 5: touch the dynamite or wait for its 60-second timer.,Add and review the translation for this language.
missing_translation,Localizable,tutorial.rabbitHole.step.4,cs,Czech,čeština,Watch out for dynamite! Touch it to see what happens… or wait for the timer to run out!,Pas op voor dynamiet! Raak het aan om te zien wat er gebeurt… of wacht tot de timer afloopt!,,new_since_2026-08-22,yes,yes,"2026-08-26 e907a45 en: Watch out, dynamite! Touch it to see what happens… or wait for the timer to run out! -> Watch out for dynamite! Touch it to see what happens… or wait for the timer to run out! | 2026-08-26 e907a45 nl: Pas op, dynamiet! Raak het aan om te zien wat er gebeurt… of wacht tot de timer afloopt! -> Pas op voor dynamiet! Raak het aan om te zien wat er gebeurt… of wacht tot de timer afloopt!",,Rabbit Hole walkthrough step 4 of 5: touch the dynamite or wait for its 60-second timer.,Add and review the translation for this language.
missing_translation,Localizable,tutorial.rabbitHole.step.4,cy,Welsh,Cymraeg,Watch out for dynamite! Touch it to see what happens… or wait for the timer to run out!,Pas op voor dynamiet! Raak het aan om te zien wat er gebeurt… of wacht tot de timer afloopt!,,new_since_2026-08-22,yes,yes,"2026-08-26 e907a45 en: Watch out, dynamite! Touch it to see what happens… or wait for the timer to run out! -> Watch out for dynamite! Touch it to see what happens… or wait for the timer to run out! | 2026-08-26 e907a45 nl: Pas op, dynamiet! Raak het aan om te zien wat er gebeurt… of wacht tot de timer afloopt! -> Pas op voor dynamiet! Raak het aan om te zien wat er gebeurt… of wacht tot de timer afloopt!",,Rabbit Hole walkthrough step 4 of 5: touch the dynamite or wait for its 60-second timer.,Add and review the translation for this language.
missing_translation,Localizable,tutorial.rabbitHole.step.4,da,Danish,dansk,Watch out for dynamite! Touch it to see what happens… or wait for the timer to run out!,Pas op voor dynamiet! Raak het aan om te zien wat er gebeurt… of wacht tot de timer afloopt!,,new_since_2026-08-22,yes,yes,"2026-08-26 e907a45 en: Watch out, dynamite! Touch it to see what happens… or wait for the timer to run out! -> Watch out for dynamite! Touch it to see what happens… or wait for the timer to run out! | 2026-08-26 e907a45 nl: Pas op, dynamiet! Raak het aan om te zien wat er gebeurt… of wacht tot de timer afloopt! -> Pas op voor dynamiet! Raak het aan om te zien wat er gebeurt… of wacht tot de timer afloopt!",,Rabbit Hole walkthrough step 4 of 5: touch the dynamite or wait for its 60-second timer.,Add and review the translation for this language.
missing_translation,Localizable,tutorial.rabbitHole.step.4,de,German,Deutsch,Watch out for dynamite! Touch it to see what happens… or wait for the timer to run out!,Pas op voor dynamiet! Raak het aan om te zien wat er gebeurt… of wacht tot de timer afloopt!,,new_since_2026-08-22,yes,yes,"2026-08-26 e907a45 en: Watch out, dynamite! Touch it to see what happens… or wait for the timer to run out! -> Watch out for dynamite! Touch it to see what happens… or wait for the timer to run out! | 2026-08-26 e907a45 nl: Pas op, dynamiet! Raak het aan om te zien wat er gebeurt… of wacht tot de timer afloopt! -> Pas op voor dynamiet! Raak het aan om te zien wat er gebeurt… of wacht tot de timer afloopt!",,Rabbit Hole walkthrough step 4 of 5: touch the dynamite or wait for its 60-second timer.,Add and review the translation for this language.
missing_translation,Localizable,tutorial.rabbitHole.step.4,el,Greek,Ελληνικά,Watch out for dynamite! Touch it to see what happens… or wait for the timer to run out!,Pas op voor dynamiet! Raak het aan om te zien wat er gebeurt… of wacht tot de timer afloopt!,,new_since_2026-08-22,yes,yes,"2026-08-26 e907a45 en: Watch out, dynamite! Touch it to see what happens… or wait for the timer to run out! -> Watch out for dynamite! Touch it to see what happens… or wait for the timer to run out! | 2026-08-26 e907a45 nl: Pas op, dynamiet! Raak het aan om te zien wat er gebeurt… of wacht tot de timer afloopt! -> Pas op voor dynamiet! Raak het aan om te zien wat er gebeurt… of wacht tot de timer afloopt!",,Rabbit Hole walkthrough step 4 of 5: touch the dynamite or wait for its 60-second timer.,Add and review the translation for this language.
missing_translation,Localizable,tutorial.rabbitHole.step.4,es,Spanish,español,Watch out for dynamite! Touch it to see what happens… or wait for the timer to run out!,Pas op voor dynamiet! Raak het aan om te zien wat er gebeurt… of wacht tot de timer afloopt!,,new_since_2026-08-22,yes,yes,"2026-08-26 e907a45 en: Watch out, dynamite! Touch it to see what happens… or wait for the timer to run out! -> Watch out for dynamite! Touch it to see what happens… or wait for the timer to run out! | 2026-08-26 e907a45 nl: Pas op, dynamiet! Raak het aan om te zien wat er gebeurt… of wacht tot de timer afloopt! -> Pas op voor dynamiet! Raak het aan om te zien wat er gebeurt… of wacht tot de timer afloopt!",,Rabbit Hole walkthrough step 4 of 5: touch the dynamite or wait for its 60-second timer.,Add and review the translation for this language.
missing_translation,Localizable,tutorial.rabbitHole.step.4,et,Estonian,eesti,Watch out for dynamite! Touch it to see what happens… or wait for the timer to run out!,Pas op voor dynamiet! Raak het aan om te zien wat er gebeurt… of wacht tot de timer afloopt!,,new_since_2026-08-22,yes,yes,"2026-08-26 e907a45 en: Watch out, dynamite! Touch it to see what happens… or wait for the timer to run out! -> Watch out for dynamite! Touch it to see what happens… or wait for the timer to run out! | 2026-08-26 e907a45 nl: Pas op, dynamiet! Raak het aan om te zien wat er gebeurt… of wacht tot de timer afloopt! -> Pas op voor dynamiet! Raak het aan om te zien wat er gebeurt… of wacht tot de timer afloopt!",,Rabbit Hole walkthrough step 4 of 5: touch the dynamite or wait for its 60-second timer.,Add and review the translation for this language.
missing_translation,Localizable,tutorial.rabbitHole.step.4,eu,Basque,euskara,Watch out for dynamite! Touch it to see what happens… or wait for the timer to run out!,Pas op voor dynamiet! Raak het aan om te zien wat er gebeurt… of wacht tot de timer afloopt!,,new_since_2026-08-22,yes,yes,"2026-08-26 e907a45 en: Watch out, dynamite! Touch it to see what happens… or wait for the timer to run out! -> Watch out for dynamite! Touch it to see what happens… or wait for the timer to run out! | 2026-08-26 e907a45 nl: Pas op, dynamiet! Raak het aan om te zien wat er gebeurt… of wacht tot de timer afloopt! -> Pas op voor dynamiet! Raak het aan om te zien wat er gebeurt… of wacht tot de timer afloopt!",,Rabbit Hole walkthrough step 4 of 5: touch the dynamite or wait for its 60-second timer.,Add and review the translation for this language.
missing_translation,Localizable,tutorial.rabbitHole.step.4,fa,Persian,فارسی,Watch out for dynamite! Touch it to see what happens… or wait for the timer to run out!,Pas op voor dynamiet! Raak het aan om te zien wat er gebeurt… of wacht tot de timer afloopt!,,new_since_2026-08-22,yes,yes,"2026-08-26 e907a45 en: Watch out, dynamite! Touch it to see what happens… or wait for the timer to run out! -> Watch out for dynamite! Touch it to see what happens… or wait for the timer to run out! | 2026-08-26 e907a45 nl: Pas op, dynamiet! Raak het aan om te zien wat er gebeurt… of wacht tot de timer afloopt! -> Pas op voor dynamiet! Raak het aan om te zien wat er gebeurt… of wacht tot de timer afloopt!",,Rabbit Hole walkthrough step 4 of 5: touch the dynamite or wait for its 60-second timer.,Add and review the translation for this language.
missing_translation,Localizable,tutorial.rabbitHole.step.4,fi,Finnish,suomi,Watch out for dynamite! Touch it to see what happens… or wait for the timer to run out!,Pas op voor dynamiet! Raak het aan om te zien wat er gebeurt… of wacht tot de timer afloopt!,,new_since_2026-08-22,yes,yes,"2026-08-26 e907a45 en: Watch out, dynamite! Touch it to see what happens… or wait for the timer to run out! -> Watch out for dynamite! Touch it to see what happens… or wait for the timer to run out! | 2026-08-26 e907a45 nl: Pas op, dynamiet! Raak het aan om te zien wat er gebeurt… of wacht tot de timer afloopt! -> Pas op voor dynamiet! Raak het aan om te zien wat er gebeurt… of wacht tot de timer afloopt!",,Rabbit Hole walkthrough step 4 of 5: touch the dynamite or wait for its 60-second timer.,Add and review the translation for this language.
missing_translation,Localizable,tutorial.rabbitHole.step.4,fo,Faroese,føroyskt,Watch out for dynamite! Touch it to see what happens… or wait for the timer to run out!,Pas op voor dynamiet! Raak het aan om te zien wat er gebeurt… of wacht tot de timer afloopt!,,new_since_2026-08-22,yes,yes,"2026-08-26 e907a45 en: Watch out, dynamite! Touch it to see what happens… or wait for the timer to run out! -> Watch out for dynamite! Touch it to see what happens… or wait for the timer to run out! | 2026-08-26 e907a45 nl: Pas op, dynamiet! Raak het aan om te zien wat er gebeurt… of wacht tot de timer afloopt! -> Pas op voor dynamiet! Raak het aan om te zien wat er gebeurt… of wacht tot de timer afloopt!",,Rabbit Hole walkthrough step 4 of 5: touch the dynamite or wait for its 60-second timer.,Add and review the translation for this language.
missing_translation,Localizable,tutorial.rabbitHole.step.4,fr,French,français,Watch out for dynamite! Touch it to see what happens… or wait for the timer to run out!,Pas op voor dynamiet! Raak het aan om te zien wat er gebeurt… of wacht tot de timer afloopt!,,new_since_2026-08-22,yes,yes,"2026-08-26 e907a45 en: Watch out, dynamite! Touch it to see what happens… or wait for the timer to run out! -> Watch out for dynamite! Touch it to see what happens… or wait for the timer to run out! | 2026-08-26 e907a45 nl: Pas op, dynamiet! Raak het aan om te zien wat er gebeurt… of wacht tot de timer afloopt! -> Pas op voor dynamiet! Raak het aan om te zien wat er gebeurt… of wacht tot de timer afloopt!",,Rabbit Hole walkthrough step 4 of 5: touch the dynamite or wait for its 60-second timer.,Add and review the translation for this language.
missing_translation,Localizable,tutorial.rabbitHole.step.4,ga,Irish,Gaeilge,Watch out for dynamite! Touch it to see what happens… or wait for the timer to run out!,Pas op voor dynamiet! Raak het aan om te zien wat er gebeurt… of wacht tot de timer afloopt!,,new_since_2026-08-22,yes,yes,"2026-08-26 e907a45 en: Watch out, dynamite! Touch it to see what happens… or wait for the timer to run out! -> Watch out for dynamite! Touch it to see what happens… or wait for the timer to run out! | 2026-08-26 e907a45 nl: Pas op, dynamiet! Raak het aan om te zien wat er gebeurt… of wacht tot de timer afloopt! -> Pas op voor dynamiet! Raak het aan om te zien wat er gebeurt… of wacht tot de timer afloopt!",,Rabbit Hole walkthrough step 4 of 5: touch the dynamite or wait for its 60-second timer.,Add and review the translation for this language.
missing_translation,Localizable,tutorial.rabbitHole.step.4,gl,Galician,galego,Watch out for dynamite! Touch it to see what happens… or wait for the timer to run out!,Pas op voor dynamiet! Raak het aan om te zien wat er gebeurt… of wacht tot de timer afloopt!,,new_since_2026-08-22,yes,yes,"2026-08-26 e907a45 en: Watch out, dynamite! Touch it to see what happens… or wait for the timer to run out! -> Watch out for dynamite! Touch it to see what happens… or wait for the timer to run out! | 2026-08-26 e907a45 nl: Pas op, dynamiet! Raak het aan om te zien wat er gebeurt… of wacht tot de timer afloopt! -> Pas op voor dynamiet! Raak het aan om te zien wat er gebeurt… of wacht tot de timer afloopt!",,Rabbit Hole walkthrough step 4 of 5: touch the dynamite or wait for its 60-second timer.,Add and review the translation for this language.
missing_translation,Localizable,tutorial.rabbitHole.step.4,gu,Gujarati,ગુજરાતી,Watch out for dynamite! Touch it to see what happens… or wait for the timer to run out!,Pas op voor dynamiet! Raak het aan om te zien wat er gebeurt… of wacht tot de timer afloopt!,,new_since_2026-08-22,yes,yes,"2026-08-26 e907a45 en: Watch out, dynamite! Touch it to see what happens… or wait for the timer to run out! -> Watch out for dynamite! Touch it to see what happens… or wait for the timer to run out! | 2026-08-26 e907a45 nl: Pas op, dynamiet! Raak het aan om te zien wat er gebeurt… of wacht tot de timer afloopt! -> Pas op voor dynamiet! Raak het aan om te zien wat er gebeurt… of wacht tot de timer afloopt!",,Rabbit Hole walkthrough step 4 of 5: touch the dynamite or wait for its 60-second timer.,Add and review the translation for this language.
missing_translation,Localizable,tutorial.rabbitHole.step.4,he,Hebrew,עברית,Watch out for dynamite! Touch it to see what happens… or wait for the timer to run out!,Pas op voor dynamiet! Raak het aan om te zien wat er gebeurt… of wacht tot de timer afloopt!,,new_since_2026-08-22,yes,yes,"2026-08-26 e907a45 en: Watch out, dynamite! Touch it to see what happens… or wait for the timer to run out! -> Watch out for dynamite! Touch it to see what happens… or wait for the timer to run out! | 2026-08-26 e907a45 nl: Pas op, dynamiet! Raak het aan om te zien wat er gebeurt… of wacht tot de timer afloopt! -> Pas op voor dynamiet! Raak het aan om te zien wat er gebeurt… of wacht tot de timer afloopt!",,Rabbit Hole walkthrough step 4 of 5: touch the dynamite or wait for its 60-second timer.,Add and review the translation for this language.
missing_translation,Localizable,tutorial.rabbitHole.step.4,hi,Hindi,हिन्दी,Watch out for dynamite! Touch it to see what happens… or wait for the timer to run out!,Pas op voor dynamiet! Raak het aan om te zien wat er gebeurt… of wacht tot de timer afloopt!,,new_since_2026-08-22,yes,yes,"2026-08-26 e907a45 en: Watch out, dynamite! Touch it to see what happens… or wait for the timer to run out! -> Watch out for dynamite! Touch it to see what happens… or wait for the timer to run out! | 2026-08-26 e907a45 nl: Pas op, dynamiet! Raak het aan om te zien wat er gebeurt… of wacht tot de timer afloopt! -> Pas op voor dynamiet! Raak het aan om te zien wat er gebeurt… of wacht tot de timer afloopt!",,Rabbit Hole walkthrough step 4 of 5: touch the dynamite or wait for its 60-second timer.,Add and review the translation for this language.
missing_translation,Localizable,tutorial.rabbitHole.step.4,hr,Croatian,hrvatski,Watch out for dynamite! Touch it to see what happens… or wait for the timer to run out!,Pas op voor dynamiet! Raak het aan om te zien wat er gebeurt… of wacht tot de timer afloopt!,,new_since_2026-08-22,yes,yes,"2026-08-26 e907a45 en: Watch out, dynamite! Touch it to see what happens… or wait for the timer to run out! -> Watch out for dynamite! Touch it to see what happens… or wait for the timer to run out! | 2026-08-26 e907a45 nl: Pas op, dynamiet! Raak het aan om te zien wat er gebeurt… of wacht tot de timer afloopt! -> Pas op voor dynamiet! Raak het aan om te zien wat er gebeurt… of wacht tot de timer afloopt!",,Rabbit Hole walkthrough step 4 of 5: touch the dynamite or wait for its 60-second timer.,Add and review the translation for this language.
missing_translation,Localizable,tutorial.rabbitHole.step.4,hu,Hungarian,magyar,Watch out for dynamite! Touch it to see what happens… or wait for the timer to run out!,Pas op voor dynamiet! Raak het aan om te zien wat er gebeurt… of wacht tot de timer afloopt!,,new_since_2026-08-22,yes,yes,"2026-08-26 e907a45 en: Watch out, dynamite! Touch it to see what happens… or wait for the timer to run out! -> Watch out for dynamite! Touch it to see what happens… or wait for the timer to run out! | 2026-08-26 e907a45 nl: Pas op, dynamiet! Raak het aan om te zien wat er gebeurt… of wacht tot de timer afloopt! -> Pas op voor dynamiet! Raak het aan om te zien wat er gebeurt… of wacht tot de timer afloopt!",,Rabbit Hole walkthrough step 4 of 5: touch the dynamite or wait for its 60-second timer.,Add and review the translation for this language.
missing_translation,Localizable,tutorial.rabbitHole.step.4,hy,Armenian,հայերեն,Watch out for dynamite! Touch it to see what happens… or wait for the timer to run out!,Pas op voor dynamiet! Raak het aan om te zien wat er gebeurt… of wacht tot de timer afloopt!,,new_since_2026-08-22,yes,yes,"2026-08-26 e907a45 en: Watch out, dynamite! Touch it to see what happens… or wait for the timer to run out! -> Watch out for dynamite! Touch it to see what happens… or wait for the timer to run out! | 2026-08-26 e907a45 nl: Pas op, dynamiet! Raak het aan om te zien wat er gebeurt… of wacht tot de timer afloopt! -> Pas op voor dynamiet! Raak het aan om te zien wat er gebeurt… of wacht tot de timer afloopt!",,Rabbit Hole walkthrough step 4 of 5: touch the dynamite or wait for its 60-second timer.,Add and review the translation for this language.
missing_translation,Localizable,tutorial.rabbitHole.step.4,id,Indonesian,Indonesia,Watch out for dynamite! Touch it to see what happens… or wait for the timer to run out!,Pas op voor dynamiet! Raak het aan om te zien wat er gebeurt… of wacht tot de timer afloopt!,,new_since_2026-08-22,yes,yes,"2026-08-26 e907a45 en: Watch out, dynamite! Touch it to see what happens… or wait for the timer to run out! -> Watch out for dynamite! Touch it to see what happens… or wait for the timer to run out! | 2026-08-26 e907a45 nl: Pas op, dynamiet! Raak het aan om te zien wat er gebeurt… of wacht tot de timer afloopt! -> Pas op voor dynamiet! Raak het aan om te zien wat er gebeurt… of wacht tot de timer afloopt!",,Rabbit Hole walkthrough step 4 of 5: touch the dynamite or wait for its 60-second timer.,Add and review the translation for this language.
missing_translation,Localizable,tutorial.rabbitHole.step.4,is,Icelandic,íslenska,Watch out for dynamite! Touch it to see what happens… or wait for the timer to run out!,Pas op voor dynamiet! Raak het aan om te zien wat er gebeurt… of wacht tot de timer afloopt!,,new_since_2026-08-22,yes,yes,"2026-08-26 e907a45 en: Watch out, dynamite! Touch it to see what happens… or wait for the timer to run out! -> Watch out for dynamite! Touch it to see what happens… or wait for the timer to run out! | 2026-08-26 e907a45 nl: Pas op, dynamiet! Raak het aan om te zien wat er gebeurt… of wacht tot de timer afloopt! -> Pas op voor dynamiet! Raak het aan om te zien wat er gebeurt… of wacht tot de timer afloopt!",,Rabbit Hole walkthrough step 4 of 5: touch the dynamite or wait for its 60-second timer.,Add and review the translation for this language.
missing_translation,Localizable,tutorial.rabbitHole.step.4,it,Italian,italiano,Watch out for dynamite! Touch it to see what happens… or wait for the timer to run out!,Pas op voor dynamiet! Raak het aan om te zien wat er gebeurt… of wacht tot de timer afloopt!,,new_since_2026-08-22,yes,yes,"2026-08-26 e907a45 en: Watch out, dynamite! Touch it to see what happens… or wait for the timer to run out! -> Watch out for dynamite! Touch it to see what happens… or wait for the timer to run out! | 2026-08-26 e907a45 nl: Pas op, dynamiet! Raak het aan om te zien wat er gebeurt… of wacht tot de timer afloopt! -> Pas op voor dynamiet! Raak het aan om te zien wat er gebeurt… of wacht tot de timer afloopt!",,Rabbit Hole walkthrough step 4 of 5: touch the dynamite or wait for its 60-second timer.,Add and review the translation for this language.
missing_translation,Localizable,tutorial.rabbitHole.step.4,ja,Japanese,日本語,Watch out for dynamite! Touch it to see what happens… or wait for the timer to run out!,Pas op voor dynamiet! Raak het aan om te zien wat er gebeurt… of wacht tot de timer afloopt!,,new_since_2026-08-22,yes,yes,"2026-08-26 e907a45 en: Watch out, dynamite! Touch it to see what happens… or wait for the timer to run out! -> Watch out for dynamite! Touch it to see what happens… or wait for the timer to run out! | 2026-08-26 e907a45 nl: Pas op, dynamiet! Raak het aan om te zien wat er gebeurt… of wacht tot de timer afloopt! -> Pas op voor dynamiet! Raak het aan om te zien wat er gebeurt… of wacht tot de timer afloopt!",,Rabbit Hole walkthrough step 4 of 5: touch the dynamite or wait for its 60-second timer.,Add and review the translation for this language.
missing_translation,Localizable,tutorial.rabbitHole.step.4,ka,Georgian,ქართული,Watch out for dynamite! Touch it to see what happens… or wait for the timer to run out!,Pas op voor dynamiet! Raak het aan om te zien wat er gebeurt… of wacht tot de timer afloopt!,,new_since_2026-08-22,yes,yes,"2026-08-26 e907a45 en: Watch out, dynamite! Touch it to see what happens… or wait for the timer to run out! -> Watch out for dynamite! Touch it to see what happens… or wait for the timer to run out! | 2026-08-26 e907a45 nl: Pas op, dynamiet! Raak het aan om te zien wat er gebeurt… of wacht tot de timer afloopt! -> Pas op voor dynamiet! Raak het aan om te zien wat er gebeurt… of wacht tot de timer afloopt!",,Rabbit Hole walkthrough step 4 of 5: touch the dynamite or wait for its 60-second timer.,Add and review the translation for this language.
missing_translation,Localizable,tutorial.rabbitHole.step.4,kk,Kazakh,қазақ тілі,Watch out for dynamite! Touch it to see what happens… or wait for the timer to run out!,Pas op voor dynamiet! Raak het aan om te zien wat er gebeurt… of wacht tot de timer afloopt!,,new_since_2026-08-22,yes,yes,"2026-08-26 e907a45 en: Watch out, dynamite! Touch it to see what happens… or wait for the timer to run out! -> Watch out for dynamite! Touch it to see what happens… or wait for the timer to run out! | 2026-08-26 e907a45 nl: Pas op, dynamiet! Raak het aan om te zien wat er gebeurt… of wacht tot de timer afloopt! -> Pas op voor dynamiet! Raak het aan om te zien wat er gebeurt… of wacht tot de timer afloopt!",,Rabbit Hole walkthrough step 4 of 5: touch the dynamite or wait for its 60-second timer.,Add and review the translation for this language.
missing_translation,Localizable,tutorial.rabbitHole.step.4,km,Khmer,ខ្មែរ,Watch out for dynamite! Touch it to see what happens… or wait for the timer to run out!,Pas op voor dynamiet! Raak het aan om te zien wat er gebeurt… of wacht tot de timer afloopt!,,new_since_2026-08-22,yes,yes,"2026-08-26 e907a45 en: Watch out, dynamite! Touch it to see what happens… or wait for the timer to run out! -> Watch out for dynamite! Touch it to see what happens… or wait for the timer to run out! | 2026-08-26 e907a45 nl: Pas op, dynamiet! Raak het aan om te zien wat er gebeurt… of wacht tot de timer afloopt! -> Pas op voor dynamiet! Raak het aan om te zien wat er gebeurt… of wacht tot de timer afloopt!",,Rabbit Hole walkthrough step 4 of 5: touch the dynamite or wait for its 60-second timer.,Add and review the translation for this language.
missing_translation,Localizable,tutorial.rabbitHole.step.4,kn,Kannada,ಕನ್ನಡ,Watch out for dynamite! Touch it to see what happens… or wait for the timer to run out!,Pas op voor dynamiet! Raak het aan om te zien wat er gebeurt… of wacht tot de timer afloopt!,,new_since_2026-08-22,yes,yes,"2026-08-26 e907a45 en: Watch out, dynamite! Touch it to see what happens… or wait for the timer to run out! -> Watch out for dynamite! Touch it to see what happens… or wait for the timer to run out! | 2026-08-26 e907a45 nl: Pas op, dynamiet! Raak het aan om te zien wat er gebeurt… of wacht tot de timer afloopt! -> Pas op voor dynamiet! Raak het aan om te zien wat er gebeurt… of wacht tot de timer afloopt!",,Rabbit Hole walkthrough step 4 of 5: touch the dynamite or wait for its 60-second timer.,Add and review the translation for this language.
missing_translation,Localizable,tutorial.rabbitHole.step.4,ko,Korean,한국어,Watch out for dynamite! Touch it to see what happens… or wait for the timer to run out!,Pas op voor dynamiet! Raak het aan om te zien wat er gebeurt… of wacht tot de timer afloopt!,,new_since_2026-08-22,yes,yes,"2026-08-26 e907a45 en: Watch out, dynamite! Touch it to see what happens… or wait for the timer to run out! -> Watch out for dynamite! Touch it to see what happens… or wait for the timer to run out! | 2026-08-26 e907a45 nl: Pas op, dynamiet! Raak het aan om te zien wat er gebeurt… of wacht tot de timer afloopt! -> Pas op voor dynamiet! Raak het aan om te zien wat er gebeurt… of wacht tot de timer afloopt!",,Rabbit Hole walkthrough step 4 of 5: touch the dynamite or wait for its 60-second timer.,Add and review the translation for this language.
missing_translation,Localizable,tutorial.rabbitHole.step.4,lo,Lao,ລາວ,Watch out for dynamite! Touch it to see what happens… or wait for the timer to run out!,Pas op voor dynamiet! Raak het aan om te zien wat er gebeurt… of wacht tot de timer afloopt!,,new_since_2026-08-22,yes,yes,"2026-08-26 e907a45 en: Watch out, dynamite! Touch it to see what happens… or wait for the timer to run out! -> Watch out for dynamite! Touch it to see what happens… or wait for the timer to run out! | 2026-08-26 e907a45 nl: Pas op, dynamiet! Raak het aan om te zien wat er gebeurt… of wacht tot de timer afloopt! -> Pas op voor dynamiet! Raak het aan om te zien wat er gebeurt… of wacht tot de timer afloopt!",,Rabbit Hole walkthrough step 4 of 5: touch the dynamite or wait for its 60-second timer.,Add and review the translation for this language.
missing_translation,Localizable,tutorial.rabbitHole.step.4,lt,Lithuanian,lietuvių,Watch out for dynamite! Touch it to see what happens… or wait for the timer to run out!,Pas op voor dynamiet! Raak het aan om te zien wat er gebeurt… of wacht tot de timer afloopt!,,new_since_2026-08-22,yes,yes,"2026-08-26 e907a45 en: Watch out, dynamite! Touch it to see what happens… or wait for the timer to run out! -> Watch out for dynamite! Touch it to see what happens… or wait for the timer to run out! | 2026-08-26 e907a45 nl: Pas op, dynamiet! Raak het aan om te zien wat er gebeurt… of wacht tot de timer afloopt! -> Pas op voor dynamiet! Raak het aan om te zien wat er gebeurt… of wacht tot de timer afloopt!",,Rabbit Hole walkthrough step 4 of 5: touch the dynamite or wait for its 60-second timer.,Add and review the translation for this language.
missing_translation,Localizable,tutorial.rabbitHole.step.4,lv,Latvian,latviešu,Watch out for dynamite! Touch it to see what happens… or wait for the timer to run out!,Pas op voor dynamiet! Raak het aan om te zien wat er gebeurt… of wacht tot de timer afloopt!,,new_since_2026-08-22,yes,yes,"2026-08-26 e907a45 en: Watch out, dynamite! Touch it to see what happens… or wait for the timer to run out! -> Watch out for dynamite! Touch it to see what happens… or wait for the timer to run out! | 2026-08-26 e907a45 nl: Pas op, dynamiet! Raak het aan om te zien wat er gebeurt… of wacht tot de timer afloopt! -> Pas op voor dynamiet! Raak het aan om te zien wat er gebeurt… of wacht tot de timer afloopt!",,Rabbit Hole walkthrough step 4 of 5: touch the dynamite or wait for its 60-second timer.,Add and review the translation for this language.
missing_translation,Localizable,tutorial.rabbitHole.step.4,mk,Macedonian,македонски,Watch out for dynamite! Touch it to see what happens… or wait for the timer to run out!,Pas op voor dynamiet! Raak het aan om te zien wat er gebeurt… of wacht tot de timer afloopt!,,new_since_2026-08-22,yes,yes,"2026-08-26 e907a45 en: Watch out, dynamite! Touch it to see what happens… or wait for the timer to run out! -> Watch out for dynamite! Touch it to see what happens… or wait for the timer to run out! | 2026-08-26 e907a45 nl: Pas op, dynamiet! Raak het aan om te zien wat er gebeurt… of wacht tot de timer afloopt! -> Pas op voor dynamiet! Raak het aan om te zien wat er gebeurt… of wacht tot de timer afloopt!",,Rabbit Hole walkthrough step 4 of 5: touch the dynamite or wait for its 60-second timer.,Add and review the translation for this language.
missing_translation,Localizable,tutorial.rabbitHole.step.4,ml,Malayalam,മലയാളം,Watch out for dynamite! Touch it to see what happens… or wait for the timer to run out!,Pas op voor dynamiet! Raak het aan om te zien wat er gebeurt… of wacht tot de timer afloopt!,,new_since_2026-08-22,yes,yes,"2026-08-26 e907a45 en: Watch out, dynamite! Touch it to see what happens… or wait for the timer to run out! -> Watch out for dynamite! Touch it to see what happens… or wait for the timer to run out! | 2026-08-26 e907a45 nl: Pas op, dynamiet! Raak het aan om te zien wat er gebeurt… of wacht tot de timer afloopt! -> Pas op voor dynamiet! Raak het aan om te zien wat er gebeurt… of wacht tot de timer afloopt!",,Rabbit Hole walkthrough step 4 of 5: touch the dynamite or wait for its 60-second timer.,Add and review the translation for this language.
missing_translation,Localizable,tutorial.rabbitHole.step.4,mn,Mongolian,монгол,Watch out for dynamite! Touch it to see what happens… or wait for the timer to run out!,Pas op voor dynamiet! Raak het aan om te zien wat er gebeurt… of wacht tot de timer afloopt!,,new_since_2026-08-22,yes,yes,"2026-08-26 e907a45 en: Watch out, dynamite! Touch it to see what happens… or wait for the timer to run out! -> Watch out for dynamite! Touch it to see what happens… or wait for the timer to run out! | 2026-08-26 e907a45 nl: Pas op, dynamiet! Raak het aan om te zien wat er gebeurt… of wacht tot de timer afloopt! -> Pas op voor dynamiet! Raak het aan om te zien wat er gebeurt… of wacht tot de timer afloopt!",,Rabbit Hole walkthrough step 4 of 5: touch the dynamite or wait for its 60-second timer.,Add and review the translation for this language.
missing_translation,Localizable,tutorial.rabbitHole.step.4,mr,Marathi,मराठी,Watch out for dynamite! Touch it to see what happens… or wait for the timer to run out!,Pas op voor dynamiet! Raak het aan om te zien wat er gebeurt… of wacht tot de timer afloopt!,,new_since_2026-08-22,yes,yes,"2026-08-26 e907a45 en: Watch out, dynamite! Touch it to see what happens… or wait for the timer to run out! -> Watch out for dynamite! Touch it to see what happens… or wait for the timer to run out! | 2026-08-26 e907a45 nl: Pas op, dynamiet! Raak het aan om te zien wat er gebeurt… of wacht tot de timer afloopt! -> Pas op voor dynamiet! Raak het aan om te zien wat er gebeurt… of wacht tot de timer afloopt!",,Rabbit Hole walkthrough step 4 of 5: touch the dynamite or wait for its 60-second timer.,Add and review the translation for this language.
missing_translation,Localizable,tutorial.rabbitHole.step.4,ms,Malay,Melayu,Watch out for dynamite! Touch it to see what happens… or wait for the timer to run out!,Pas op voor dynamiet! Raak het aan om te zien wat er gebeurt… of wacht tot de timer afloopt!,,new_since_2026-08-22,yes,yes,"2026-08-26 e907a45 en: Watch out, dynamite! Touch it to see what happens… or wait for the timer to run out! -> Watch out for dynamite! Touch it to see what happens… or wait for the timer to run out! | 2026-08-26 e907a45 nl: Pas op, dynamiet! Raak het aan om te zien wat er gebeurt… of wacht tot de timer afloopt! -> Pas op voor dynamiet! Raak het aan om te zien wat er gebeurt… of wacht tot de timer afloopt!",,Rabbit Hole walkthrough step 4 of 5: touch the dynamite or wait for its 60-second timer.,Add and review the translation for this language.
missing_translation,Localizable,tutorial.rabbitHole.step.4,my,Burmese,မြန်မာ,Watch out for dynamite! Touch it to see what happens… or wait for the timer to run out!,Pas op voor dynamiet! Raak het aan om te zien wat er gebeurt… of wacht tot de timer afloopt!,,new_since_2026-08-22,yes,yes,"2026-08-26 e907a45 en: Watch out, dynamite! Touch it to see what happens… or wait for the timer to run out! -> Watch out for dynamite! Touch it to see what happens… or wait for the timer to run out! | 2026-08-26 e907a45 nl: Pas op, dynamiet! Raak het aan om te zien wat er gebeurt… of wacht tot de timer afloopt! -> Pas op voor dynamiet! Raak het aan om te zien wat er gebeurt… of wacht tot de timer afloopt!",,Rabbit Hole walkthrough step 4 of 5: touch the dynamite or wait for its 60-second timer.,Add and review the translation for this language.
missing_translation,Localizable,tutorial.rabbitHole.step.4,nb,Norwegian Bokmål,norsk bokmål,Watch out for dynamite! Touch it to see what happens… or wait for the timer to run out!,Pas op voor dynamiet! Raak het aan om te zien wat er gebeurt… of wacht tot de timer afloopt!,,new_since_2026-08-22,yes,yes,"2026-08-26 e907a45 en: Watch out, dynamite! Touch it to see what happens… or wait for the timer to run out! -> Watch out for dynamite! Touch it to see what happens… or wait for the timer to run out! | 2026-08-26 e907a45 nl: Pas op, dynamiet! Raak het aan om te zien wat er gebeurt… of wacht tot de timer afloopt! -> Pas op voor dynamiet! Raak het aan om te zien wat er gebeurt… of wacht tot de timer afloopt!",,Rabbit Hole walkthrough step 4 of 5: touch the dynamite or wait for its 60-second timer.,Add and review the translation for this language.
missing_translation,Localizable,tutorial.rabbitHole.step.4,ne,Nepali,नेपाली,Watch out for dynamite! Touch it to see what happens… or wait for the timer to run out!,Pas op voor dynamiet! Raak het aan om te zien wat er gebeurt… of wacht tot de timer afloopt!,,new_since_2026-08-22,yes,yes,"2026-08-26 e907a45 en: Watch out, dynamite! Touch it to see what happens… or wait for the timer to run out! -> Watch out for dynamite! Touch it to see what happens… or wait for the timer to run out! | 2026-08-26 e907a45 nl: Pas op, dynamiet! Raak het aan om te zien wat er gebeurt… of wacht tot de timer afloopt! -> Pas op voor dynamiet! Raak het aan om te zien wat er gebeurt… of wacht tot de timer afloopt!",,Rabbit Hole walkthrough step 4 of 5: touch the dynamite or wait for its 60-second timer.,Add and review the translation for this language.
missing_translation,Localizable,tutorial.rabbitHole.step.4,or,Odia,ଓଡ଼ିଆ,Watch out for dynamite! Touch it to see what happens… or wait for the timer to run out!,Pas op voor dynamiet! Raak het aan om te zien wat er gebeurt… of wacht tot de timer afloopt!,,new_since_2026-08-22,yes,yes,"2026-08-26 e907a45 en: Watch out, dynamite! Touch it to see what happens… or wait for the timer to run out! -> Watch out for dynamite! Touch it to see what happens… or wait for the timer to run out! | 2026-08-26 e907a45 nl: Pas op, dynamiet! Raak het aan om te zien wat er gebeurt… of wacht tot de timer afloopt! -> Pas op voor dynamiet! Raak het aan om te zien wat er gebeurt… of wacht tot de timer afloopt!",,Rabbit Hole walkthrough step 4 of 5: touch the dynamite or wait for its 60-second timer.,Add and review the translation for this language.
missing_translation,Localizable,tutorial.rabbitHole.step.4,pa,Punjabi,ਪੰਜਾਬੀ,Watch out for dynamite! Touch it to see what happens… or wait for the timer to run out!,Pas op voor dynamiet! Raak het aan om te zien wat er gebeurt… of wacht tot de timer afloopt!,,new_since_2026-08-22,yes,yes,"2026-08-26 e907a45 en: Watch out, dynamite! Touch it to see what happens… or wait for the timer to run out! -> Watch out for dynamite! Touch it to see what happens… or wait for the timer to run out! | 2026-08-26 e907a45 nl: Pas op, dynamiet! Raak het aan om te zien wat er gebeurt… of wacht tot de timer afloopt! -> Pas op voor dynamiet! Raak het aan om te zien wat er gebeurt… of wacht tot de timer afloopt!",,Rabbit Hole walkthrough step 4 of 5: touch the dynamite or wait for its 60-second timer.,Add and review the translation for this language.
missing_translation,Localizable,tutorial.rabbitHole.step.4,pl,Polish,polski,Watch out for dynamite! Touch it to see what happens… or wait for the timer to run out!,Pas op voor dynamiet! Raak het aan om te zien wat er gebeurt… of wacht tot de timer afloopt!,,new_since_2026-08-22,yes,yes,"2026-08-26 e907a45 en: Watch out, dynamite! Touch it to see what happens… or wait for the timer to run out! -> Watch out for dynamite! Touch it to see what happens… or wait for the timer to run out! | 2026-08-26 e907a45 nl: Pas op, dynamiet! Raak het aan om te zien wat er gebeurt… of wacht tot de timer afloopt! -> Pas op voor dynamiet! Raak het aan om te zien wat er gebeurt… of wacht tot de timer afloopt!",,Rabbit Hole walkthrough step 4 of 5: touch the dynamite or wait for its 60-second timer.,Add and review the translation for this language.
missing_translation,Localizable,tutorial.rabbitHole.step.4,pt,Portuguese,português,Watch out for dynamite! Touch it to see what happens… or wait for the timer to run out!,Pas op voor dynamiet! Raak het aan om te zien wat er gebeurt… of wacht tot de timer afloopt!,,new_since_2026-08-22,yes,yes,"2026-08-26 e907a45 en: Watch out, dynamite! Touch it to see what happens… or wait for the timer to run out! -> Watch out for dynamite! Touch it to see what happens… or wait for the timer to run out! | 2026-08-26 e907a45 nl: Pas op, dynamiet! Raak het aan om te zien wat er gebeurt… of wacht tot de timer afloopt! -> Pas op voor dynamiet! Raak het aan om te zien wat er gebeurt… of wacht tot de timer afloopt!",,Rabbit Hole walkthrough step 4 of 5: touch the dynamite or wait for its 60-second timer.,Add and review the translation for this language.
missing_translation,Localizable,tutorial.rabbitHole.step.4,ro,Romanian,română,Watch out for dynamite! Touch it to see what happens… or wait for the timer to run out!,Pas op voor dynamiet! Raak het aan om te zien wat er gebeurt… of wacht tot de timer afloopt!,,new_since_2026-08-22,yes,yes,"2026-08-26 e907a45 en: Watch out, dynamite! Touch it to see what happens… or wait for the timer to run out! -> Watch out for dynamite! Touch it to see what happens… or wait for the timer to run out! | 2026-08-26 e907a45 nl: Pas op, dynamiet! Raak het aan om te zien wat er gebeurt… of wacht tot de timer afloopt! -> Pas op voor dynamiet! Raak het aan om te zien wat er gebeurt… of wacht tot de timer afloopt!",,Rabbit Hole walkthrough step 4 of 5: touch the dynamite or wait for its 60-second timer.,Add and review the translation for this language.
missing_translation,Localizable,tutorial.rabbitHole.step.4,ru,Russian,русский,Watch out for dynamite! Touch it to see what happens… or wait for the timer to run out!,Pas op voor dynamiet! Raak het aan om te zien wat er gebeurt… of wacht tot de timer afloopt!,,new_since_2026-08-22,yes,yes,"2026-08-26 e907a45 en: Watch out, dynamite! Touch it to see what happens… or wait for the timer to run out! -> Watch out for dynamite! Touch it to see what happens… or wait for the timer to run out! | 2026-08-26 e907a45 nl: Pas op, dynamiet! Raak het aan om te zien wat er gebeurt… of wacht tot de timer afloopt! -> Pas op voor dynamiet! Raak het aan om te zien wat er gebeurt… of wacht tot de timer afloopt!",,Rabbit Hole walkthrough step 4 of 5: touch the dynamite or wait for its 60-second timer.,Add and review the translation for this language.
missing_translation,Localizable,tutorial.rabbitHole.step.4,si,Sinhala,සිංහල,Watch out for dynamite! Touch it to see what happens… or wait for the timer to run out!,Pas op voor dynamiet! Raak het aan om te zien wat er gebeurt… of wacht tot de timer afloopt!,,new_since_2026-08-22,yes,yes,"2026-08-26 e907a45 en: Watch out, dynamite! Touch it to see what happens… or wait for the timer to run out! -> Watch out for dynamite! Touch it to see what happens… or wait for the timer to run out! | 2026-08-26 e907a45 nl: Pas op, dynamiet! Raak het aan om te zien wat er gebeurt… of wacht tot de timer afloopt! -> Pas op voor dynamiet! Raak het aan om te zien wat er gebeurt… of wacht tot de timer afloopt!",,Rabbit Hole walkthrough step 4 of 5: touch the dynamite or wait for its 60-second timer.,Add and review the translation for this language.
missing_translation,Localizable,tutorial.rabbitHole.step.4,sk,Slovak,slovenčina,Watch out for dynamite! Touch it to see what happens… or wait for the timer to run out!,Pas op voor dynamiet! Raak het aan om te zien wat er gebeurt… of wacht tot de timer afloopt!,,new_since_2026-08-22,yes,yes,"2026-08-26 e907a45 en: Watch out, dynamite! Touch it to see what happens… or wait for the timer to run out! -> Watch out for dynamite! Touch it to see what happens… or wait for the timer to run out! | 2026-08-26 e907a45 nl: Pas op, dynamiet! Raak het aan om te zien wat er gebeurt… of wacht tot de timer afloopt! -> Pas op voor dynamiet! Raak het aan om te zien wat er gebeurt… of wacht tot de timer afloopt!",,Rabbit Hole walkthrough step 4 of 5: touch the dynamite or wait for its 60-second timer.,Add and review the translation for this language.
missing_translation,Localizable,tutorial.rabbitHole.step.4,sl,Slovenian,slovenščina,Watch out for dynamite! Touch it to see what happens… or wait for the timer to run out!,Pas op voor dynamiet! Raak het aan om te zien wat er gebeurt… of wacht tot de timer afloopt!,,new_since_2026-08-22,yes,yes,"2026-08-26 e907a45 en: Watch out, dynamite! Touch it to see what happens… or wait for the timer to run out! -> Watch out for dynamite! Touch it to see what happens… or wait for the timer to run out! | 2026-08-26 e907a45 nl: Pas op, dynamiet! Raak het aan om te zien wat er gebeurt… of wacht tot de timer afloopt! -> Pas op voor dynamiet! Raak het aan om te zien wat er gebeurt… of wacht tot de timer afloopt!",,Rabbit Hole walkthrough step 4 of 5: touch the dynamite or wait for its 60-second timer.,Add and review the translation for this language.
missing_translation,Localizable,tutorial.rabbitHole.step.4,sq,Albanian,shqip,Watch out for dynamite! Touch it to see what happens… or wait for the timer to run out!,Pas op voor dynamiet! Raak het aan om te zien wat er gebeurt… of wacht tot de timer afloopt!,,new_since_2026-08-22,yes,yes,"2026-08-26 e907a45 en: Watch out, dynamite! Touch it to see what happens… or wait for the timer to run out! -> Watch out for dynamite! Touch it to see what happens… or wait for the timer to run out! | 2026-08-26 e907a45 nl: Pas op, dynamiet! Raak het aan om te zien wat er gebeurt… of wacht tot de timer afloopt! -> Pas op voor dynamiet! Raak het aan om te zien wat er gebeurt… of wacht tot de timer afloopt!",,Rabbit Hole walkthrough step 4 of 5: touch the dynamite or wait for its 60-second timer.,Add and review the translation for this language.
missing_translation,Localizable,tutorial.rabbitHole.step.4,sr,Serbian,српски,Watch out for dynamite! Touch it to see what happens… or wait for the timer to run out!,Pas op voor dynamiet! Raak het aan om te zien wat er gebeurt… of wacht tot de timer afloopt!,,new_since_2026-08-22,yes,yes,"2026-08-26 e907a45 en: Watch out, dynamite! Touch it to see what happens… or wait for the timer to run out! -> Watch out for dynamite! Touch it to see what happens… or wait for the timer to run out! | 2026-08-26 e907a45 nl: Pas op, dynamiet! Raak het aan om te zien wat er gebeurt… of wacht tot de timer afloopt! -> Pas op voor dynamiet! Raak het aan om te zien wat er gebeurt… of wacht tot de timer afloopt!",,Rabbit Hole walkthrough step 4 of 5: touch the dynamite or wait for its 60-second timer.,Add and review the translation for this language.
missing_translation,Localizable,tutorial.rabbitHole.step.4,sv,Swedish,svenska,Watch out for dynamite! Touch it to see what happens… or wait for the timer to run out!,Pas op voor dynamiet! Raak het aan om te zien wat er gebeurt… of wacht tot de timer afloopt!,,new_since_2026-08-22,yes,yes,"2026-08-26 e907a45 en: Watch out, dynamite! Touch it to see what happens… or wait for the timer to run out! -> Watch out for dynamite! Touch it to see what happens… or wait for the timer to run out! | 2026-08-26 e907a45 nl: Pas op, dynamiet! Raak het aan om te zien wat er gebeurt… of wacht tot de timer afloopt! -> Pas op voor dynamiet! Raak het aan om te zien wat er gebeurt… of wacht tot de timer afloopt!",,Rabbit Hole walkthrough step 4 of 5: touch the dynamite or wait for its 60-second timer.,Add and review the translation for this language.
missing_translation,Localizable,tutorial.rabbitHole.step.4,sw,Swahili,Kiswahili,Watch out for dynamite! Touch it to see what happens… or wait for the timer to run out!,Pas op voor dynamiet! Raak het aan om te zien wat er gebeurt… of wacht tot de timer afloopt!,,new_since_2026-08-22,yes,yes,"2026-08-26 e907a45 en: Watch out, dynamite! Touch it to see what happens… or wait for the timer to run out! -> Watch out for dynamite! Touch it to see what happens… or wait for the timer to run out! | 2026-08-26 e907a45 nl: Pas op, dynamiet! Raak het aan om te zien wat er gebeurt… of wacht tot de timer afloopt! -> Pas op voor dynamiet! Raak het aan om te zien wat er gebeurt… of wacht tot de timer afloopt!",,Rabbit Hole walkthrough step 4 of 5: touch the dynamite or wait for its 60-second timer.,Add and review the translation for this language.
missing_translation,Localizable,tutorial.rabbitHole.step.4,ta,Tamil,தமிழ்,Watch out for dynamite! Touch it to see what happens… or wait for the timer to run out!,Pas op voor dynamiet! Raak het aan om te zien wat er gebeurt… of wacht tot de timer afloopt!,,new_since_2026-08-22,yes,yes,"2026-08-26 e907a45 en: Watch out, dynamite! Touch it to see what happens… or wait for the timer to run out! -> Watch out for dynamite! Touch it to see what happens… or wait for the timer to run out! | 2026-08-26 e907a45 nl: Pas op, dynamiet! Raak het aan om te zien wat er gebeurt… of wacht tot de timer afloopt! -> Pas op voor dynamiet! Raak het aan om te zien wat er gebeurt… of wacht tot de timer afloopt!",,Rabbit Hole walkthrough step 4 of 5: touch the dynamite or wait for its 60-second timer.,Add and review the translation for this language.
missing_translation,Localizable,tutorial.rabbitHole.step.4,te,Telugu,తెలుగు,Watch out for dynamite! Touch it to see what happens… or wait for the timer to run out!,Pas op voor dynamiet! Raak het aan om te zien wat er gebeurt… of wacht tot de timer afloopt!,,new_since_2026-08-22,yes,yes,"2026-08-26 e907a45 en: Watch out, dynamite! Touch it to see what happens… or wait for the timer to run out! -> Watch out for dynamite! Touch it to see what happens… or wait for the timer to run out! | 2026-08-26 e907a45 nl: Pas op, dynamiet! Raak het aan om te zien wat er gebeurt… of wacht tot de timer afloopt! -> Pas op voor dynamiet! Raak het aan om te zien wat er gebeurt… of wacht tot de timer afloopt!",,Rabbit Hole walkthrough step 4 of 5: touch the dynamite or wait for its 60-second timer.,Add and review the translation for this language.
missing_translation,Localizable,tutorial.rabbitHole.step.4,th,Thai,ไทย,Watch out for dynamite! Touch it to see what happens… or wait for the timer to run out!,Pas op voor dynamiet! Raak het aan om te zien wat er gebeurt… of wacht tot de timer afloopt!,,new_since_2026-08-22,yes,yes,"2026-08-26 e907a45 en: Watch out, dynamite! Touch it to see what happens… or wait for the timer to run out! -> Watch out for dynamite! Touch it to see what happens… or wait for the timer to run out! | 2026-08-26 e907a45 nl: Pas op, dynamiet! Raak het aan om te zien wat er gebeurt… of wacht tot de timer afloopt! -> Pas op voor dynamiet! Raak het aan om te zien wat er gebeurt… of wacht tot de timer afloopt!",,Rabbit Hole walkthrough step 4 of 5: touch the dynamite or wait for its 60-second timer.,Add and review the translation for this language.
missing_translation,Localizable,tutorial.rabbitHole.step.4,tr,Turkish,Türkçe,Watch out for dynamite! Touch it to see what happens… or wait for the timer to run out!,Pas op voor dynamiet! Raak het aan om te zien wat er gebeurt… of wacht tot de timer afloopt!,,new_since_2026-08-22,yes,yes,"2026-08-26 e907a45 en: Watch out, dynamite! Touch it to see what happens… or wait for the timer to run out! -> Watch out for dynamite! Touch it to see what happens… or wait for the timer to run out! | 2026-08-26 e907a45 nl: Pas op, dynamiet! Raak het aan om te zien wat er gebeurt… of wacht tot de timer afloopt! -> Pas op voor dynamiet! Raak het aan om te zien wat er gebeurt… of wacht tot de timer afloopt!",,Rabbit Hole walkthrough step 4 of 5: touch the dynamite or wait for its 60-second timer.,Add and review the translation for this language.
missing_translation,Localizable,tutorial.rabbitHole.step.4,ug,Uyghur,ئۇيغۇرچە,Watch out for dynamite! Touch it to see what happens… or wait for the timer to run out!,Pas op voor dynamiet! Raak het aan om te zien wat er gebeurt… of wacht tot de timer afloopt!,,new_since_2026-08-22,yes,yes,"2026-08-26 e907a45 en: Watch out, dynamite! Touch it to see what happens… or wait for the timer to run out! -> Watch out for dynamite! Touch it to see what happens… or wait for the timer to run out! | 2026-08-26 e907a45 nl: Pas op, dynamiet! Raak het aan om te zien wat er gebeurt… of wacht tot de timer afloopt! -> Pas op voor dynamiet! Raak het aan om te zien wat er gebeurt… of wacht tot de timer afloopt!",,Rabbit Hole walkthrough step 4 of 5: touch the dynamite or wait for its 60-second timer.,Add and review the translation for this language.
missing_translation,Localizable,tutorial.rabbitHole.step.4,uk,Ukrainian,українська,Watch out for dynamite! Touch it to see what happens… or wait for the timer to run out!,Pas op voor dynamiet! Raak het aan om te zien wat er gebeurt… of wacht tot de timer afloopt!,,new_since_2026-08-22,yes,yes,"2026-08-26 e907a45 en: Watch out, dynamite! Touch it to see what happens… or wait for the timer to run out! -> Watch out for dynamite! Touch it to see what happens… or wait for the timer to run out! | 2026-08-26 e907a45 nl: Pas op, dynamiet! Raak het aan om te zien wat er gebeurt… of wacht tot de timer afloopt! -> Pas op voor dynamiet! Raak het aan om te zien wat er gebeurt… of wacht tot de timer afloopt!",,Rabbit Hole walkthrough step 4 of 5: touch the dynamite or wait for its 60-second timer.,Add and review the translation for this language.
missing_translation,Localizable,tutorial.rabbitHole.step.4,ur,Urdu,اردو,Watch out for dynamite! Touch it to see what happens… or wait for the timer to run out!,Pas op voor dynamiet! Raak het aan om te zien wat er gebeurt… of wacht tot de timer afloopt!,,new_since_2026-08-22,yes,yes,"2026-08-26 e907a45 en: Watch out, dynamite! Touch it to see what happens… or wait for the timer to run out! -> Watch out for dynamite! Touch it to see what happens… or wait for the timer to run out! | 2026-08-26 e907a45 nl: Pas op, dynamiet! Raak het aan om te zien wat er gebeurt… of wacht tot de timer afloopt! -> Pas op voor dynamiet! Raak het aan om te zien wat er gebeurt… of wacht tot de timer afloopt!",,Rabbit Hole walkthrough step 4 of 5: touch the dynamite or wait for its 60-second timer.,Add and review the translation for this language.
missing_translation,Localizable,tutorial.rabbitHole.step.4,uz,Uzbek,o‘zbek,Watch out for dynamite! Touch it to see what happens… or wait for the timer to run out!,Pas op voor dynamiet! Raak het aan om te zien wat er gebeurt… of wacht tot de timer afloopt!,,new_since_2026-08-22,yes,yes,"2026-08-26 e907a45 en: Watch out, dynamite! Touch it to see what happens… or wait for the timer to run out! -> Watch out for dynamite! Touch it to see what happens… or wait for the timer to run out! | 2026-08-26 e907a45 nl: Pas op, dynamiet! Raak het aan om te zien wat er gebeurt… of wacht tot de timer afloopt! -> Pas op voor dynamiet! Raak het aan om te zien wat er gebeurt… of wacht tot de timer afloopt!",,Rabbit Hole walkthrough step 4 of 5: touch the dynamite or wait for its 60-second timer.,Add and review the translation for this language.
missing_translation,Localizable,tutorial.rabbitHole.step.4,vi,Vietnamese,Tiếng Việt,Watch out for dynamite! Touch it to see what happens… or wait for the timer to run out!,Pas op voor dynamiet! Raak het aan om te zien wat er gebeurt… of wacht tot de timer afloopt!,,new_since_2026-08-22,yes,yes,"2026-08-26 e907a45 en: Watch out, dynamite! Touch it to see what happens… or wait for the timer to run out! -> Watch out for dynamite! Touch it to see what happens… or wait for the timer to run out! | 2026-08-26 e907a45 nl: Pas op, dynamiet! Raak het aan om te zien wat er gebeurt… of wacht tot de timer afloopt! -> Pas op voor dynamiet! Raak het aan om te zien wat er gebeurt… of wacht tot de timer afloopt!",,Rabbit Hole walkthrough step 4 of 5: touch the dynamite or wait for its 60-second timer.,Add and review the translation for this language.
missing_translation,Localizable,tutorial.rabbitHole.step.4,zh,Chinese,中文,Watch out for dynamite! Touch it to see what happens… or wait for the timer to run out!,Pas op voor dynamiet! Raak het aan om te zien wat er gebeurt… of wacht tot de timer afloopt!,,new_since_2026-08-22,yes,yes,"2026-08-26 e907a45 en: Watch out, dynamite! Touch it to see what happens… or wait for the timer to run out! -> Watch out for dynamite! Touch it to see what happens… or wait for the timer to run out! | 2026-08-26 e907a45 nl: Pas op, dynamiet! Raak het aan om te zien wat er gebeurt… of wacht tot de timer afloopt! -> Pas op voor dynamiet! Raak het aan om te zien wat er gebeurt… of wacht tot de timer afloopt!",,Rabbit Hole walkthrough step 4 of 5: touch the dynamite or wait for its 60-second timer.,Add and review the translation for this language.
missing_translation,Localizable,tutorial.rabbitHole.step.4,zu,Zulu,isiZulu,Watch out for dynamite! Touch it to see what happens… or wait for the timer to run out!,Pas op voor dynamiet! Raak het aan om te zien wat er gebeurt… of wacht tot de timer afloopt!,,new_since_2026-08-22,yes,yes,"2026-08-26 e907a45 en: Watch out, dynamite! Touch it to see what happens… or wait for the timer to run out! -> Watch out for dynamite! Touch it to see what happens… or wait for the timer to run out! | 2026-08-26 e907a45 nl: Pas op, dynamiet! Raak het aan om te zien wat er gebeurt… of wacht tot de timer afloopt! -> Pas op voor dynamiet! Raak het aan om te zien wat er gebeurt… of wacht tot de timer afloopt!",,Rabbit Hole walkthrough step 4 of 5: touch the dynamite or wait for its 60-second timer.,Add and review the translation for this language.
missing_translation,Localizable,tutorial.rabbitHole.step.5,af,Afrikaans,Afrikaans,You’re ready! Grab all the carrots before the dynamite goes off!,Je bent er klaar voor! Pak alle wortels voordat het dynamiet afgaat!,,new_since_2026-08-22,no,no,,,Rabbit Hole walkthrough step 5 of 5: normal gameplay has started; this message disappears after five seconds.,Add and review the translation for this language.
missing_translation,Localizable,tutorial.rabbitHole.step.5,am,Amharic,አማርኛ,You’re ready! Grab all the carrots before the dynamite goes off!,Je bent er klaar voor! Pak alle wortels voordat het dynamiet afgaat!,,new_since_2026-08-22,no,no,,,Rabbit Hole walkthrough step 5 of 5: normal gameplay has started; this message disappears after five seconds.,Add and review the translation for this language.
missing_translation,Localizable,tutorial.rabbitHole.step.5,ar,Arabic,العربية,You’re ready! Grab all the carrots before the dynamite goes off!,Je bent er klaar voor! Pak alle wortels voordat het dynamiet afgaat!,,new_since_2026-08-22,no,no,,,Rabbit Hole walkthrough step 5 of 5: normal gameplay has started; this message disappears after five seconds.,Add and review the translation for this language.
missing_translation,Localizable,tutorial.rabbitHole.step.5,as,Assamese,অসমীয়া,You’re ready! Grab all the carrots before the dynamite goes off!,Je bent er klaar voor! Pak alle wortels voordat het dynamiet afgaat!,,new_since_2026-08-22,no,no,,,Rabbit Hole walkthrough step 5 of 5: normal gameplay has started; this message disappears after five seconds.,Add and review the translation for this language.
missing_translation,Localizable,tutorial.rabbitHole.step.5,az,Azerbaijani,azərbaycan,You’re ready! Grab all the carrots before the dynamite goes off!,Je bent er klaar voor! Pak alle wortels voordat het dynamiet afgaat!,,new_since_2026-08-22,no,no,,,Rabbit Hole walkthrough step 5 of 5: normal gameplay has started; this message disappears after five seconds.,Add and review the translation for this language.
missing_translation,Localizable,tutorial.rabbitHole.step.5,be,Belarusian,беларуская,You’re ready! Grab all the carrots before the dynamite goes off!,Je bent er klaar voor! Pak alle wortels voordat het dynamiet afgaat!,,new_since_2026-08-22,no,no,,,Rabbit Hole walkthrough step 5 of 5: normal gameplay has started; this message disappears after five seconds.,Add and review the translation for this language.
missing_translation,Localizable,tutorial.rabbitHole.step.5,bg,Bulgarian,български,You’re ready! Grab all the carrots before the dynamite goes off!,Je bent er klaar voor! Pak alle wortels voordat het dynamiet afgaat!,,new_since_2026-08-22,no,no,,,Rabbit Hole walkthrough step 5 of 5: normal gameplay has started; this message disappears after five seconds.,Add and review the translation for this language.
missing_translation,Localizable,tutorial.rabbitHole.step.5,bn,Bangla,বাংলা,You’re ready! Grab all the carrots before the dynamite goes off!,Je bent er klaar voor! Pak alle wortels voordat het dynamiet afgaat!,,new_since_2026-08-22,no,no,,,Rabbit Hole walkthrough step 5 of 5: normal gameplay has started; this message disappears after five seconds.,Add and review the translation for this language.
missing_translation,Localizable,tutorial.rabbitHole.step.5,bo,Tibetan,བོད་སྐད་,You’re ready! Grab all the carrots before the dynamite goes off!,Je bent er klaar voor! Pak alle wortels voordat het dynamiet afgaat!,,new_since_2026-08-22,no,no,,,Rabbit Hole walkthrough step 5 of 5: normal gameplay has started; this message disappears after five seconds.,Add and review the translation for this language.
missing_translation,Localizable,tutorial.rabbitHole.step.5,bs,Bosnian,bosanski,You’re ready! Grab all the carrots before the dynamite goes off!,Je bent er klaar voor! Pak alle wortels voordat het dynamiet afgaat!,,new_since_2026-08-22,no,no,,,Rabbit Hole walkthrough step 5 of 5: normal gameplay has started; this message disappears after five seconds.,Add and review the translation for this language.
missing_translation,Localizable,tutorial.rabbitHole.step.5,ca,Catalan,català,You’re ready! Grab all the carrots before the dynamite goes off!,Je bent er klaar voor! Pak alle wortels voordat het dynamiet afgaat!,,new_since_2026-08-22,no,no,,,Rabbit Hole walkthrough step 5 of 5: normal gameplay has started; this message disappears after five seconds.,Add and review the translation for this language.
missing_translation,Localizable,tutorial.rabbitHole.step.5,cs,Czech,čeština,You’re ready! Grab all the carrots before the dynamite goes off!,Je bent er klaar voor! Pak alle wortels voordat het dynamiet afgaat!,,new_since_2026-08-22,no,no,,,Rabbit Hole walkthrough step 5 of 5: normal gameplay has started; this message disappears after five seconds.,Add and review the translation for this language.
missing_translation,Localizable,tutorial.rabbitHole.step.5,cy,Welsh,Cymraeg,You’re ready! Grab all the carrots before the dynamite goes off!,Je bent er klaar voor! Pak alle wortels voordat het dynamiet afgaat!,,new_since_2026-08-22,no,no,,,Rabbit Hole walkthrough step 5 of 5: normal gameplay has started; this message disappears after five seconds.,Add and review the translation for this language.
missing_translation,Localizable,tutorial.rabbitHole.step.5,da,Danish,dansk,You’re ready! Grab all the carrots before the dynamite goes off!,Je bent er klaar voor! Pak alle wortels voordat het dynamiet afgaat!,,new_since_2026-08-22,no,no,,,Rabbit Hole walkthrough step 5 of 5: normal gameplay has started; this message disappears after five seconds.,Add and review the translation for this language.
missing_translation,Localizable,tutorial.rabbitHole.step.5,de,German,Deutsch,You’re ready! Grab all the carrots before the dynamite goes off!,Je bent er klaar voor! Pak alle wortels voordat het dynamiet afgaat!,,new_since_2026-08-22,no,no,,,Rabbit Hole walkthrough step 5 of 5: normal gameplay has started; this message disappears after five seconds.,Add and review the translation for this language.
missing_translation,Localizable,tutorial.rabbitHole.step.5,el,Greek,Ελληνικά,You’re ready! Grab all the carrots before the dynamite goes off!,Je bent er klaar voor! Pak alle wortels voordat het dynamiet afgaat!,,new_since_2026-08-22,no,no,,,Rabbit Hole walkthrough step 5 of 5: normal gameplay has started; this message disappears after five seconds.,Add and review the translation for this language.
missing_translation,Localizable,tutorial.rabbitHole.step.5,es,Spanish,español,You’re ready! Grab all the carrots before the dynamite goes off!,Je bent er klaar voor! Pak alle wortels voordat het dynamiet afgaat!,,new_since_2026-08-22,no,no,,,Rabbit Hole walkthrough step 5 of 5: normal gameplay has started; this message disappears after five seconds.,Add and review the translation for this language.
missing_translation,Localizable,tutorial.rabbitHole.step.5,et,Estonian,eesti,You’re ready! Grab all the carrots before the dynamite goes off!,Je bent er klaar voor! Pak alle wortels voordat het dynamiet afgaat!,,new_since_2026-08-22,no,no,,,Rabbit Hole walkthrough step 5 of 5: normal gameplay has started; this message disappears after five seconds.,Add and review the translation for this language.
missing_translation,Localizable,tutorial.rabbitHole.step.5,eu,Basque,euskara,You’re ready! Grab all the carrots before the dynamite goes off!,Je bent er klaar voor! Pak alle wortels voordat het dynamiet afgaat!,,new_since_2026-08-22,no,no,,,Rabbit Hole walkthrough step 5 of 5: normal gameplay has started; this message disappears after five seconds.,Add and review the translation for this language.
missing_translation,Localizable,tutorial.rabbitHole.step.5,fa,Persian,فارسی,You’re ready! Grab all the carrots before the dynamite goes off!,Je bent er klaar voor! Pak alle wortels voordat het dynamiet afgaat!,,new_since_2026-08-22,no,no,,,Rabbit Hole walkthrough step 5 of 5: normal gameplay has started; this message disappears after five seconds.,Add and review the translation for this language.
missing_translation,Localizable,tutorial.rabbitHole.step.5,fi,Finnish,suomi,You’re ready! Grab all the carrots before the dynamite goes off!,Je bent er klaar voor! Pak alle wortels voordat het dynamiet afgaat!,,new_since_2026-08-22,no,no,,,Rabbit Hole walkthrough step 5 of 5: normal gameplay has started; this message disappears after five seconds.,Add and review the translation for this language.
missing_translation,Localizable,tutorial.rabbitHole.step.5,fo,Faroese,føroyskt,You’re ready! Grab all the carrots before the dynamite goes off!,Je bent er klaar voor! Pak alle wortels voordat het dynamiet afgaat!,,new_since_2026-08-22,no,no,,,Rabbit Hole walkthrough step 5 of 5: normal gameplay has started; this message disappears after five seconds.,Add and review the translation for this language.
missing_translation,Localizable,tutorial.rabbitHole.step.5,fr,French,français,You’re ready! Grab all the carrots before the dynamite goes off!,Je bent er klaar voor! Pak alle wortels voordat het dynamiet afgaat!,,new_since_2026-08-22,no,no,,,Rabbit Hole walkthrough step 5 of 5: normal gameplay has started; this message disappears after five seconds.,Add and review the translation for this language.
missing_translation,Localizable,tutorial.rabbitHole.step.5,ga,Irish,Gaeilge,You’re ready! Grab all the carrots before the dynamite goes off!,Je bent er klaar voor! Pak alle wortels voordat het dynamiet afgaat!,,new_since_2026-08-22,no,no,,,Rabbit Hole walkthrough step 5 of 5: normal gameplay has started; this message disappears after five seconds.,Add and review the translation for this language.
missing_translation,Localizable,tutorial.rabbitHole.step.5,gl,Galician,galego,You’re ready! Grab all the carrots before the dynamite goes off!,Je bent er klaar voor! Pak alle wortels voordat het dynamiet afgaat!,,new_since_2026-08-22,no,no,,,Rabbit Hole walkthrough step 5 of 5: normal gameplay has started; this message disappears after five seconds.,Add and review the translation for this language.
missing_translation,Localizable,tutorial.rabbitHole.step.5,gu,Gujarati,ગુજરાતી,You’re ready! Grab all the carrots before the dynamite goes off!,Je bent er klaar voor! Pak alle wortels voordat het dynamiet afgaat!,,new_since_2026-08-22,no,no,,,Rabbit Hole walkthrough step 5 of 5: normal gameplay has started; this message disappears after five seconds.,Add and review the translation for this language.
missing_translation,Localizable,tutorial.rabbitHole.step.5,he,Hebrew,עברית,You’re ready! Grab all the carrots before the dynamite goes off!,Je bent er klaar voor! Pak alle wortels voordat het dynamiet afgaat!,,new_since_2026-08-22,no,no,,,Rabbit Hole walkthrough step 5 of 5: normal gameplay has started; this message disappears after five seconds.,Add and review the translation for this language.
missing_translation,Localizable,tutorial.rabbitHole.step.5,hi,Hindi,हिन्दी,You’re ready! Grab all the carrots before the dynamite goes off!,Je bent er klaar voor! Pak alle wortels voordat het dynamiet afgaat!,,new_since_2026-08-22,no,no,,,Rabbit Hole walkthrough step 5 of 5: normal gameplay has started; this message disappears after five seconds.,Add and review the translation for this language.
missing_translation,Localizable,tutorial.rabbitHole.step.5,hr,Croatian,hrvatski,You’re ready! Grab all the carrots before the dynamite goes off!,Je bent er klaar voor! Pak alle wortels voordat het dynamiet afgaat!,,new_since_2026-08-22,no,no,,,Rabbit Hole walkthrough step 5 of 5: normal gameplay has started; this message disappears after five seconds.,Add and review the translation for this language.
missing_translation,Localizable,tutorial.rabbitHole.step.5,hu,Hungarian,magyar,You’re ready! Grab all the carrots before the dynamite goes off!,Je bent er klaar voor! Pak alle wortels voordat het dynamiet afgaat!,,new_since_2026-08-22,no,no,,,Rabbit Hole walkthrough step 5 of 5: normal gameplay has started; this message disappears after five seconds.,Add and review the translation for this language.
missing_translation,Localizable,tutorial.rabbitHole.step.5,hy,Armenian,հայերեն,You’re ready! Grab all the carrots before the dynamite goes off!,Je bent er klaar voor! Pak alle wortels voordat het dynamiet afgaat!,,new_since_2026-08-22,no,no,,,Rabbit Hole walkthrough step 5 of 5: normal gameplay has started; this message disappears after five seconds.,Add and review the translation for this language.
missing_translation,Localizable,tutorial.rabbitHole.step.5,id,Indonesian,Indonesia,You’re ready! Grab all the carrots before the dynamite goes off!,Je bent er klaar voor! Pak alle wortels voordat het dynamiet afgaat!,,new_since_2026-08-22,no,no,,,Rabbit Hole walkthrough step 5 of 5: normal gameplay has started; this message disappears after five seconds.,Add and review the translation for this language.
missing_translation,Localizable,tutorial.rabbitHole.step.5,is,Icelandic,íslenska,You’re ready! Grab all the carrots before the dynamite goes off!,Je bent er klaar voor! Pak alle wortels voordat het dynamiet afgaat!,,new_since_2026-08-22,no,no,,,Rabbit Hole walkthrough step 5 of 5: normal gameplay has started; this message disappears after five seconds.,Add and review the translation for this language.
missing_translation,Localizable,tutorial.rabbitHole.step.5,it,Italian,italiano,You’re ready! Grab all the carrots before the dynamite goes off!,Je bent er klaar voor! Pak alle wortels voordat het dynamiet afgaat!,,new_since_2026-08-22,no,no,,,Rabbit Hole walkthrough step 5 of 5: normal gameplay has started; this message disappears after five seconds.,Add and review the translation for this language.
missing_translation,Localizable,tutorial.rabbitHole.step.5,ja,Japanese,日本語,You’re ready! Grab all the carrots before the dynamite goes off!,Je bent er klaar voor! Pak alle wortels voordat het dynamiet afgaat!,,new_since_2026-08-22,no,no,,,Rabbit Hole walkthrough step 5 of 5: normal gameplay has started; this message disappears after five seconds.,Add and review the translation for this language.
missing_translation,Localizable,tutorial.rabbitHole.step.5,ka,Georgian,ქართული,You’re ready! Grab all the carrots before the dynamite goes off!,Je bent er klaar voor! Pak alle wortels voordat het dynamiet afgaat!,,new_since_2026-08-22,no,no,,,Rabbit Hole walkthrough step 5 of 5: normal gameplay has started; this message disappears after five seconds.,Add and review the translation for this language.
missing_translation,Localizable,tutorial.rabbitHole.step.5,kk,Kazakh,қазақ тілі,You’re ready! Grab all the carrots before the dynamite goes off!,Je bent er klaar voor! Pak alle wortels voordat het dynamiet afgaat!,,new_since_2026-08-22,no,no,,,Rabbit Hole walkthrough step 5 of 5: normal gameplay has started; this message disappears after five seconds.,Add and review the translation for this language.
missing_translation,Localizable,tutorial.rabbitHole.step.5,km,Khmer,ខ្មែរ,You’re ready! Grab all the carrots before the dynamite goes off!,Je bent er klaar voor! Pak alle wortels voordat het dynamiet afgaat!,,new_since_2026-08-22,no,no,,,Rabbit Hole walkthrough step 5 of 5: normal gameplay has started; this message disappears after five seconds.,Add and review the translation for this language.
missing_translation,Localizable,tutorial.rabbitHole.step.5,kn,Kannada,ಕನ್ನಡ,You’re ready! Grab all the carrots before the dynamite goes off!,Je bent er klaar voor! Pak alle wortels voordat het dynamiet afgaat!,,new_since_2026-08-22,no,no,,,Rabbit Hole walkthrough step 5 of 5: normal gameplay has started; this message disappears after five seconds.,Add and review the translation for this language.
missing_translation,Localizable,tutorial.rabbitHole.step.5,ko,Korean,한국어,You’re ready! Grab all the carrots before the dynamite goes off!,Je bent er klaar voor! Pak alle wortels voordat het dynamiet afgaat!,,new_since_2026-08-22,no,no,,,Rabbit Hole walkthrough step 5 of 5: normal gameplay has started; this message disappears after five seconds.,Add and review the translation for this language.
missing_translation,Localizable,tutorial.rabbitHole.step.5,lo,Lao,ລາວ,You’re ready! Grab all the carrots before the dynamite goes off!,Je bent er klaar voor! Pak alle wortels voordat het dynamiet afgaat!,,new_since_2026-08-22,no,no,,,Rabbit Hole walkthrough step 5 of 5: normal gameplay has started; this message disappears after five seconds.,Add and review the translation for this language.
missing_translation,Localizable,tutorial.rabbitHole.step.5,lt,Lithuanian,lietuvių,You’re ready! Grab all the carrots before the dynamite goes off!,Je bent er klaar voor! Pak alle wortels voordat het dynamiet afgaat!,,new_since_2026-08-22,no,no,,,Rabbit Hole walkthrough step 5 of 5: normal gameplay has started; this message disappears after five seconds.,Add and review the translation for this language.
missing_translation,Localizable,tutorial.rabbitHole.step.5,lv,Latvian,latviešu,You’re ready! Grab all the carrots before the dynamite goes off!,Je bent er klaar voor! Pak alle wortels voordat het dynamiet afgaat!,,new_since_2026-08-22,no,no,,,Rabbit Hole walkthrough step 5 of 5: normal gameplay has started; this message disappears after five seconds.,Add and review the translation for this language.
missing_translation,Localizable,tutorial.rabbitHole.step.5,mk,Macedonian,македонски,You’re ready! Grab all the carrots before the dynamite goes off!,Je bent er klaar voor! Pak alle wortels voordat het dynamiet afgaat!,,new_since_2026-08-22,no,no,,,Rabbit Hole walkthrough step 5 of 5: normal gameplay has started; this message disappears after five seconds.,Add and review the translation for this language.
missing_translation,Localizable,tutorial.rabbitHole.step.5,ml,Malayalam,മലയാളം,You’re ready! Grab all the carrots before the dynamite goes off!,Je bent er klaar voor! Pak alle wortels voordat het dynamiet afgaat!,,new_since_2026-08-22,no,no,,,Rabbit Hole walkthrough step 5 of 5: normal gameplay has started; this message disappears after five seconds.,Add and review the translation for this language.
missing_translation,Localizable,tutorial.rabbitHole.step.5,mn,Mongolian,монгол,You’re ready! Grab all the carrots before the dynamite goes off!,Je bent er klaar voor! Pak alle wortels voordat het dynamiet afgaat!,,new_since_2026-08-22,no,no,,,Rabbit Hole walkthrough step 5 of 5: normal gameplay has started; this message disappears after five seconds.,Add and review the translation for this language.
missing_translation,Localizable,tutorial.rabbitHole.step.5,mr,Marathi,मराठी,You’re ready! Grab all the carrots before the dynamite goes off!,Je bent er klaar voor! Pak alle wortels voordat het dynamiet afgaat!,,new_since_2026-08-22,no,no,,,Rabbit Hole walkthrough step 5 of 5: normal gameplay has started; this message disappears after five seconds.,Add and review the translation for this language.
missing_translation,Localizable,tutorial.rabbitHole.step.5,ms,Malay,Melayu,You’re ready! Grab all the carrots before the dynamite goes off!,Je bent er klaar voor! Pak alle wortels voordat het dynamiet afgaat!,,new_since_2026-08-22,no,no,,,Rabbit Hole walkthrough step 5 of 5: normal gameplay has started; this message disappears after five seconds.,Add and review the translation for this language.
missing_translation,Localizable,tutorial.rabbitHole.step.5,my,Burmese,မြန်မာ,You’re ready! Grab all the carrots before the dynamite goes off!,Je bent er klaar voor! Pak alle wortels voordat het dynamiet afgaat!,,new_since_2026-08-22,no,no,,,Rabbit Hole walkthrough step 5 of 5: normal gameplay has started; this message disappears after five seconds.,Add and review the translation for this language.
missing_translation,Localizable,tutorial.rabbitHole.step.5,nb,Norwegian Bokmål,norsk bokmål,You’re ready! Grab all the carrots before the dynamite goes off!,Je bent er klaar voor! Pak alle wortels voordat het dynamiet afgaat!,,new_since_2026-08-22,no,no,,,Rabbit Hole walkthrough step 5 of 5: normal gameplay has started; this message disappears after five seconds.,Add and review the translation for this language.
missing_translation,Localizable,tutorial.rabbitHole.step.5,ne,Nepali,नेपाली,You’re ready! Grab all the carrots before the dynamite goes off!,Je bent er klaar voor! Pak alle wortels voordat het dynamiet afgaat!,,new_since_2026-08-22,no,no,,,Rabbit Hole walkthrough step 5 of 5: normal gameplay has started; this message disappears after five seconds.,Add and review the translation for this language.
missing_translation,Localizable,tutorial.rabbitHole.step.5,or,Odia,ଓଡ଼ିଆ,You’re ready! Grab all the carrots before the dynamite goes off!,Je bent er klaar voor! Pak alle wortels voordat het dynamiet afgaat!,,new_since_2026-08-22,no,no,,,Rabbit Hole walkthrough step 5 of 5: normal gameplay has started; this message disappears after five seconds.,Add and review the translation for this language.
missing_translation,Localizable,tutorial.rabbitHole.step.5,pa,Punjabi,ਪੰਜਾਬੀ,You’re ready! Grab all the carrots before the dynamite goes off!,Je bent er klaar voor! Pak alle wortels voordat het dynamiet afgaat!,,new_since_2026-08-22,no,no,,,Rabbit Hole walkthrough step 5 of 5: normal gameplay has started; this message disappears after five seconds.,Add and review the translation for this language.
missing_translation,Localizable,tutorial.rabbitHole.step.5,pl,Polish,polski,You’re ready! Grab all the carrots before the dynamite goes off!,Je bent er klaar voor! Pak alle wortels voordat het dynamiet afgaat!,,new_since_2026-08-22,no,no,,,Rabbit Hole walkthrough step 5 of 5: normal gameplay has started; this message disappears after five seconds.,Add and review the translation for this language.
missing_translation,Localizable,tutorial.rabbitHole.step.5,pt,Portuguese,português,You’re ready! Grab all the carrots before the dynamite goes off!,Je bent er klaar voor! Pak alle wortels voordat het dynamiet afgaat!,,new_since_2026-08-22,no,no,,,Rabbit Hole walkthrough step 5 of 5: normal gameplay has started; this message disappears after five seconds.,Add and review the translation for this language.
missing_translation,Localizable,tutorial.rabbitHole.step.5,ro,Romanian,română,You’re ready! Grab all the carrots before the dynamite goes off!,Je bent er klaar voor! Pak alle wortels voordat het dynamiet afgaat!,,new_since_2026-08-22,no,no,,,Rabbit Hole walkthrough step 5 of 5: normal gameplay has started; this message disappears after five seconds.,Add and review the translation for this language.
missing_translation,Localizable,tutorial.rabbitHole.step.5,ru,Russian,русский,You’re ready! Grab all the carrots before the dynamite goes off!,Je bent er klaar voor! Pak alle wortels voordat het dynamiet afgaat!,,new_since_2026-08-22,no,no,,,Rabbit Hole walkthrough step 5 of 5: normal gameplay has started; this message disappears after five seconds.,Add and review the translation for this language.
missing_translation,Localizable,tutorial.rabbitHole.step.5,si,Sinhala,සිංහල,You’re ready! Grab all the carrots before the dynamite goes off!,Je bent er klaar voor! Pak alle wortels voordat het dynamiet afgaat!,,new_since_2026-08-22,no,no,,,Rabbit Hole walkthrough step 5 of 5: normal gameplay has started; this message disappears after five seconds.,Add and review the translation for this language.
missing_translation,Localizable,tutorial.rabbitHole.step.5,sk,Slovak,slovenčina,You’re ready! Grab all the carrots before the dynamite goes off!,Je bent er klaar voor! Pak alle wortels voordat het dynamiet afgaat!,,new_since_2026-08-22,no,no,,,Rabbit Hole walkthrough step 5 of 5: normal gameplay has started; this message disappears after five seconds.,Add and review the translation for this language.
missing_translation,Localizable,tutorial.rabbitHole.step.5,sl,Slovenian,slovenščina,You’re ready! Grab all the carrots before the dynamite goes off!,Je bent er klaar voor! Pak alle wortels voordat het dynamiet afgaat!,,new_since_2026-08-22,no,no,,,Rabbit Hole walkthrough step 5 of 5: normal gameplay has started; this message disappears after five seconds.,Add and review the translation for this language.
missing_translation,Localizable,tutorial.rabbitHole.step.5,sq,Albanian,shqip,You’re ready! Grab all the carrots before the dynamite goes off!,Je bent er klaar voor! Pak alle wortels voordat het dynamiet afgaat!,,new_since_2026-08-22,no,no,,,Rabbit Hole walkthrough step 5 of 5: normal gameplay has started; this message disappears after five seconds.,Add and review the translation for this language.
missing_translation,Localizable,tutorial.rabbitHole.step.5,sr,Serbian,српски,You’re ready! Grab all the carrots before the dynamite goes off!,Je bent er klaar voor! Pak alle wortels voordat het dynamiet afgaat!,,new_since_2026-08-22,no,no,,,Rabbit Hole walkthrough step 5 of 5: normal gameplay has started; this message disappears after five seconds.,Add and review the translation for this language.
missing_translation,Localizable,tutorial.rabbitHole.step.5,sv,Swedish,svenska,You’re ready! Grab all the carrots before the dynamite goes off!,Je bent er klaar voor! Pak alle wortels voordat het dynamiet afgaat!,,new_since_2026-08-22,no,no,,,Rabbit Hole walkthrough step 5 of 5: normal gameplay has started; this message disappears after five seconds.,Add and review the translation for this language.
missing_translation,Localizable,tutorial.rabbitHole.step.5,sw,Swahili,Kiswahili,You’re ready! Grab all the carrots before the dynamite goes off!,Je bent er klaar voor! Pak alle wortels voordat het dynamiet afgaat!,,new_since_2026-08-22,no,no,,,Rabbit Hole walkthrough step 5 of 5: normal gameplay has started; this message disappears after five seconds.,Add and review the translation for this language.
missing_translation,Localizable,tutorial.rabbitHole.step.5,ta,Tamil,தமிழ்,You’re ready! Grab all the carrots before the dynamite goes off!,Je bent er klaar voor! Pak alle wortels voordat het dynamiet afgaat!,,new_since_2026-08-22,no,no,,,Rabbit Hole walkthrough step 5 of 5: normal gameplay has started; this message disappears after five seconds.,Add and review the translation for this language.
missing_translation,Localizable,tutorial.rabbitHole.step.5,te,Telugu,తెలుగు,You’re ready! Grab all the carrots before the dynamite goes off!,Je bent er klaar voor! Pak alle wortels voordat het dynamiet afgaat!,,new_since_2026-08-22,no,no,,,Rabbit Hole walkthrough step 5 of 5: normal gameplay has started; this message disappears after five seconds.,Add and review the translation for this language.
missing_translation,Localizable,tutorial.rabbitHole.step.5,th,Thai,ไทย,You’re ready! Grab all the carrots before the dynamite goes off!,Je bent er klaar voor! Pak alle wortels voordat het dynamiet afgaat!,,new_since_2026-08-22,no,no,,,Rabbit Hole walkthrough step 5 of 5: normal gameplay has started; this message disappears after five seconds.,Add and review the translation for this language.
missing_translation,Localizable,tutorial.rabbitHole.step.5,tr,Turkish,Türkçe,You’re ready! Grab all the carrots before the dynamite goes off!,Je bent er klaar voor! Pak alle wortels voordat het dynamiet afgaat!,,new_since_2026-08-22,no,no,,,Rabbit Hole walkthrough step 5 of 5: normal gameplay has started; this message disappears after five seconds.,Add and review the translation for this language.
missing_translation,Localizable,tutorial.rabbitHole.step.5,ug,Uyghur,ئۇيغۇرچە,You’re ready! Grab all the carrots before the dynamite goes off!,Je bent er klaar voor! Pak alle wortels voordat het dynamiet afgaat!,,new_since_2026-08-22,no,no,,,Rabbit Hole walkthrough step 5 of 5: normal gameplay has started; this message disappears after five seconds.,Add and review the translation for this language.
missing_translation,Localizable,tutorial.rabbitHole.step.5,uk,Ukrainian,українська,You’re ready! Grab all the carrots before the dynamite goes off!,Je bent er klaar voor! Pak alle wortels voordat het dynamiet afgaat!,,new_since_2026-08-22,no,no,,,Rabbit Hole walkthrough step 5 of 5: normal gameplay has started; this message disappears after five seconds.,Add and review the translation for this language.
missing_translation,Localizable,tutorial.rabbitHole.step.5,ur,Urdu,اردو,You’re ready! Grab all the carrots before the dynamite goes off!,Je bent er klaar voor! Pak alle wortels voordat het dynamiet afgaat!,,new_since_2026-08-22,no,no,,,Rabbit Hole walkthrough step 5 of 5: normal gameplay has started; this message disappears after five seconds.,Add and review the translation for this language.
missing_translation,Localizable,tutorial.rabbitHole.step.5,uz,Uzbek,o‘zbek,You’re ready! Grab all the carrots before the dynamite goes off!,Je bent er klaar voor! Pak alle wortels voordat het dynamiet afgaat!,,new_since_2026-08-22,no,no,,,Rabbit Hole walkthrough step 5 of 5: normal gameplay has started; this message disappears after five seconds.,Add and review the translation for this language.
missing_translation,Localizable,tutorial.rabbitHole.step.5,vi,Vietnamese,Tiếng Việt,You’re ready! Grab all the carrots before the dynamite goes off!,Je bent er klaar voor! Pak alle wortels voordat het dynamiet afgaat!,,new_since_2026-08-22,no,no,,,Rabbit Hole walkthrough step 5 of 5: normal gameplay has started; this message disappears after five seconds.,Add and review the translation for this language.
missing_translation,Localizable,tutorial.rabbitHole.step.5,zh,Chinese,中文,You’re ready! Grab all the carrots before the dynamite goes off!,Je bent er klaar voor! Pak alle wortels voordat het dynamiet afgaat!,,new_since_2026-08-22,no,no,,,Rabbit Hole walkthrough step 5 of 5: normal gameplay has started; this message disappears after five seconds.,Add and review the translation for this language.
missing_translation,Localizable,tutorial.rabbitHole.step.5,zu,Zulu,isiZulu,You’re ready! Grab all the carrots before the dynamite goes off!,Je bent er klaar voor! Pak alle wortels voordat het dynamiet afgaat!,,new_since_2026-08-22,no,no,,,Rabbit Hole walkthrough step 5 of 5: normal gameplay has started; this message disappears after five seconds.,Add and review the translation for this language.
